path,label,y,fileno,group
/content/data/Preprocessed CT scans/pCT/pCT1179.jpg,pCT,1,1179,343
/content/data/Preprocessed CT scans/pCT/pCT2710.jpg,pCT,1,2710,28
/content/data/Preprocessed CT scans/pCT/pCT2436.jpg,pCT,1,2436,73
/content/data/Preprocessed CT scans/pCT/pCT748.jpg,pCT,1,748,360
/content/data/Preprocessed CT scans/pCT/pCT1362.jpg,pCT,1,1362,131
/content/data/Preprocessed CT scans/pCT/pCT3245.jpg,pCT,1,3245,70
/content/data/Preprocessed CT scans/pCT/pCT3249.jpg,pCT,1,3249,70
/content/data/Preprocessed CT scans/pCT/pCT2893.jpg,pCT,1,2893,181
/content/data/Preprocessed CT scans/pCT/pCT1798.jpg,pCT,1,1798,371
/content/data/Preprocessed CT scans/pCT/pCT3940.jpg,pCT,1,3940,397
/content/data/Preprocessed CT scans/pCT/pCT625.jpg,pCT,1,625,53
/content/data/Preprocessed CT scans/pCT/pCT1779.jpg,pCT,1,1779,296
/content/data/Preprocessed CT scans/pCT/pCT2427.jpg,pCT,1,2427,73
/content/data/Preprocessed CT scans/pCT/pCT3856.jpg,pCT,1,3856,115
/content/data/Preprocessed CT scans/pCT/pCT3404.jpg,pCT,1,3404,218
/content/data/Preprocessed CT scans/pCT/pCT2584.jpg,pCT,1,2584,346
/content/data/Preprocessed CT scans/pCT/pCT1398.jpg,pCT,1,1398,12
/content/data/Preprocessed CT scans/pCT/pCT1742.jpg,pCT,1,1742,252
/content/data/Preprocessed CT scans/pCT/pCT3899.jpg,pCT,1,3899,127
/content/data/Preprocessed CT scans/pCT/pCT3908.jpg,pCT,1,3908,127
/content/data/Preprocessed CT scans/pCT/pCT1207.jpg,pCT,1,1207,343
/content/data/Preprocessed CT scans/pCT/pCT1017.jpg,pCT,1,1017,147
/content/data/Preprocessed CT scans/pCT/pCT3281.jpg,pCT,1,3281,7
/content/data/Preprocessed CT scans/pCT/pCT1364.jpg,pCT,1,1364,113
/content/data/Preprocessed CT scans/pCT/pCT852.jpg,pCT,1,852,170
/content/data/Preprocessed CT scans/pCT/pCT556.jpg,pCT,1,556,46
/content/data/Preprocessed CT scans/pCT/pCT3192.jpg,pCT,1,3192,226
/content/data/Preprocessed CT scans/pCT/pCT1231.jpg,pCT,1,1231,165
/content/data/Preprocessed CT scans/pCT/pCT3574.jpg,pCT,1,3574,35
/content/data/Preprocessed CT scans/pCT/pCT3081.jpg,pCT,1,3081,391
/content/data/Preprocessed CT scans/pCT/pCT128.jpg,pCT,1,128,46
/content/data/Preprocessed CT scans/pCT/pCT2232.jpg,pCT,1,2232,157
/content/data/Preprocessed CT scans/pCT/pCT544.jpg,pCT,1,544,291
/content/data/Preprocessed CT scans/pCT/pCT3088.jpg,pCT,1,3088,59
/content/data/Preprocessed CT scans/pCT/pCT3941.jpg,pCT,1,3941,397
/content/data/Preprocessed CT scans/pCT/pCT3691.jpg,pCT,1,3691,309
/content/data/Preprocessed CT scans/pCT/pCT382.jpg,pCT,1,382,302
/content/data/Preprocessed CT scans/pCT/pCT1164.jpg,pCT,1,1164,219
/content/data/Preprocessed CT scans/pCT/pCT3660.jpg,pCT,1,3660,198
/content/data/Preprocessed CT scans/pCT/pCT3325.jpg,pCT,1,3325,44
/content/data/Preprocessed CT scans/pCT/pCT3384.jpg,pCT,1,3384,218
/content/data/Preprocessed CT scans/pCT/pCT3366.jpg,pCT,1,3366,71
/content/data/Preprocessed CT scans/pCT/pCT783.jpg,pCT,1,783,360
/content/data/Preprocessed CT scans/pCT/pCT2117.jpg,pCT,1,2117,128
/content/data/Preprocessed CT scans/pCT/pCT1719.jpg,pCT,1,1719,296
/content/data/Preprocessed CT scans/pCT/pCT2872.jpg,pCT,1,2872,283
/content/data/Preprocessed CT scans/pCT/pCT29.jpg,pCT,1,29,1
/content/data/Preprocessed CT scans/pCT/pCT3200.jpg,pCT,1,3200,366
/content/data/Preprocessed CT scans/pCT/pCT1283.jpg,pCT,1,1283,87
/content/data/Preprocessed CT scans/pCT/pCT2751.jpg,pCT,1,2751,387
/content/data/Preprocessed CT scans/pCT/pCT1275.jpg,pCT,1,1275,131
/content/data/Preprocessed CT scans/pCT/pCT1881.jpg,pCT,1,1881,270
/content/data/Preprocessed CT scans/pCT/pCT256.jpg,pCT,1,256,258
/content/data/Preprocessed CT scans/pCT/pCT1350.jpg,pCT,1,1350,113
/content/data/Preprocessed CT scans/pCT/pCT841.jpg,pCT,1,841,303
/content/data/Preprocessed CT scans/pCT/pCT2888.jpg,pCT,1,2888,181
/content/data/Preprocessed CT scans/pCT/pCT3336.jpg,pCT,1,3336,71
/content/data/Preprocessed CT scans/pCT/pCT3923.jpg,pCT,1,3923,243
/content/data/Preprocessed CT scans/pCT/pCT3999.jpg,pCT,1,3999,239
/content/data/Preprocessed CT scans/pCT/pCT2309.jpg,pCT,1,2309,380
/content/data/Preprocessed CT scans/pCT/pCT1199.jpg,pCT,1,1199,131
/content/data/Preprocessed CT scans/pCT/pCT3022.jpg,pCT,1,3022,159
/content/data/Preprocessed CT scans/pCT/pCT3270.jpg,pCT,1,3270,7
/content/data/Preprocessed CT scans/pCT/pCT1774.jpg,pCT,1,1774,359
/content/data/Preprocessed CT scans/pCT/pCT3224.jpg,pCT,1,3224,225
/content/data/Preprocessed CT scans/pCT/pCT1593.jpg,pCT,1,1593,35
/content/data/Preprocessed CT scans/pCT/pCT2233.jpg,pCT,1,2233,157
/content/data/Preprocessed CT scans/pCT/pCT441.jpg,pCT,1,441,1
/content/data/Preprocessed CT scans/pCT/pCT3801.jpg,pCT,1,3801,44
/content/data/Preprocessed CT scans/pCT/pCT195.jpg,pCT,1,195,287
/content/data/Preprocessed CT scans/pCT/pCT1360.jpg,pCT,1,1360,327
/content/data/Preprocessed CT scans/pCT/pCT3062.jpg,pCT,1,3062,159
/content/data/Preprocessed CT scans/pCT/pCT3070.jpg,pCT,1,3070,59
/content/data/Preprocessed CT scans/pCT/pCT3803.jpg,pCT,1,3803,44
/content/data/Preprocessed CT scans/pCT/pCT1857.jpg,pCT,1,1857,270
/content/data/Preprocessed CT scans/pCT/pCT1813.jpg,pCT,1,1813,252
/content/data/Preprocessed CT scans/pCT/pCT3006.jpg,pCT,1,3006,391
/content/data/Preprocessed CT scans/pCT/pCT402.jpg,pCT,1,402,46
/content/data/Preprocessed CT scans/pCT/pCT318.jpg,pCT,1,318,1
/content/data/Preprocessed CT scans/pCT/pCT1973.jpg,pCT,1,1973,183
/content/data/Preprocessed CT scans/pCT/pCT2113.jpg,pCT,1,2113,128
/content/data/Preprocessed CT scans/pCT/pCT3987.jpg,pCT,1,3987,222
/content/data/Preprocessed CT scans/pCT/pCT2142.jpg,pCT,1,2142,297
/content/data/Preprocessed CT scans/pCT/pCT2229.jpg,pCT,1,2229,157
/content/data/Preprocessed CT scans/pCT/pCT1975.jpg,pCT,1,1975,183
/content/data/Preprocessed CT scans/pCT/pCT1260.jpg,pCT,1,1260,55
/content/data/Preprocessed CT scans/pCT/pCT1805.jpg,pCT,1,1805,371
/content/data/Preprocessed CT scans/pCT/pCT864.jpg,pCT,1,864,117
/content/data/Preprocessed CT scans/pCT/pCT1195.jpg,pCT,1,1195,327
/content/data/Preprocessed CT scans/pCT/pCT219.jpg,pCT,1,219,46
/content/data/Preprocessed CT scans/pCT/pCT1474.jpg,pCT,1,1474,375
/content/data/Preprocessed CT scans/pCT/pCT2293.jpg,pCT,1,2293,266
/content/data/Preprocessed CT scans/pCT/pCT2664.jpg,pCT,1,2664,225
/content/data/Preprocessed CT scans/pCT/pCT428.jpg,pCT,1,428,161
/content/data/Preprocessed CT scans/pCT/pCT2934.jpg,pCT,1,2934,265
/content/data/Preprocessed CT scans/pCT/pCT2281.jpg,pCT,1,2281,266
/content/data/Preprocessed CT scans/pCT/pCT921.jpg,pCT,1,921,53
/content/data/Preprocessed CT scans/pCT/pCT1502.jpg,pCT,1,1502,35
/content/data/Preprocessed CT scans/pCT/pCT2457.jpg,pCT,1,2457,73
/content/data/Preprocessed CT scans/pCT/pCT2125.jpg,pCT,1,2125,297
/content/data/Preprocessed CT scans/pCT/pCT591.jpg,pCT,1,591,15
/content/data/Preprocessed CT scans/pCT/pCT2682.jpg,pCT,1,2682,255
/content/data/Preprocessed CT scans/pCT/pCT3580.jpg,pCT,1,3580,35
/content/data/Preprocessed CT scans/pCT/pCT3194.jpg,pCT,1,3194,11
/content/data/Preprocessed CT scans/pCT/pCT1339.jpg,pCT,1,1339,84
/content/data/Preprocessed CT scans/pCT/pCT872.jpg,pCT,1,872,337
/content/data/Preprocessed CT scans/pCT/pCT2362.jpg,pCT,1,2362,289
/content/data/Preprocessed CT scans/pCT/pCT1737.jpg,pCT,1,1737,359
/content/data/Preprocessed CT scans/pCT/pCT2779.jpg,pCT,1,2779,69
/content/data/Preprocessed CT scans/pCT/pCT204.jpg,pCT,1,204,287
/content/data/Preprocessed CT scans/pCT/pCT3418.jpg,pCT,1,3418,138
/content/data/Preprocessed CT scans/pCT/pCT3629.jpg,pCT,1,3629,198
/content/data/Preprocessed CT scans/pCT/pCT3398.jpg,pCT,1,3398,218
/content/data/Preprocessed CT scans/pCT/pCT3054.jpg,pCT,1,3054,159
/content/data/Preprocessed CT scans/pCT/pCT2120.jpg,pCT,1,2120,297
/content/data/Preprocessed CT scans/pCT/pCT1631.jpg,pCT,1,1631,359
/content/data/Preprocessed CT scans/pCT/pCT933.jpg,pCT,1,933,147
/content/data/Preprocessed CT scans/pCT/pCT850.jpg,pCT,1,850,117
/content/data/Preprocessed CT scans/pCT/pCT967.jpg,pCT,1,967,303
/content/data/Preprocessed CT scans/pCT/pCT2285.jpg,pCT,1,2285,266
/content/data/Preprocessed CT scans/pCT/pCT520.jpg,pCT,1,520,337
/content/data/Preprocessed CT scans/pCT/pCT2479.jpg,pCT,1,2479,169
/content/data/Preprocessed CT scans/pCT/pCT3760.jpg,pCT,1,3760,187
/content/data/Preprocessed CT scans/pCT/pCT903.jpg,pCT,1,903,66
/content/data/Preprocessed CT scans/pCT/pCT2737.jpg,pCT,1,2737,127
/content/data/Preprocessed CT scans/pCT/pCT718.jpg,pCT,1,718,15
/content/data/Preprocessed CT scans/pCT/pCT3621.jpg,pCT,1,3621,198
/content/data/Preprocessed CT scans/pCT/pCT2728.jpg,pCT,1,2728,387
/content/data/Preprocessed CT scans/pCT/pCT2358.jpg,pCT,1,2358,289
/content/data/Preprocessed CT scans/pCT/pCT37.jpg,pCT,1,37,183
/content/data/Preprocessed CT scans/pCT/pCT33.jpg,pCT,1,33,1
/content/data/Preprocessed CT scans/pCT/pCT2718.jpg,pCT,1,2718,19
/content/data/Preprocessed CT scans/pCT/pCT2791.jpg,pCT,1,2791,69
/content/data/Preprocessed CT scans/pCT/pCT1067.jpg,pCT,1,1067,343
/content/data/Preprocessed CT scans/pCT/pCT2547.jpg,pCT,1,2547,228
/content/data/Preprocessed CT scans/pCT/pCT3393.jpg,pCT,1,3393,218
/content/data/Preprocessed CT scans/pCT/pCT3638.jpg,pCT,1,3638,198
/content/data/Preprocessed CT scans/pCT/pCT2066.jpg,pCT,1,2066,245
/content/data/Preprocessed CT scans/pCT/pCT1437.jpg,pCT,1,1437,12
/content/data/Preprocessed CT scans/pCT/pCT2280.jpg,pCT,1,2280,266
/content/data/Preprocessed CT scans/pCT/pCT1159.jpg,pCT,1,1159,113
/content/data/Preprocessed CT scans/pCT/pCT996.jpg,pCT,1,996,219
/content/data/Preprocessed CT scans/pCT/pCT2798.jpg,pCT,1,2798,69
/content/data/Preprocessed CT scans/pCT/pCT3036.jpg,pCT,1,3036,391
/content/data/Preprocessed CT scans/pCT/pCT2732.jpg,pCT,1,2732,387
/content/data/Preprocessed CT scans/pCT/pCT3745.jpg,pCT,1,3745,187
/content/data/Preprocessed CT scans/pCT/pCT240.jpg,pCT,1,240,1
/content/data/Preprocessed CT scans/pCT/pCT1163.jpg,pCT,1,1163,77
/content/data/Preprocessed CT scans/pCT/pCT680.jpg,pCT,1,680,117
/content/data/Preprocessed CT scans/pCT/pCT170.jpg,pCT,1,170,258
/content/data/Preprocessed CT scans/pCT/pCT1303.jpg,pCT,1,1303,66
/content/data/Preprocessed CT scans/pCT/pCT1151.jpg,pCT,1,1151,343
/content/data/Preprocessed CT scans/pCT/pCT2786.jpg,pCT,1,2786,69
/content/data/Preprocessed CT scans/pCT/pCT3143.jpg,pCT,1,3143,262
/content/data/Preprocessed CT scans/pCT/pCT708.jpg,pCT,1,708,1
/content/data/Preprocessed CT scans/pCT/pCT2768.jpg,pCT,1,2768,342
/content/data/Preprocessed CT scans/pCT/pCT2252.jpg,pCT,1,2252,226
/content/data/Preprocessed CT scans/pCT/pCT79.jpg,pCT,1,79,46
/content/data/Preprocessed CT scans/pCT/pCT1918.jpg,pCT,1,1918,374
/content/data/Preprocessed CT scans/pCT/pCT736.jpg,pCT,1,736,1
/content/data/Preprocessed CT scans/pCT/pCT891.jpg,pCT,1,891,147
/content/data/Preprocessed CT scans/pCT/pCT2653.jpg,pCT,1,2653,166
/content/data/Preprocessed CT scans/pCT/pCT3411.jpg,pCT,1,3411,138
/content/data/Preprocessed CT scans/pCT/pCT3602.jpg,pCT,1,3602,139
/content/data/Preprocessed CT scans/pCT/pCT2313.jpg,pCT,1,2313,380
/content/data/Preprocessed CT scans/pCT/pCT3242.jpg,pCT,1,3242,149
/content/data/Preprocessed CT scans/pCT/pCT668.jpg,pCT,1,668,46
/content/data/Preprocessed CT scans/pCT/pCT3018.jpg,pCT,1,3018,159
/content/data/Preprocessed CT scans/pCT/pCT3125.jpg,pCT,1,3125,391
/content/data/Preprocessed CT scans/pCT/pCT508.jpg,pCT,1,508,34
/content/data/Preprocessed CT scans/pCT/pCT1945.jpg,pCT,1,1945,374
/content/data/Preprocessed CT scans/pCT/pCT1927.jpg,pCT,1,1927,374
/content/data/Preprocessed CT scans/pCT/pCT3217.jpg,pCT,1,3217,366
/content/data/Preprocessed CT scans/pCT/pCT2776.jpg,pCT,1,2776,342
/content/data/Preprocessed CT scans/pCT/pCT1085.jpg,pCT,1,1085,66
/content/data/Preprocessed CT scans/pCT/pCT2128.jpg,pCT,1,2128,297
/content/data/Preprocessed CT scans/pCT/pCT2036.jpg,pCT,1,2036,302
/content/data/Preprocessed CT scans/pCT/pCT331.jpg,pCT,1,331,1
/content/data/Preprocessed CT scans/pCT/pCT1328.jpg,pCT,1,1328,219
/content/data/Preprocessed CT scans/pCT/pCT1259.jpg,pCT,1,1259,131
/content/data/Preprocessed CT scans/pCT/pCT3021.jpg,pCT,1,3021,242
/content/data/Preprocessed CT scans/pCT/pCT2244.jpg,pCT,1,2244,157
/content/data/Preprocessed CT scans/pCT/pCT920.jpg,pCT,1,920,117
/content/data/Preprocessed CT scans/pCT/pCT934.jpg,pCT,1,934,117
/content/data/Preprocessed CT scans/pCT/pCT3844.jpg,pCT,1,3844,140
/content/data/Preprocessed CT scans/pCT/pCT2425.jpg,pCT,1,2425,73
/content/data/Preprocessed CT scans/pCT/pCT2099.jpg,pCT,1,2099,128
/content/data/Preprocessed CT scans/pCT/pCT378.jpg,pCT,1,378,184
/content/data/Preprocessed CT scans/pCT/pCT3847.jpg,pCT,1,3847,140
/content/data/Preprocessed CT scans/pCT/pCT2906.jpg,pCT,1,2906,181
/content/data/Preprocessed CT scans/pCT/pCT3578.jpg,pCT,1,3578,35
/content/data/Preprocessed CT scans/pCT/pCT20.jpg,pCT,1,20,1
/content/data/Preprocessed CT scans/pCT/pCT2104.jpg,pCT,1,2104,128
/content/data/Preprocessed CT scans/pCT/pCT978.jpg,pCT,1,978,170
/content/data/Preprocessed CT scans/pCT/pCT387.jpg,pCT,1,387,161
/content/data/Preprocessed CT scans/pCT/pCT3025.jpg,pCT,1,3025,391
/content/data/Preprocessed CT scans/pCT/pCT3204.jpg,pCT,1,3204,366
/content/data/Preprocessed CT scans/pCT/pCT604.jpg,pCT,1,604,131
/content/data/Preprocessed CT scans/pCT/pCT38.jpg,pCT,1,38,183
/content/data/Preprocessed CT scans/pCT/pCT71.jpg,pCT,1,71,46
/content/data/Preprocessed CT scans/pCT/pCT750.jpg,pCT,1,750,1
/content/data/Preprocessed CT scans/pCT/pCT2803.jpg,pCT,1,2803,69
/content/data/Preprocessed CT scans/pCT/pCT197.jpg,pCT,1,197,278
/content/data/Preprocessed CT scans/pCT/pCT2470.jpg,pCT,1,2470,225
/content/data/Preprocessed CT scans/pCT/pCT1525.jpg,pCT,1,1525,12
/content/data/Preprocessed CT scans/pCT/pCT171.jpg,pCT,1,171,278
/content/data/Preprocessed CT scans/pCT/pCT19.jpg,pCT,1,19,1
/content/data/Preprocessed CT scans/pCT/pCT335.jpg,pCT,1,335,161
/content/data/Preprocessed CT scans/pCT/pCT1345.jpg,pCT,1,1345,66
/content/data/Preprocessed CT scans/pCT/pCT3663.jpg,pCT,1,3663,198
/content/data/Preprocessed CT scans/pCT/pCT3085.jpg,pCT,1,3085,59
/content/data/Preprocessed CT scans/pCT/pCT2302.jpg,pCT,1,2302,266
/content/data/Preprocessed CT scans/pCT/pCT1517.jpg,pCT,1,1517,131
/content/data/Preprocessed CT scans/pCT/pCT3541.jpg,pCT,1,3541,76
/content/data/Preprocessed CT scans/pCT/pCT2277.jpg,pCT,1,2277,266
/content/data/Preprocessed CT scans/pCT/pCT2249.jpg,pCT,1,2249,157
/content/data/Preprocessed CT scans/pCT/pCT168.jpg,pCT,1,168,46
/content/data/Preprocessed CT scans/pCT/pCT2643.jpg,pCT,1,2643,166
/content/data/Preprocessed CT scans/pCT/pCT1253.jpg,pCT,1,1253,35
/content/data/Preprocessed CT scans/pCT/pCT3823.jpg,pCT,1,3823,198
/content/data/Preprocessed CT scans/pCT/pCT3016.jpg,pCT,1,3016,391
/content/data/Preprocessed CT scans/pCT/pCT1781.jpg,pCT,1,1781,359
/content/data/Preprocessed CT scans/pCT/pCT346.jpg,pCT,1,346,147
/content/data/Preprocessed CT scans/pCT/pCT21.jpg,pCT,1,21,1
/content/data/Preprocessed CT scans/pCT/pCT511.jpg,pCT,1,511,1
/content/data/Preprocessed CT scans/pCT/pCT3997.jpg,pCT,1,3997,239
/content/data/Preprocessed CT scans/pCT/pCT2069.jpg,pCT,1,2069,245
/content/data/Preprocessed CT scans/pCT/pCT3669.jpg,pCT,1,3669,73
/content/data/Preprocessed CT scans/pCT/pCT2774.jpg,pCT,1,2774,342
/content/data/Preprocessed CT scans/pCT/pCT1172.jpg,pCT,1,1172,117
/content/data/Preprocessed CT scans/pCT/pCT517.jpg,pCT,1,517,184
/content/data/Preprocessed CT scans/pCT/pCT2898.jpg,pCT,1,2898,181
/content/data/Preprocessed CT scans/pCT/pCT925.jpg,pCT,1,925,303
/content/data/Preprocessed CT scans/pCT/pCT1483.jpg,pCT,1,1483,113
/content/data/Preprocessed CT scans/pCT/pCT131.jpg,pCT,1,131,278
/content/data/Preprocessed CT scans/pCT/pCT1595.jpg,pCT,1,1595,302
/content/data/Preprocessed CT scans/pCT/pCT3061.jpg,pCT,1,3061,391
/content/data/Preprocessed CT scans/pCT/pCT163.jpg,pCT,1,163,202
/content/data/Preprocessed CT scans/pCT/pCT3218.jpg,pCT,1,3218,366
/content/data/Preprocessed CT scans/pCT/pCT3858.jpg,pCT,1,3858,115
/content/data/Preprocessed CT scans/pCT/pCT2057.jpg,pCT,1,2057,245
/content/data/Preprocessed CT scans/pCT/pCT513.jpg,pCT,1,513,1
/content/data/Preprocessed CT scans/pCT/pCT323.jpg,pCT,1,323,197
/content/data/Preprocessed CT scans/pCT/pCT3969.jpg,pCT,1,3969,397
/content/data/Preprocessed CT scans/pCT/pCT2560.jpg,pCT,1,2560,228
/content/data/Preprocessed CT scans/pCT/pCT1802.jpg,pCT,1,1802,359
/content/data/Preprocessed CT scans/pCT/pCT2062.jpg,pCT,1,2062,245
/content/data/Preprocessed CT scans/pCT/pCT3814.jpg,pCT,1,3814,387
/content/data/Preprocessed CT scans/pCT/pCT3667.jpg,pCT,1,3667,73
/content/data/Preprocessed CT scans/pCT/pCT2802.jpg,pCT,1,2802,69
/content/data/Preprocessed CT scans/pCT/pCT2679.jpg,pCT,1,2679,255
/content/data/Preprocessed CT scans/pCT/pCT1983.jpg,pCT,1,1983,183
/content/data/Preprocessed CT scans/pCT/pCT1926.jpg,pCT,1,1926,270
/content/data/Preprocessed CT scans/pCT/pCT1220.jpg,pCT,1,1220,219
/content/data/Preprocessed CT scans/pCT/pCT1073.jpg,pCT,1,1073,147
/content/data/Preprocessed CT scans/pCT/pCT2463.jpg,pCT,1,2463,225
/content/data/Preprocessed CT scans/pCT/pCT651.jpg,pCT,1,651,1
/content/data/Preprocessed CT scans/pCT/pCT3719.jpg,pCT,1,3719,370
/content/data/Preprocessed CT scans/pCT/pCT1615.jpg,pCT,1,1615,35
/content/data/Preprocessed CT scans/pCT/pCT579.jpg,pCT,1,579,194
/content/data/Preprocessed CT scans/pCT/pCT2026.jpg,pCT,1,2026,302
/content/data/Preprocessed CT scans/pCT/pCT3237.jpg,pCT,1,3237,149
/content/data/Preprocessed CT scans/pCT/pCT694.jpg,pCT,1,694,117
/content/data/Preprocessed CT scans/pCT/pCT285.jpg,pCT,1,285,46
/content/data/Preprocessed CT scans/pCT/pCT290.jpg,pCT,1,290,278
/content/data/Preprocessed CT scans/pCT/pCT516.jpg,pCT,1,516,291
/content/data/Preprocessed CT scans/pCT/pCT2897.jpg,pCT,1,2897,181
/content/data/Preprocessed CT scans/pCT/pCT1349.jpg,pCT,1,1349,55
/content/data/Preprocessed CT scans/pCT/pCT733.jpg,pCT,1,733,291
/content/data/Preprocessed CT scans/pCT/pCT2132.jpg,pCT,1,2132,297
/content/data/Preprocessed CT scans/pCT/pCT1909.jpg,pCT,1,1909,252
/content/data/Preprocessed CT scans/pCT/pCT2469.jpg,pCT,1,2469,225
/content/data/Preprocessed CT scans/pCT/pCT3129.jpg,pCT,1,3129,391
/content/data/Preprocessed CT scans/pCT/pCT1981.jpg,pCT,1,1981,183
/content/data/Preprocessed CT scans/pCT/pCT1777.jpg,pCT,1,1777,371
/content/data/Preprocessed CT scans/pCT/pCT2166.jpg,pCT,1,2166,115
/content/data/Preprocessed CT scans/pCT/pCT2426.jpg,pCT,1,2426,73
/content/data/Preprocessed CT scans/pCT/pCT3372.jpg,pCT,1,3372,71
/content/data/Preprocessed CT scans/pCT/pCT1669.jpg,pCT,1,1669,359
/content/data/Preprocessed CT scans/pCT/pCT3797.jpg,pCT,1,3797,44
/content/data/Preprocessed CT scans/pCT/pCT1966.jpg,pCT,1,1966,183
/content/data/Preprocessed CT scans/pCT/pCT3136.jpg,pCT,1,3136,262
/content/data/Preprocessed CT scans/pCT/pCT1324.jpg,pCT,1,1324,131
/content/data/Preprocessed CT scans/pCT/pCT15.jpg,pCT,1,15,1
/content/data/Preprocessed CT scans/pCT/pCT3723.jpg,pCT,1,3723,370
/content/data/Preprocessed CT scans/pCT/pCT3842.jpg,pCT,1,3842,140
/content/data/Preprocessed CT scans/pCT/pCT1933.jpg,pCT,1,1933,374
/content/data/Preprocessed CT scans/pCT/pCT3244.jpg,pCT,1,3244,149
/content/data/Preprocessed CT scans/pCT/pCT1769.jpg,pCT,1,1769,196
/content/data/Preprocessed CT scans/pCT/pCT1197.jpg,pCT,1,1197,66
/content/data/Preprocessed CT scans/pCT/pCT2747.jpg,pCT,1,2747,387
/content/data/Preprocessed CT scans/pCT/pCT3819.jpg,pCT,1,3819,387
/content/data/Preprocessed CT scans/pCT/pCT253.jpg,pCT,1,253,1
/content/data/Preprocessed CT scans/pCT/pCT3806.jpg,pCT,1,3806,44
/content/data/Preprocessed CT scans/pCT/pCT481.jpg,pCT,1,481,194
/content/data/Preprocessed CT scans/pCT/pCT1463.jpg,pCT,1,1463,12
/content/data/Preprocessed CT scans/pCT/pCT2196.jpg,pCT,1,2196,28
/content/data/Preprocessed CT scans/pCT/pCT1930.jpg,pCT,1,1930,396
/content/data/Preprocessed CT scans/pCT/pCT1964.jpg,pCT,1,1964,183
/content/data/Preprocessed CT scans/pCT/pCT11.jpg,pCT,1,11,341
/content/data/Preprocessed CT scans/pCT/pCT2724.jpg,pCT,1,2724,292
/content/data/Preprocessed CT scans/pCT/pCT2269.jpg,pCT,1,2269,226
/content/data/Preprocessed CT scans/pCT/pCT710.jpg,pCT,1,710,53
/content/data/Preprocessed CT scans/pCT/pCT792.jpg,pCT,1,792,147
/content/data/Preprocessed CT scans/pCT/pCT1401.jpg,pCT,1,1401,302
/content/data/Preprocessed CT scans/pCT/pCT3849.jpg,pCT,1,3849,140
/content/data/Preprocessed CT scans/pCT/pCT3066.jpg,pCT,1,3066,391
/content/data/Preprocessed CT scans/pCT/pCT2892.jpg,pCT,1,2892,181
/content/data/Preprocessed CT scans/pCT/pCT1708.jpg,pCT,1,1708,371
/content/data/Preprocessed CT scans/pCT/pCT3391.jpg,pCT,1,3391,218
/content/data/Preprocessed CT scans/pCT/pCT1573.jpg,pCT,1,1573,302
/content/data/Preprocessed CT scans/pCT/pCT2406.jpg,pCT,1,2406,44
/content/data/Preprocessed CT scans/pCT/pCT1567.jpg,pCT,1,1567,84
/content/data/Preprocessed CT scans/pCT/pCT620.jpg,pCT,1,620,291
/content/data/Preprocessed CT scans/pCT/pCT2644.jpg,pCT,1,2644,166
/content/data/Preprocessed CT scans/pCT/pCT2424.jpg,pCT,1,2424,73
/content/data/Preprocessed CT scans/pCT/pCT1045.jpg,pCT,1,1045,147
/content/data/Preprocessed CT scans/pCT/pCT1217.jpg,pCT,1,1217,291
/content/data/Preprocessed CT scans/pCT/pCT989.jpg,pCT,1,989,147
/content/data/Preprocessed CT scans/pCT/pCT3965.jpg,pCT,1,3965,397
/content/data/Preprocessed CT scans/pCT/pCT3630.jpg,pCT,1,3630,198
/content/data/Preprocessed CT scans/pCT/pCT3341.jpg,pCT,1,3341,71
/content/data/Preprocessed CT scans/pCT/pCT3050.jpg,pCT,1,3050,159
/content/data/Preprocessed CT scans/pCT/pCT3617.jpg,pCT,1,3617,198
/content/data/Preprocessed CT scans/pCT/pCT1543.jpg,pCT,1,1543,89
/content/data/Preprocessed CT scans/pCT/pCT2024.jpg,pCT,1,2024,302
/content/data/Preprocessed CT scans/pCT/pCT3169.jpg,pCT,1,3169,226
/content/data/Preprocessed CT scans/pCT/pCT3193.jpg,pCT,1,3193,11
/content/data/Preprocessed CT scans/pCT/pCT489.jpg,pCT,1,489,184
/content/data/Preprocessed CT scans/pCT/pCT2589.jpg,pCT,1,2589,346
/content/data/Preprocessed CT scans/pCT/pCT2413.jpg,pCT,1,2413,44
/content/data/Preprocessed CT scans/pCT/pCT2267.jpg,pCT,1,2267,226
/content/data/Preprocessed CT scans/pCT/pCT228.jpg,pCT,1,228,46
/content/data/Preprocessed CT scans/pCT/pCT2355.jpg,pCT,1,2355,327
/content/data/Preprocessed CT scans/pCT/pCT771.jpg,pCT,1,771,194
/content/data/Preprocessed CT scans/pCT/pCT1940.jpg,pCT,1,1940,396
/content/data/Preprocessed CT scans/pCT/pCT2422.jpg,pCT,1,2422,73
/content/data/Preprocessed CT scans/pCT/pCT2491.jpg,pCT,1,2491,169
/content/data/Preprocessed CT scans/pCT/pCT2639.jpg,pCT,1,2639,166
/content/data/Preprocessed CT scans/pCT/pCT935.jpg,pCT,1,935,53
/content/data/Preprocessed CT scans/pCT/pCT1720.jpg,pCT,1,1720,97
/content/data/Preprocessed CT scans/pCT/pCT2904.jpg,pCT,1,2904,181
/content/data/Preprocessed CT scans/pCT/pCT1794.jpg,pCT,1,1794,97
/content/data/Preprocessed CT scans/pCT/pCT3248.jpg,pCT,1,3248,70
/content/data/Preprocessed CT scans/pCT/pCT3365.jpg,pCT,1,3365,71
/content/data/Preprocessed CT scans/pCT/pCT3693.jpg,pCT,1,3693,309
/content/data/Preprocessed CT scans/pCT/pCT2874.jpg,pCT,1,2874,283
/content/data/Preprocessed CT scans/pCT/pCT1717.jpg,pCT,1,1717,12
/content/data/Preprocessed CT scans/pCT/pCT835.jpg,pCT,1,835,147
/content/data/Preprocessed CT scans/pCT/pCT2950.jpg,pCT,1,2950,379
/content/data/Preprocessed CT scans/pCT/pCT2185.jpg,pCT,1,2185,239
/content/data/Preprocessed CT scans/pCT/pCT3865.jpg,pCT,1,3865,115
/content/data/Preprocessed CT scans/pCT/pCT1274.jpg,pCT,1,1274,12
/content/data/Preprocessed CT scans/pCT/pCT1379.jpg,pCT,1,1379,89
/content/data/Preprocessed CT scans/pCT/pCT1223.jpg,pCT,1,1223,327
/content/data/Preprocessed CT scans/pCT/pCT1948.jpg,pCT,1,1948,396
/content/data/Preprocessed CT scans/pCT/pCT689.jpg,pCT,1,689,15
/content/data/Preprocessed CT scans/pCT/pCT2756.jpg,pCT,1,2756,387
/content/data/Preprocessed CT scans/pCT/pCT746.jpg,pCT,1,746,15
/content/data/Preprocessed CT scans/pCT/pCT983.jpg,pCT,1,983,343
/content/data/Preprocessed CT scans/pCT/pCT2676.jpg,pCT,1,2676,390
/content/data/Preprocessed CT scans/pCT/pCT3142.jpg,pCT,1,3142,262
/content/data/Preprocessed CT scans/pCT/pCT3352.jpg,pCT,1,3352,71
/content/data/Preprocessed CT scans/pCT/pCT1931.jpg,pCT,1,1931,374
/content/data/Preprocessed CT scans/pCT/pCT3312.jpg,pCT,1,3312,44
/content/data/Preprocessed CT scans/pCT/pCT3682.jpg,pCT,1,3682,309
/content/data/Preprocessed CT scans/pCT/pCT3744.jpg,pCT,1,3744,187
/content/data/Preprocessed CT scans/pCT/pCT423.jpg,pCT,1,423,15
/content/data/Preprocessed CT scans/pCT/pCT1970.jpg,pCT,1,1970,183
/content/data/Preprocessed CT scans/pCT/pCT1819.jpg,pCT,1,1819,270
/content/data/Preprocessed CT scans/pCT/pCT2297.jpg,pCT,1,2297,266
/content/data/Preprocessed CT scans/pCT/pCT551.jpg,pCT,1,551,194
/content/data/Preprocessed CT scans/pCT/pCT2077.jpg,pCT,1,2077,245
/content/data/Preprocessed CT scans/pCT/pCT2053.jpg,pCT,1,2053,245
/content/data/Preprocessed CT scans/pCT/pCT2405.jpg,pCT,1,2405,44
/content/data/Preprocessed CT scans/pCT/pCT2305.jpg,pCT,1,2305,380
/content/data/Preprocessed CT scans/pCT/pCT1740.jpg,pCT,1,1740,371
/content/data/Preprocessed CT scans/pCT/pCT3364.jpg,pCT,1,3364,71
/content/data/Preprocessed CT scans/pCT/pCT410.jpg,pCT,1,410,194
/content/data/Preprocessed CT scans/pCT/pCT480.jpg,pCT,1,480,1
/content/data/Preprocessed CT scans/pCT/pCT846.jpg,pCT,1,846,131
/content/data/Preprocessed CT scans/pCT/pCT3605.jpg,pCT,1,3605,139
/content/data/Preprocessed CT scans/pCT/pCT1885.jpg,pCT,1,1885,252
/content/data/Preprocessed CT scans/pCT/pCT1864.jpg,pCT,1,1864,252
/content/data/Preprocessed CT scans/pCT/pCT3809.jpg,pCT,1,3809,44
/content/data/Preprocessed CT scans/pCT/pCT3911.jpg,pCT,1,3911,127
/content/data/Preprocessed CT scans/pCT/pCT3861.jpg,pCT,1,3861,115
/content/data/Preprocessed CT scans/pCT/pCT3929.jpg,pCT,1,3929,397
/content/data/Preprocessed CT scans/pCT/pCT408.jpg,pCT,1,408,15
/content/data/Preprocessed CT scans/pCT/pCT610.jpg,pCT,1,610,117
/content/data/Preprocessed CT scans/pCT/pCT647.jpg,pCT,1,647,15
/content/data/Preprocessed CT scans/pCT/pCT2796.jpg,pCT,1,2796,69
/content/data/Preprocessed CT scans/pCT/pCT568.jpg,pCT,1,568,117
/content/data/Preprocessed CT scans/pCT/pCT998.jpg,pCT,1,998,337
/content/data/Preprocessed CT scans/pCT/pCT3738.jpg,pCT,1,3738,382
/content/data/Preprocessed CT scans/pCT/pCT1209.jpg,pCT,1,1209,327
/content/data/Preprocessed CT scans/pCT/pCT1814.jpg,pCT,1,1814,296
/content/data/Preprocessed CT scans/pCT/pCT3967.jpg,pCT,1,3967,397
/content/data/Preprocessed CT scans/pCT/pCT1196.jpg,pCT,1,1196,360
/content/data/Preprocessed CT scans/pCT/pCT1408.jpg,pCT,1,1408,84
/content/data/Preprocessed CT scans/pCT/pCT3972.jpg,pCT,1,3972,397
/content/data/Preprocessed CT scans/pCT/pCT2264.jpg,pCT,1,2264,226
/content/data/Preprocessed CT scans/pCT/pCT837.jpg,pCT,1,837,53
/content/data/Preprocessed CT scans/pCT/pCT1678.jpg,pCT,1,1678,359
/content/data/Preprocessed CT scans/pCT/pCT3620.jpg,pCT,1,3620,198
/content/data/Preprocessed CT scans/pCT/pCT3750.jpg,pCT,1,3750,187
/content/data/Preprocessed CT scans/pCT/pCT2660.jpg,pCT,1,2660,225
/content/data/Preprocessed CT scans/pCT/pCT1560.jpg,pCT,1,1560,35
/content/data/Preprocessed CT scans/pCT/pCT1393.jpg,pCT,1,1393,89
/content/data/Preprocessed CT scans/pCT/pCT1250.jpg,pCT,1,1250,375
/content/data/Preprocessed CT scans/pCT/pCT1736.jpg,pCT,1,1736,97
/content/data/Preprocessed CT scans/pCT/pCT2535.jpg,pCT,1,2535,228
/content/data/Preprocessed CT scans/pCT/pCT3317.jpg,pCT,1,3317,44
/content/data/Preprocessed CT scans/pCT/pCT1441.jpg,pCT,1,1441,360
/content/data/Preprocessed CT scans/pCT/pCT3618.jpg,pCT,1,3618,198
/content/data/Preprocessed CT scans/pCT/pCT3996.jpg,pCT,1,3996,239
/content/data/Preprocessed CT scans/pCT/pCT2416.jpg,pCT,1,2416,44
/content/data/Preprocessed CT scans/pCT/pCT334.jpg,pCT,1,334,258
/content/data/Preprocessed CT scans/pCT/pCT3141.jpg,pCT,1,3141,262
/content/data/Preprocessed CT scans/pCT/pCT814.jpg,pCT,1,814,303
/content/data/Preprocessed CT scans/pCT/pCT2804.jpg,pCT,1,2804,69
/content/data/Preprocessed CT scans/pCT/pCT3514.jpg,pCT,1,3514,76
/content/data/Preprocessed CT scans/pCT/pCT2459.jpg,pCT,1,2459,73
/content/data/Preprocessed CT scans/pCT/pCT3165.jpg,pCT,1,3165,226
/content/data/Preprocessed CT scans/pCT/pCT1852.jpg,pCT,1,1852,252
/content/data/Preprocessed CT scans/pCT/pCT213.jpg,pCT,1,213,287
/content/data/Preprocessed CT scans/pCT/pCT2073.jpg,pCT,1,2073,245
/content/data/Preprocessed CT scans/pCT/pCT793.jpg,pCT,1,793,117
/content/data/Preprocessed CT scans/pCT/pCT3163.jpg,pCT,1,3163,226
/content/data/Preprocessed CT scans/pCT/pCT3378.jpg,pCT,1,3378,218
/content/data/Preprocessed CT scans/pCT/pCT3894.jpg,pCT,1,3894,348
/content/data/Preprocessed CT scans/pCT/pCT3172.jpg,pCT,1,3172,226
/content/data/Preprocessed CT scans/pCT/pCT1108.jpg,pCT,1,1108,219
/content/data/Preprocessed CT scans/pCT/pCT3845.jpg,pCT,1,3845,140
/content/data/Preprocessed CT scans/pCT/pCT1060.jpg,pCT,1,1060,117
/content/data/Preprocessed CT scans/pCT/pCT3952.jpg,pCT,1,3952,94
/content/data/Preprocessed CT scans/pCT/pCT1018.jpg,pCT,1,1018,117
/content/data/Preprocessed CT scans/pCT/pCT2735.jpg,pCT,1,2735,387
/content/data/Preprocessed CT scans/pCT/pCT866.jpg,pCT,1,866,170
/content/data/Preprocessed CT scans/pCT/pCT1920.jpg,pCT,1,1920,270
/content/data/Preprocessed CT scans/pCT/pCT3958.jpg,pCT,1,3958,94
/content/data/Preprocessed CT scans/pCT/pCT823.jpg,pCT,1,823,53
/content/data/Preprocessed CT scans/pCT/pCT1235.jpg,pCT,1,1235,35
/content/data/Preprocessed CT scans/pCT/pCT1870.jpg,pCT,1,1870,97
/content/data/Preprocessed CT scans/pCT/pCT643.jpg,pCT,1,643,184
/content/data/Preprocessed CT scans/pCT/pCT1766.jpg,pCT,1,1766,97
/content/data/Preprocessed CT scans/pCT/pCT2488.jpg,pCT,1,2488,169
/content/data/Preprocessed CT scans/pCT/pCT1128.jpg,pCT,1,1128,12
/content/data/Preprocessed CT scans/pCT/pCT147.jpg,pCT,1,147,46
/content/data/Preprocessed CT scans/pCT/pCT3836.jpg,pCT,1,3836,140
/content/data/Preprocessed CT scans/pCT/pCT36.jpg,pCT,1,36,183
/content/data/Preprocessed CT scans/pCT/pCT3265.jpg,pCT,1,3265,390
/content/data/Preprocessed CT scans/pCT/pCT409.jpg,pCT,1,409,1
/content/data/Preprocessed CT scans/pCT/pCT1887.jpg,pCT,1,1887,270
/content/data/Preprocessed CT scans/pCT/pCT233.jpg,pCT,1,233,46
/content/data/Preprocessed CT scans/pCT/pCT2096.jpg,pCT,1,2096,128
/content/data/Preprocessed CT scans/pCT/pCT186.jpg,pCT,1,186,287
/content/data/Preprocessed CT scans/pCT/pCT2027.jpg,pCT,1,2027,302
/content/data/Preprocessed CT scans/pCT/pCT3632.jpg,pCT,1,3632,198
/content/data/Preprocessed CT scans/pCT/pCT3835.jpg,pCT,1,3835,140
/content/data/Preprocessed CT scans/pCT/pCT1399.jpg,pCT,1,1399,343
/content/data/Preprocessed CT scans/pCT/pCT1984.jpg,pCT,1,1984,183
/content/data/Preprocessed CT scans/pCT/pCT385.jpg,pCT,1,385,147
/content/data/Preprocessed CT scans/pCT/pCT2247.jpg,pCT,1,2247,157
/content/data/Preprocessed CT scans/pCT/pCT1690.jpg,pCT,1,1690,371
/content/data/Preprocessed CT scans/pCT/pCT1226.jpg,pCT,1,1226,12
/content/data/Preprocessed CT scans/pCT/pCT3647.jpg,pCT,1,3647,198
/content/data/Preprocessed CT scans/pCT/pCT430.jpg,pCT,1,430,46
/content/data/Preprocessed CT scans/pCT/pCT2641.jpg,pCT,1,2641,166
/content/data/Preprocessed CT scans/pCT/pCT3832.jpg,pCT,1,3832,140
/content/data/Preprocessed CT scans/pCT/pCT377.jpg,pCT,1,377,223
/content/data/Preprocessed CT scans/pCT/pCT312.jpg,pCT,1,312,223
/content/data/Preprocessed CT scans/pCT/pCT2475.jpg,pCT,1,2475,225
/content/data/Preprocessed CT scans/pCT/pCT1764.jpg,pCT,1,1764,252
/content/data/Preprocessed CT scans/pCT/pCT1411.jpg,pCT,1,1411,219
/content/data/Preprocessed CT scans/pCT/pCT1472.jpg,pCT,1,1472,346
/content/data/Preprocessed CT scans/pCT/pCT700.jpg,pCT,1,700,194
/content/data/Preprocessed CT scans/pCT/pCT1958.jpg,pCT,1,1958,183
/content/data/Preprocessed CT scans/pCT/pCT2544.jpg,pCT,1,2544,228
/content/data/Preprocessed CT scans/pCT/pCT2435.jpg,pCT,1,2435,73
/content/data/Preprocessed CT scans/pCT/pCT847.jpg,pCT,1,847,261
/content/data/Preprocessed CT scans/pCT/pCT1307.jpg,pCT,1,1307,55
/content/data/Preprocessed CT scans/pCT/pCT557.jpg,pCT,1,557,223
/content/data/Preprocessed CT scans/pCT/pCT3725.jpg,pCT,1,3725,370
/content/data/Preprocessed CT scans/pCT/pCT437.jpg,pCT,1,437,15
/content/data/Preprocessed CT scans/pCT/pCT3396.jpg,pCT,1,3396,218
/content/data/Preprocessed CT scans/pCT/pCT3425.jpg,pCT,1,3425,138
/content/data/Preprocessed CT scans/pCT/pCT3275.jpg,pCT,1,3275,7
/content/data/Preprocessed CT scans/pCT/pCT1743.jpg,pCT,1,1743,296
/content/data/Preprocessed CT scans/pCT/pCT1707.jpg,pCT,1,1707,327
/content/data/Preprocessed CT scans/pCT/pCT2222.jpg,pCT,1,2222,274
/content/data/Preprocessed CT scans/pCT/pCT1592.jpg,pCT,1,1592,12
/content/data/Preprocessed CT scans/pCT/pCT739.jpg,pCT,1,739,170
/content/data/Preprocessed CT scans/pCT/pCT883.jpg,pCT,1,883,303
/content/data/Preprocessed CT scans/pCT/pCT1405.jpg,pCT,1,1405,113
/content/data/Preprocessed CT scans/pCT/pCT137.jpg,pCT,1,137,278
/content/data/Preprocessed CT scans/pCT/pCT2250.jpg,pCT,1,2250,157
/content/data/Preprocessed CT scans/pCT/pCT1950.jpg,pCT,1,1950,396
/content/data/Preprocessed CT scans/pCT/pCT3928.jpg,pCT,1,3928,397
/content/data/Preprocessed CT scans/pCT/pCT2493.jpg,pCT,1,2493,169
/content/data/Preprocessed CT scans/pCT/pCT1701.jpg,pCT,1,1701,35
/content/data/Preprocessed CT scans/pCT/pCT1347.jpg,pCT,1,1347,360
/content/data/Preprocessed CT scans/pCT/pCT231.jpg,pCT,1,231,202
/content/data/Preprocessed CT scans/pCT/pCT1395.jpg,pCT,1,1395,84
/content/data/Preprocessed CT scans/pCT/pCT1213.jpg,pCT,1,1213,131
/content/data/Preprocessed CT scans/pCT/pCT1187.jpg,pCT,1,1187,113
/content/data/Preprocessed CT scans/pCT/pCT532.jpg,pCT,1,532,287
/content/data/Preprocessed CT scans/pCT/pCT3526.jpg,pCT,1,3526,76
/content/data/Preprocessed CT scans/pCT/pCT2856.jpg,pCT,1,2856,312
/content/data/Preprocessed CT scans/pCT/pCT1112.jpg,pCT,1,1112,360
/content/data/Preprocessed CT scans/pCT/pCT2176.jpg,pCT,1,2176,239
/content/data/Preprocessed CT scans/pCT/pCT3860.jpg,pCT,1,3860,115
/content/data/Preprocessed CT scans/pCT/pCT3613.jpg,pCT,1,3613,139
/content/data/Preprocessed CT scans/pCT/pCT3954.jpg,pCT,1,3954,94
/content/data/Preprocessed CT scans/pCT/pCT2465.jpg,pCT,1,2465,225
/content/data/Preprocessed CT scans/pCT/pCT2752.jpg,pCT,1,2752,387
/content/data/Preprocessed CT scans/pCT/pCT196.jpg,pCT,1,196,259
/content/data/Preprocessed CT scans/pCT/pCT2396.jpg,pCT,1,2396,243
/content/data/Preprocessed CT scans/pCT/pCT130.jpg,pCT,1,130,202
/content/data/Preprocessed CT scans/pCT/pCT2097.jpg,pCT,1,2097,128
/content/data/Preprocessed CT scans/pCT/pCT2868.jpg,pCT,1,2868,283
/content/data/Preprocessed CT scans/pCT/pCT109.jpg,pCT,1,109,278
/content/data/Preprocessed CT scans/pCT/pCT342.jpg,pCT,1,342,278
/content/data/Preprocessed CT scans/pCT/pCT2038.jpg,pCT,1,2038,302
/content/data/Preprocessed CT scans/pCT/pCT3983.jpg,pCT,1,3983,397
/content/data/Preprocessed CT scans/pCT/pCT453.jpg,pCT,1,453,194
/content/data/Preprocessed CT scans/pCT/pCT1033.jpg,pCT,1,1033,113
/content/data/Preprocessed CT scans/pCT/pCT1699.jpg,pCT,1,1699,371
/content/data/Preprocessed CT scans/pCT/pCT2743.jpg,pCT,1,2743,127
/content/data/Preprocessed CT scans/pCT/pCT124.jpg,pCT,1,124,202
/content/data/Preprocessed CT scans/pCT/pCT2101.jpg,pCT,1,2101,128
/content/data/Preprocessed CT scans/pCT/pCT3887.jpg,pCT,1,3887,348
/content/data/Preprocessed CT scans/pCT/pCT418.jpg,pCT,1,418,258
/content/data/Preprocessed CT scans/pCT/pCT2932.jpg,pCT,1,2932,265
/content/data/Preprocessed CT scans/pCT/pCT1656.jpg,pCT,1,1656,35
/content/data/Preprocessed CT scans/pCT/pCT916.jpg,pCT,1,916,131
/content/data/Preprocessed CT scans/pCT/pCT1785.jpg,pCT,1,1785,252
/content/data/Preprocessed CT scans/pCT/pCT1427.jpg,pCT,1,1427,302
/content/data/Preprocessed CT scans/pCT/pCT3420.jpg,pCT,1,3420,138
/content/data/Preprocessed CT scans/pCT/pCT789.jpg,pCT,1,789,291
/content/data/Preprocessed CT scans/pCT/pCT3668.jpg,pCT,1,3668,73
/content/data/Preprocessed CT scans/pCT/pCT931.jpg,pCT,1,931,66
/content/data/Preprocessed CT scans/pCT/pCT1332.jpg,pCT,1,1332,327
/content/data/Preprocessed CT scans/pCT/pCT1854.jpg,pCT,1,1854,97
/content/data/Preprocessed CT scans/pCT/pCT1211.jpg,pCT,1,1211,66
/content/data/Preprocessed CT scans/pCT/pCT3008.jpg,pCT,1,3008,391
/content/data/Preprocessed CT scans/pCT/pCT1941.jpg,pCT,1,1941,374
/content/data/Preprocessed CT scans/pCT/pCT3083.jpg,pCT,1,3083,391
/content/data/Preprocessed CT scans/pCT/pCT1498.jpg,pCT,1,1498,84
/content/data/Preprocessed CT scans/pCT/pCT1389.jpg,pCT,1,1389,360
/content/data/Preprocessed CT scans/pCT/pCT1979.jpg,pCT,1,1979,183
/content/data/Preprocessed CT scans/pCT/pCT3416.jpg,pCT,1,3416,138
/content/data/Preprocessed CT scans/pCT/pCT34.jpg,pCT,1,34,1
/content/data/Preprocessed CT scans/pCT/pCT2388.jpg,pCT,1,2388,325
/content/data/Preprocessed CT scans/pCT/pCT1724.jpg,pCT,1,1724,371
/content/data/Preprocessed CT scans/pCT/pCT2109.jpg,pCT,1,2109,128
/content/data/Preprocessed CT scans/pCT/pCT3992.jpg,pCT,1,3992,239
/content/data/Preprocessed CT scans/pCT/pCT1921.jpg,pCT,1,1921,374
/content/data/Preprocessed CT scans/pCT/pCT3210.jpg,pCT,1,3210,366
/content/data/Preprocessed CT scans/pCT/pCT3329.jpg,pCT,1,3329,44
/content/data/Preprocessed CT scans/pCT/pCT3158.jpg,pCT,1,3158,295
/content/data/Preprocessed CT scans/pCT/pCT2924.jpg,pCT,1,2924,265
/content/data/Preprocessed CT scans/pCT/pCT2734.jpg,pCT,1,2734,387
/content/data/Preprocessed CT scans/pCT/pCT3508.jpg,pCT,1,3508,76
/content/data/Preprocessed CT scans/pCT/pCT3531.jpg,pCT,1,3531,76
/content/data/Preprocessed CT scans/pCT/pCT3402.jpg,pCT,1,3402,218
/content/data/Preprocessed CT scans/pCT/pCT3345.jpg,pCT,1,3345,71
/content/data/Preprocessed CT scans/pCT/pCT2706.jpg,pCT,1,2706,28
/content/data/Preprocessed CT scans/pCT/pCT1276.jpg,pCT,1,1276,55
/content/data/Preprocessed CT scans/pCT/pCT849.jpg,pCT,1,849,147
/content/data/Preprocessed CT scans/pCT/pCT2870.jpg,pCT,1,2870,283
/content/data/Preprocessed CT scans/pCT/pCT3756.jpg,pCT,1,3756,187
/content/data/Preprocessed CT scans/pCT/pCT192.jpg,pCT,1,192,46
/content/data/Preprocessed CT scans/pCT/pCT641.jpg,pCT,1,641,170
/content/data/Preprocessed CT scans/pCT/pCT3576.jpg,pCT,1,3576,35
/content/data/Preprocessed CT scans/pCT/pCT1823.jpg,pCT,1,1823,196
/content/data/Preprocessed CT scans/pCT/pCT325.jpg,pCT,1,325,223
/content/data/Preprocessed CT scans/pCT/pCT926.jpg,pCT,1,926,194
/content/data/Preprocessed CT scans/pCT/pCT1765.jpg,pCT,1,1765,296
/content/data/Preprocessed CT scans/pCT/pCT3735.jpg,pCT,1,3735,382
/content/data/Preprocessed CT scans/pCT/pCT2673.jpg,pCT,1,2673,225
/content/data/Preprocessed CT scans/pCT/pCT1265.jpg,pCT,1,1265,84
/content/data/Preprocessed CT scans/pCT/pCT3132.jpg,pCT,1,3132,262
/content/data/Preprocessed CT scans/pCT/pCT1508.jpg,pCT,1,1508,89
/content/data/Preprocessed CT scans/pCT/pCT3815.jpg,pCT,1,3815,387
/content/data/Preprocessed CT scans/pCT/pCT3528.jpg,pCT,1,3528,76
/content/data/Preprocessed CT scans/pCT/pCT735.jpg,pCT,1,735,194
/content/data/Preprocessed CT scans/pCT/pCT3764.jpg,pCT,1,3764,187
/content/data/Preprocessed CT scans/pCT/pCT2032.jpg,pCT,1,2032,302
/content/data/Preprocessed CT scans/pCT/pCT3761.jpg,pCT,1,3761,3
/content/data/Preprocessed CT scans/pCT/pCT3399.jpg,pCT,1,3399,218
/content/data/Preprocessed CT scans/pCT/pCT3649.jpg,pCT,1,3649,198
/content/data/Preprocessed CT scans/pCT/pCT2178.jpg,pCT,1,2178,239
/content/data/Preprocessed CT scans/pCT/pCT25.jpg,pCT,1,25,1
/content/data/Preprocessed CT scans/pCT/pCT2308.jpg,pCT,1,2308,380
/content/data/Preprocessed CT scans/pCT/pCT1459.jpg,pCT,1,1459,346
/content/data/Preprocessed CT scans/pCT/pCT2220.jpg,pCT,1,2220,274
/content/data/Preprocessed CT scans/pCT/pCT3834.jpg,pCT,1,3834,140
/content/data/Preprocessed CT scans/pCT/pCT3213.jpg,pCT,1,3213,366
/content/data/Preprocessed CT scans/pCT/pCT874.jpg,pCT,1,874,131
/content/data/Preprocessed CT scans/pCT/pCT1790.jpg,pCT,1,1790,196
/content/data/Preprocessed CT scans/pCT/pCT2234.jpg,pCT,1,2234,157
/content/data/Preprocessed CT scans/pCT/pCT257.jpg,pCT,1,257,202
/content/data/Preprocessed CT scans/pCT/pCT704.jpg,pCT,1,704,183
/content/data/Preprocessed CT scans/pCT/pCT3822.jpg,pCT,1,3822,71
/content/data/Preprocessed CT scans/pCT/pCT2928.jpg,pCT,1,2928,265
/content/data/Preprocessed CT scans/pCT/pCT2720.jpg,pCT,1,2720,101
/content/data/Preprocessed CT scans/pCT/pCT1888.jpg,pCT,1,1888,252
/content/data/Preprocessed CT scans/pCT/pCT2418.jpg,pCT,1,2418,44
/content/data/Preprocessed CT scans/pCT/pCT2783.jpg,pCT,1,2783,69
/content/data/Preprocessed CT scans/pCT/pCT1637.jpg,pCT,1,1637,35
/content/data/Preprocessed CT scans/pCT/pCT1205.jpg,pCT,1,1205,77
/content/data/Preprocessed CT scans/pCT/pCT2291.jpg,pCT,1,2291,266
/content/data/Preprocessed CT scans/pCT/pCT2840.jpg,pCT,1,2840,390
/content/data/Preprocessed CT scans/pCT/pCT1404.jpg,pCT,1,1404,55
/content/data/Preprocessed CT scans/pCT/pCT1454.jpg,pCT,1,1454,131
/content/data/Preprocessed CT scans/pCT/pCT3250.jpg,pCT,1,3250,182
/content/data/Preprocessed CT scans/pCT/pCT3263.jpg,pCT,1,3263,390
/content/data/Preprocessed CT scans/pCT/pCT2583.jpg,pCT,1,2583,346
/content/data/Preprocessed CT scans/pCT/pCT1791.jpg,pCT,1,1791,371
/content/data/Preprocessed CT scans/pCT/pCT1293.jpg,pCT,1,1293,113
/content/data/Preprocessed CT scans/pCT/pCT769.jpg,pCT,1,769,360
/content/data/Preprocessed CT scans/pCT/pCT1001.jpg,pCT,1,1001,66
/content/data/Preprocessed CT scans/pCT/pCT3653.jpg,pCT,1,3653,198
/content/data/Preprocessed CT scans/pCT/pCT2485.jpg,pCT,1,2485,169
/content/data/Preprocessed CT scans/pCT/pCT154.jpg,pCT,1,154,46
/content/data/Preprocessed CT scans/pCT/pCT609.jpg,pCT,1,609,1
/content/data/Preprocessed CT scans/pCT/pCT982.jpg,pCT,1,982,219
/content/data/Preprocessed CT scans/pCT/pCT1492.jpg,pCT,1,1492,302
/content/data/Preprocessed CT scans/pCT/pCT1828.jpg,pCT,1,1828,196
/content/data/Preprocessed CT scans/pCT/pCT299.jpg,pCT,1,299,223
/content/data/Preprocessed CT scans/pCT/pCT80.jpg,pCT,1,80,202
/content/data/Preprocessed CT scans/pCT/pCT3153.jpg,pCT,1,3153,295
/content/data/Preprocessed CT scans/pCT/pCT1249.jpg,pCT,1,1249,84
/content/data/Preprocessed CT scans/pCT/pCT3685.jpg,pCT,1,3685,309
/content/data/Preprocessed CT scans/pCT/pCT1642.jpg,pCT,1,1642,359
/content/data/Preprocessed CT scans/pCT/pCT1587.jpg,pCT,1,1587,89
/content/data/Preprocessed CT scans/pCT/pCT592.jpg,pCT,1,592,291
/content/data/Preprocessed CT scans/pCT/pCT1453.jpg,pCT,1,1453,302
/content/data/Preprocessed CT scans/pCT/pCT132.jpg,pCT,1,132,84
/content/data/Preprocessed CT scans/pCT/pCT1501.jpg,pCT,1,1501,12
/content/data/Preprocessed CT scans/pCT/pCT1407.jpg,pCT,1,1407,230
/content/data/Preprocessed CT scans/pCT/pCT2759.jpg,pCT,1,2759,342
/content/data/Preprocessed CT scans/pCT/pCT1371.jpg,pCT,1,1371,35
/content/data/Preprocessed CT scans/pCT/pCT3072.jpg,pCT,1,3072,59
/content/data/Preprocessed CT scans/pCT/pCT2482.jpg,pCT,1,2482,169
/content/data/Preprocessed CT scans/pCT/pCT1900.jpg,pCT,1,1900,252
/content/data/Preprocessed CT scans/pCT/pCT3759.jpg,pCT,1,3759,187
/content/data/Preprocessed CT scans/pCT/pCT156.jpg,pCT,1,156,202
/content/data/Preprocessed CT scans/pCT/pCT2093.jpg,pCT,1,2093,387
/content/data/Preprocessed CT scans/pCT/pCT682.jpg,pCT,1,682,194
/content/data/Preprocessed CT scans/pCT/pCT1899.jpg,pCT,1,1899,270
/content/data/Preprocessed CT scans/pCT/pCT1476.jpg,pCT,1,1476,12
/content/data/Preprocessed CT scans/pCT/pCT3401.jpg,pCT,1,3401,218
/content/data/Preprocessed CT scans/pCT/pCT8.jpg,pCT,1,8,252
/content/data/Preprocessed CT scans/pCT/pCT2287.jpg,pCT,1,2287,266
/content/data/Preprocessed CT scans/pCT/pCT3338.jpg,pCT,1,3338,71
/content/data/Preprocessed CT scans/pCT/pCT287.jpg,pCT,1,287,184
/content/data/Preprocessed CT scans/pCT/pCT2450.jpg,pCT,1,2450,73
/content/data/Preprocessed CT scans/pCT/pCT3342.jpg,pCT,1,3342,71
/content/data/Preprocessed CT scans/pCT/pCT3176.jpg,pCT,1,3176,226
/content/data/Preprocessed CT scans/pCT/pCT3607.jpg,pCT,1,3607,139
/content/data/Preprocessed CT scans/pCT/pCT1118.jpg,pCT,1,1118,170
/content/data/Preprocessed CT scans/pCT/pCT1318.jpg,pCT,1,1318,327
/content/data/Preprocessed CT scans/pCT/pCT1947.jpg,pCT,1,1947,396
/content/data/Preprocessed CT scans/pCT/pCT40.jpg,pCT,1,40,183
/content/data/Preprocessed CT scans/pCT/pCT1342.jpg,pCT,1,1342,219
/content/data/Preprocessed CT scans/pCT/pCT181.jpg,pCT,1,181,1
/content/data/Preprocessed CT scans/pCT/pCT3278.jpg,pCT,1,3278,7
/content/data/Preprocessed CT scans/pCT/pCT3734.jpg,pCT,1,3734,382
/content/data/Preprocessed CT scans/pCT/pCT1326.jpg,pCT,1,1326,375
/content/data/Preprocessed CT scans/pCT/pCT860.jpg,pCT,1,860,131
/content/data/Preprocessed CT scans/pCT/pCT3821.jpg,pCT,1,3821,387
/content/data/Preprocessed CT scans/pCT/pCT3924.jpg,pCT,1,3924,397
/content/data/Preprocessed CT scans/pCT/pCT3150.jpg,pCT,1,3150,295
/content/data/Preprocessed CT scans/pCT/pCT3752.jpg,pCT,1,3752,187
/content/data/Preprocessed CT scans/pCT/pCT787.jpg,pCT,1,787,337
/content/data/Preprocessed CT scans/pCT/pCT2049.jpg,pCT,1,2049,302
/content/data/Preprocessed CT scans/pCT/pCT2181.jpg,pCT,1,2181,239
/content/data/Preprocessed CT scans/pCT/pCT1962.jpg,pCT,1,1962,183
/content/data/Preprocessed CT scans/pCT/pCT2055.jpg,pCT,1,2055,245
/content/data/Preprocessed CT scans/pCT/pCT3090.jpg,pCT,1,3090,59
/content/data/Preprocessed CT scans/pCT/pCT3730.jpg,pCT,1,3730,370
/content/data/Preprocessed CT scans/pCT/pCT2633.jpg,pCT,1,2633,166
/content/data/Preprocessed CT scans/pCT/pCT614.jpg,pCT,1,614,291
/content/data/Preprocessed CT scans/pCT/pCT1256.jpg,pCT,1,1256,327
/content/data/Preprocessed CT scans/pCT/pCT3026.jpg,pCT,1,3026,391
/content/data/Preprocessed CT scans/pCT/pCT498.jpg,pCT,1,498,161
/content/data/Preprocessed CT scans/pCT/pCT1875.jpg,pCT,1,1875,270
/content/data/Preprocessed CT scans/pCT/pCT1942.jpg,pCT,1,1942,396
/content/data/Preprocessed CT scans/pCT/pCT1762.jpg,pCT,1,1762,196
/content/data/Preprocessed CT scans/pCT/pCT3898.jpg,pCT,1,3898,127
/content/data/Preprocessed CT scans/pCT/pCT907.jpg,pCT,1,907,53
/content/data/Preprocessed CT scans/pCT/pCT2674.jpg,pCT,1,2674,179
/content/data/Preprocessed CT scans/pCT/pCT693.jpg,pCT,1,693,1
/content/data/Preprocessed CT scans/pCT/pCT595.jpg,pCT,1,595,1
/content/data/Preprocessed CT scans/pCT/pCT3202.jpg,pCT,1,3202,366
/content/data/Preprocessed CT scans/pCT/pCT1188.jpg,pCT,1,1188,170
/content/data/Preprocessed CT scans/pCT/pCT1385.jpg,pCT,1,1385,343
/content/data/Preprocessed CT scans/pCT/pCT1186.jpg,pCT,1,1186,117
/content/data/Preprocessed CT scans/pCT/pCT1856.jpg,pCT,1,1856,252
/content/data/Preprocessed CT scans/pCT/pCT1770.jpg,pCT,1,1770,371
/content/data/Preprocessed CT scans/pCT/pCT3406.jpg,pCT,1,3406,218
/content/data/Preprocessed CT scans/pCT/pCT2647.jpg,pCT,1,2647,166
/content/data/Preprocessed CT scans/pCT/pCT3721.jpg,pCT,1,3721,370
/content/data/Preprocessed CT scans/pCT/pCT1850.jpg,pCT,1,1850,97
/content/data/Preprocessed CT scans/pCT/pCT2757.jpg,pCT,1,2757,247
/content/data/Preprocessed CT scans/pCT/pCT2927.jpg,pCT,1,2927,265
/content/data/Preprocessed CT scans/pCT/pCT3381.jpg,pCT,1,3381,218
/content/data/Preprocessed CT scans/pCT/pCT894.jpg,pCT,1,894,170
/content/data/Preprocessed CT scans/pCT/pCT2462.jpg,pCT,1,2462,225
/content/data/Preprocessed CT scans/pCT/pCT113.jpg,pCT,1,113,278
/content/data/Preprocessed CT scans/pCT/pCT2472.jpg,pCT,1,2472,225
/content/data/Preprocessed CT scans/pCT/pCT1510.jpg,pCT,1,1510,84
/content/data/Preprocessed CT scans/pCT/pCT2484.jpg,pCT,1,2484,169
/content/data/Preprocessed CT scans/pCT/pCT523.jpg,pCT,1,523,194
/content/data/Preprocessed CT scans/pCT/pCT3919.jpg,pCT,1,3919,127
/content/data/Preprocessed CT scans/pCT/pCT2860.jpg,pCT,1,2860,312
/content/data/Preprocessed CT scans/pCT/pCT1784.jpg,pCT,1,1784,371
/content/data/Preprocessed CT scans/pCT/pCT3191.jpg,pCT,1,3191,226
/content/data/Preprocessed CT scans/pCT/pCT1305.jpg,pCT,1,1305,360
/content/data/Preprocessed CT scans/pCT/pCT305.jpg,pCT,1,305,1
/content/data/Preprocessed CT scans/pCT/pCT2846.jpg,pCT,1,2846,138
/content/data/Preprocessed CT scans/pCT/pCT2237.jpg,pCT,1,2237,157
/content/data/Preprocessed CT scans/pCT/pCT1902.jpg,pCT,1,1902,270
/content/data/Preprocessed CT scans/pCT/pCT152.jpg,pCT,1,152,1
/content/data/Preprocessed CT scans/pCT/pCT227.jpg,pCT,1,227,202
/content/data/Preprocessed CT scans/pCT/pCT2490.jpg,pCT,1,2490,169
/content/data/Preprocessed CT scans/pCT/pCT660.jpg,pCT,1,660,337
/content/data/Preprocessed CT scans/pCT/pCT657.jpg,pCT,1,657,184
/content/data/Preprocessed CT scans/pCT/pCT24.jpg,pCT,1,24,1
/content/data/Preprocessed CT scans/pCT/pCT338.jpg,pCT,1,338,223
/content/data/Preprocessed CT scans/pCT/pCT2430.jpg,pCT,1,2430,73
/content/data/Preprocessed CT scans/pCT/pCT1051.jpg,pCT,1,1051,303
/content/data/Preprocessed CT scans/pCT/pCT103.jpg,pCT,1,103,46
/content/data/Preprocessed CT scans/pCT/pCT3032.jpg,pCT,1,3032,391
/content/data/Preprocessed CT scans/pCT/pCT1028.jpg,pCT,1,1028,131
/content/data/Preprocessed CT scans/pCT/pCT2638.jpg,pCT,1,2638,166
/content/data/Preprocessed CT scans/pCT/pCT434.jpg,pCT,1,434,287
/content/data/Preprocessed CT scans/pCT/pCT2582.jpg,pCT,1,2582,346
/content/data/Preprocessed CT scans/pCT/pCT1797.jpg,pCT,1,1797,196
/content/data/Preprocessed CT scans/pCT/pCT1980.jpg,pCT,1,1980,183
/content/data/Preprocessed CT scans/pCT/pCT1849.jpg,pCT,1,1849,270
/content/data/Preprocessed CT scans/pCT/pCT3962.jpg,pCT,1,3962,391
/content/data/Preprocessed CT scans/pCT/pCT1786.jpg,pCT,1,1786,296
/content/data/Preprocessed CT scans/pCT/pCT3956.jpg,pCT,1,3956,94
/content/data/Preprocessed CT scans/pCT/pCT2137.jpg,pCT,1,2137,297
/content/data/Preprocessed CT scans/pCT/pCT639.jpg,pCT,1,639,53
/content/data/Preprocessed CT scans/pCT/pCT2414.jpg,pCT,1,2414,44
/content/data/Preprocessed CT scans/pCT/pCT3625.jpg,pCT,1,3625,198
/content/data/Preprocessed CT scans/pCT/pCT3227.jpg,pCT,1,3227,225
/content/data/Preprocessed CT scans/pCT/pCT116.jpg,pCT,1,116,202
/content/data/Preprocessed CT scans/pCT/pCT2300.jpg,pCT,1,2300,266
/content/data/Preprocessed CT scans/pCT/pCT401.jpg,pCT,1,401,1
/content/data/Preprocessed CT scans/pCT/pCT1620.jpg,pCT,1,1620,89
/content/data/Preprocessed CT scans/pCT/pCT1763.jpg,pCT,1,1763,371
/content/data/Preprocessed CT scans/pCT/pCT2168.jpg,pCT,1,2168,115
/content/data/Preprocessed CT scans/pCT/pCT3989.jpg,pCT,1,3989,239
/content/data/Preprocessed CT scans/pCT/pCT1477.jpg,pCT,1,1477,35
/content/data/Preprocessed CT scans/pCT/pCT3540.jpg,pCT,1,3540,76
/content/data/Preprocessed CT scans/pCT/pCT1133.jpg,pCT,1,1133,291
/content/data/Preprocessed CT scans/pCT/pCT2044.jpg,pCT,1,2044,302
/content/data/Preprocessed CT scans/pCT/pCT529.jpg,pCT,1,529,223
/content/data/Preprocessed CT scans/pCT/pCT2775.jpg,pCT,1,2775,342
/content/data/Preprocessed CT scans/pCT/pCT1470.jpg,pCT,1,1470,113
/content/data/Preprocessed CT scans/pCT/pCT3113.jpg,pCT,1,3113,94
/content/data/Preprocessed CT scans/pCT/pCT263.jpg,pCT,1,263,259
/content/data/Preprocessed CT scans/pCT/pCT1365.jpg,pCT,1,1365,89
/content/data/Preprocessed CT scans/pCT/pCT2851.jpg,pCT,1,2851,138
/content/data/Preprocessed CT scans/pCT/pCT3280.jpg,pCT,1,3280,7
/content/data/Preprocessed CT scans/pCT/pCT3642.jpg,pCT,1,3642,198
/content/data/Preprocessed CT scans/pCT/pCT3681.jpg,pCT,1,3681,309
/content/data/Preprocessed CT scans/pCT/pCT815.jpg,pCT,1,815,194
/content/data/Preprocessed CT scans/pCT/pCT2793.jpg,pCT,1,2793,69
/content/data/Preprocessed CT scans/pCT/pCT861.jpg,pCT,1,861,261
/content/data/Preprocessed CT scans/pCT/pCT1117.jpg,pCT,1,1117,113
/content/data/Preprocessed CT scans/pCT/pCT3417.jpg,pCT,1,3417,138
/content/data/Preprocessed CT scans/pCT/pCT326.jpg,pCT,1,326,184
/content/data/Preprocessed CT scans/pCT/pCT990.jpg,pCT,1,990,117
/content/data/Preprocessed CT scans/pCT/pCT2115.jpg,pCT,1,2115,128
/content/data/Preprocessed CT scans/pCT/pCT438.jpg,pCT,1,438,1
/content/data/Preprocessed CT scans/pCT/pCT543.jpg,pCT,1,543,223
/content/data/Preprocessed CT scans/pCT/pCT3277.jpg,pCT,1,3277,7
/content/data/Preprocessed CT scans/pCT/pCT288.jpg,pCT,1,288,287
/content/data/Preprocessed CT scans/pCT/pCT605.jpg,pCT,1,605,15
/content/data/Preprocessed CT scans/pCT/pCT3273.jpg,pCT,1,3273,7
/content/data/Preprocessed CT scans/pCT/pCT243.jpg,pCT,1,243,258
/content/data/Preprocessed CT scans/pCT/pCT3033.jpg,pCT,1,3033,391
/content/data/Preprocessed CT scans/pCT/pCT2432.jpg,pCT,1,2432,73
/content/data/Preprocessed CT scans/pCT/pCT3993.jpg,pCT,1,3993,239
/content/data/Preprocessed CT scans/pCT/pCT3057.jpg,pCT,1,3057,159
/content/data/Preprocessed CT scans/pCT/pCT963.jpg,pCT,1,963,53
/content/data/Preprocessed CT scans/pCT/pCT3272.jpg,pCT,1,3272,7
/content/data/Preprocessed CT scans/pCT/pCT2052.jpg,pCT,1,2052,245
/content/data/Preprocessed CT scans/pCT/pCT2171.jpg,pCT,1,2171,115
/content/data/Preprocessed CT scans/pCT/pCT1691.jpg,pCT,1,1691,12
/content/data/Preprocessed CT scans/pCT/pCT3247.jpg,pCT,1,3247,70
/content/data/Preprocessed CT scans/pCT/pCT3811.jpg,pCT,1,3811,44
/content/data/Preprocessed CT scans/pCT/pCT1504.jpg,pCT,1,1504,302
/content/data/Preprocessed CT scans/pCT/pCT1838.jpg,pCT,1,1838,196
/content/data/Preprocessed CT scans/pCT/pCT22.jpg,pCT,1,22,1
/content/data/Preprocessed CT scans/pCT/pCT2654.jpg,pCT,1,2654,166
/content/data/Preprocessed CT scans/pCT/pCT474.jpg,pCT,1,474,291
/content/data/Preprocessed CT scans/pCT/pCT2782.jpg,pCT,1,2782,69
/content/data/Preprocessed CT scans/pCT/pCT1537.jpg,pCT,1,1537,12
/content/data/Preprocessed CT scans/pCT/pCT471.jpg,pCT,1,471,1
/content/data/Preprocessed CT scans/pCT/pCT3677.jpg,pCT,1,3677,73
/content/data/Preprocessed CT scans/pCT/pCT1359.jpg,pCT,1,1359,66
/content/data/Preprocessed CT scans/pCT/pCT749.jpg,pCT,1,749,194
/content/data/Preprocessed CT scans/pCT/pCT390.jpg,pCT,1,390,223
/content/data/Preprocessed CT scans/pCT/pCT695.jpg,pCT,1,695,53
/content/data/Preprocessed CT scans/pCT/pCT3028.jpg,pCT,1,3028,391
/content/data/Preprocessed CT scans/pCT/pCT1969.jpg,pCT,1,1969,183
/content/data/Preprocessed CT scans/pCT/pCT986.jpg,pCT,1,986,131
/content/data/Preprocessed CT scans/pCT/pCT242.jpg,pCT,1,242,147
/content/data/Preprocessed CT scans/pCT/pCT3335.jpg,pCT,1,3335,71
/content/data/Preprocessed CT scans/pCT/pCT3654.jpg,pCT,1,3654,198
/content/data/Preprocessed CT scans/pCT/pCT2263.jpg,pCT,1,2263,226
/content/data/Preprocessed CT scans/pCT/pCT3816.jpg,pCT,1,3816,387
/content/data/Preprocessed CT scans/pCT/pCT3093.jpg,pCT,1,3093,59
/content/data/Preprocessed CT scans/pCT/pCT1025.jpg,pCT,1,1025,343
/content/data/Preprocessed CT scans/pCT/pCT3421.jpg,pCT,1,3421,138
/content/data/Preprocessed CT scans/pCT/pCT1004.jpg,pCT,1,1004,117
/content/data/Preprocessed CT scans/pCT/pCT313.jpg,pCT,1,313,184
/content/data/Preprocessed CT scans/pCT/pCT1507.jpg,pCT,1,1507,55
/content/data/Preprocessed CT scans/pCT/pCT1660.jpg,pCT,1,1660,359
/content/data/Preprocessed CT scans/pCT/pCT3053.jpg,pCT,1,3053,159
/content/data/Preprocessed CT scans/pCT/pCT2060.jpg,pCT,1,2060,245
/content/data/Preprocessed CT scans/pCT/pCT818.jpg,pCT,1,818,15
/content/data/Preprocessed CT scans/pCT/pCT3331.jpg,pCT,1,3331,44
/content/data/Preprocessed CT scans/pCT/pCT3319.jpg,pCT,1,3319,44
/content/data/Preprocessed CT scans/pCT/pCT2650.jpg,pCT,1,2650,166
/content/data/Preprocessed CT scans/pCT/pCT3998.jpg,pCT,1,3998,239
/content/data/Preprocessed CT scans/pCT/pCT465.jpg,pCT,1,465,15
/content/data/Preprocessed CT scans/pCT/pCT1457.jpg,pCT,1,1457,113
/content/data/Preprocessed CT scans/pCT/pCT1402.jpg,pCT,1,1402,360
/content/data/Preprocessed CT scans/pCT/pCT3694.jpg,pCT,1,3694,309
/content/data/Preprocessed CT scans/pCT/pCT303.jpg,pCT,1,303,278
/content/data/Preprocessed CT scans/pCT/pCT2862.jpg,pCT,1,2862,312
/content/data/Preprocessed CT scans/pCT/pCT3145.jpg,pCT,1,3145,262
/content/data/Preprocessed CT scans/pCT/pCT3862.jpg,pCT,1,3862,115
/content/data/Preprocessed CT scans/pCT/pCT822.jpg,pCT,1,822,117
/content/data/Preprocessed CT scans/pCT/pCT30.jpg,pCT,1,30,1
/content/data/Preprocessed CT scans/pCT/pCT2667.jpg,pCT,1,2667,225
/content/data/Preprocessed CT scans/pCT/pCT2299.jpg,pCT,1,2299,266
/content/data/Preprocessed CT scans/pCT/pCT1519.jpg,pCT,1,1519,55
/content/data/Preprocessed CT scans/pCT/pCT1650.jpg,pCT,1,1650,97
/content/data/Preprocessed CT scans/pCT/pCT301.jpg,pCT,1,301,287
/content/data/Preprocessed CT scans/pCT/pCT2651.jpg,pCT,1,2651,166
/content/data/Preprocessed CT scans/pCT/pCT684.jpg,pCT,1,684,291
/content/data/Preprocessed CT scans/pCT/pCT1729.jpg,pCT,1,1729,359
/content/data/Preprocessed CT scans/pCT/pCT179.jpg,pCT,1,179,278
/content/data/Preprocessed CT scans/pCT/pCT940.jpg,pCT,1,940,194
/content/data/Preprocessed CT scans/pCT/pCT2266.jpg,pCT,1,2266,226
/content/data/Preprocessed CT scans/pCT/pCT3838.jpg,pCT,1,3838,140
/content/data/Preprocessed CT scans/pCT/pCT2890.jpg,pCT,1,2890,181
/content/data/Preprocessed CT scans/pCT/pCT2144.jpg,pCT,1,2144,297
/content/data/Preprocessed CT scans/pCT/pCT546.jpg,pCT,1,546,287
/content/data/Preprocessed CT scans/pCT/pCT902.jpg,pCT,1,902,131
/content/data/Preprocessed CT scans/pCT/pCT1812.jpg,pCT,1,1812,371
/content/data/Preprocessed CT scans/pCT/pCT1574.jpg,pCT,1,1574,84
/content/data/Preprocessed CT scans/pCT/pCT3371.jpg,pCT,1,3371,71
/content/data/Preprocessed CT scans/pCT/pCT2195.jpg,pCT,1,2195,28
/content/data/Preprocessed CT scans/pCT/pCT964.jpg,pCT,1,964,170
/content/data/Preprocessed CT scans/pCT/pCT84.jpg,pCT,1,84,96
/content/data/Preprocessed CT scans/pCT/pCT670.jpg,pCT,1,670,291
/content/data/Preprocessed CT scans/pCT/pCT3866.jpg,pCT,1,3866,115
/content/data/Preprocessed CT scans/pCT/pCT583.jpg,pCT,1,583,53
/content/data/Preprocessed CT scans/pCT/pCT2648.jpg,pCT,1,2648,166
/content/data/Preprocessed CT scans/pCT/pCT851.jpg,pCT,1,851,53
/content/data/Preprocessed CT scans/pCT/pCT400.jpg,pCT,1,400,161
/content/data/Preprocessed CT scans/pCT/pCT696.jpg,pCT,1,696,46
/content/data/Preprocessed CT scans/pCT/pCT1876.jpg,pCT,1,1876,252
/content/data/Preprocessed CT scans/pCT/pCT1184.jpg,pCT,1,1184,12
/content/data/Preprocessed CT scans/pCT/pCT1301.jpg,pCT,1,1301,343
/content/data/Preprocessed CT scans/pCT/pCT3732.jpg,pCT,1,3732,382
/content/data/Preprocessed CT scans/pCT/pCT2477.jpg,pCT,1,2477,225
/content/data/Preprocessed CT scans/pCT/pCT3035.jpg,pCT,1,3035,159
/content/data/Preprocessed CT scans/pCT/pCT1917.jpg,pCT,1,1917,270
/content/data/Preprocessed CT scans/pCT/pCT3651.jpg,pCT,1,3651,198
/content/data/Preprocessed CT scans/pCT/pCT2797.jpg,pCT,1,2797,69
/content/data/Preprocessed CT scans/pCT/pCT3322.jpg,pCT,1,3322,44
/content/data/Preprocessed CT scans/pCT/pCT490.jpg,pCT,1,490,287
/content/data/Preprocessed CT scans/pCT/pCT2444.jpg,pCT,1,2444,73
/content/data/Preprocessed CT scans/pCT/pCT3221.jpg,pCT,1,3221,225
/content/data/Preprocessed CT scans/pCT/pCT1526.jpg,pCT,1,1526,35
/content/data/Preprocessed CT scans/pCT/pCT3003.jpg,pCT,1,3003,94
/content/data/Preprocessed CT scans/pCT/pCT2778.jpg,pCT,1,2778,342
/content/data/Preprocessed CT scans/pCT/pCT432.jpg,pCT,1,432,258
/content/data/Preprocessed CT scans/pCT/pCT3117.jpg,pCT,1,3117,262
/content/data/Preprocessed CT scans/pCT/pCT2067.jpg,pCT,1,2067,245
/content/data/Preprocessed CT scans/pCT/pCT2172.jpg,pCT,1,2172,115
/content/data/Preprocessed CT scans/pCT/pCT2680.jpg,pCT,1,2680,255
/content/data/Preprocessed CT scans/pCT/pCT1893.jpg,pCT,1,1893,270
/content/data/Preprocessed CT scans/pCT/pCT2850.jpg,pCT,1,2850,312
/content/data/Preprocessed CT scans/pCT/pCT1692.jpg,pCT,1,1692,35
/content/data/Preprocessed CT scans/pCT/pCT927.jpg,pCT,1,927,343
/content/data/Preprocessed CT scans/pCT/pCT3812.jpg,pCT,1,3812,387
/content/data/Preprocessed CT scans/pCT/pCT1865.jpg,pCT,1,1865,270
/content/data/Preprocessed CT scans/pCT/pCT2741.jpg,pCT,1,2741,127
/content/data/Preprocessed CT scans/pCT/pCT2439.jpg,pCT,1,2439,73
/content/data/Preprocessed CT scans/pCT/pCT451.jpg,pCT,1,451,15
/content/data/Preprocessed CT scans/pCT/pCT691.jpg,pCT,1,691,194
/content/data/Preprocessed CT scans/pCT/pCT3903.jpg,pCT,1,3903,127
/content/data/Preprocessed CT scans/pCT/pCT3126.jpg,pCT,1,3126,391
/content/data/Preprocessed CT scans/pCT/pCT1424.jpg,pCT,1,1424,219
/content/data/Preprocessed CT scans/pCT/pCT2876.jpg,pCT,1,2876,283
/content/data/Preprocessed CT scans/pCT/pCT492.jpg,pCT,1,492,337
/content/data/Preprocessed CT scans/pCT/pCT3060.jpg,pCT,1,3060,391
/content/data/Preprocessed CT scans/pCT/pCT1604.jpg,pCT,1,1604,35
/content/data/Preprocessed CT scans/pCT/pCT2881.jpg,pCT,1,2881,181
/content/data/Preprocessed CT scans/pCT/pCT3103.jpg,pCT,1,3103,59
/content/data/Preprocessed CT scans/pCT/pCT1429.jpg,pCT,1,1429,131
/content/data/Preprocessed CT scans/pCT/pCT2762.jpg,pCT,1,2762,342
/content/data/Preprocessed CT scans/pCT/pCT2765.jpg,pCT,1,2765,342
/content/data/Preprocessed CT scans/pCT/pCT182.jpg,pCT,1,182,202
/content/data/Preprocessed CT scans/pCT/pCT3610.jpg,pCT,1,3610,139
/content/data/Preprocessed CT scans/pCT/pCT1310.jpg,pCT,1,1310,291
/content/data/Preprocessed CT scans/pCT/pCT3622.jpg,pCT,1,3622,198
/content/data/Preprocessed CT scans/pCT/pCT3092.jpg,pCT,1,3092,59
/content/data/Preprocessed CT scans/pCT/pCT190.jpg,pCT,1,190,1
/content/data/Preprocessed CT scans/pCT/pCT3373.jpg,pCT,1,3373,71
/content/data/Preprocessed CT scans/pCT/pCT3029.jpg,pCT,1,3029,5
/content/data/Preprocessed CT scans/pCT/pCT1088.jpg,pCT,1,1088,117
/content/data/Preprocessed CT scans/pCT/pCT2849.jpg,pCT,1,2849,138
/content/data/Preprocessed CT scans/pCT/pCT3078.jpg,pCT,1,3078,159
/content/data/Preprocessed CT scans/pCT/pCT3907.jpg,pCT,1,3907,127
/content/data/Preprocessed CT scans/pCT/pCT459.jpg,pCT,1,459,223
/content/data/Preprocessed CT scans/pCT/pCT2822.jpg,pCT,1,2822,222
/content/data/Preprocessed CT scans/pCT/pCT429.jpg,pCT,1,429,204
/content/data/Preprocessed CT scans/pCT/pCT3517.jpg,pCT,1,3517,76
/content/data/Preprocessed CT scans/pCT/pCT1787.jpg,pCT,1,1787,97
/content/data/Preprocessed CT scans/pCT/pCT3833.jpg,pCT,1,3833,140
/content/data/Preprocessed CT scans/pCT/pCT1821.jpg,pCT,1,1821,359
/content/data/Preprocessed CT scans/pCT/pCT3726.jpg,pCT,1,3726,370
/content/data/Preprocessed CT scans/pCT/pCT1486.jpg,pCT,1,1486,84
/content/data/Preprocessed CT scans/pCT/pCT269.jpg,pCT,1,269,258
/content/data/Preprocessed CT scans/pCT/pCT3689.jpg,pCT,1,3689,309
/content/data/Preprocessed CT scans/pCT/pCT3276.jpg,pCT,1,3276,7
/content/data/Preprocessed CT scans/pCT/pCT145.jpg,pCT,1,145,1
/content/data/Preprocessed CT scans/pCT/pCT3040.jpg,pCT,1,3040,159
/content/data/Preprocessed CT scans/pCT/pCT1353.jpg,pCT,1,1353,84
/content/data/Preprocessed CT scans/pCT/pCT856.jpg,pCT,1,856,194
/content/data/Preprocessed CT scans/pCT/pCT3850.jpg,pCT,1,3850,140
/content/data/Preprocessed CT scans/pCT/pCT3349.jpg,pCT,1,3349,71
/content/data/Preprocessed CT scans/pCT/pCT3369.jpg,pCT,1,3369,71
/content/data/Preprocessed CT scans/pCT/pCT475.jpg,pCT,1,475,184
/content/data/Preprocessed CT scans/pCT/pCT3038.jpg,pCT,1,3038,159
/content/data/Preprocessed CT scans/pCT/pCT1481.jpg,pCT,1,1481,84
/content/data/Preprocessed CT scans/pCT/pCT16.jpg,pCT,1,16,1
/content/data/Preprocessed CT scans/pCT/pCT724.jpg,pCT,1,724,53
/content/data/Preprocessed CT scans/pCT/pCT761.jpg,pCT,1,761,291
/content/data/Preprocessed CT scans/pCT/pCT1391.jpg,pCT,1,1391,55
/content/data/Preprocessed CT scans/pCT/pCT1862.jpg,pCT,1,1862,97
/content/data/Preprocessed CT scans/pCT/pCT1380.jpg,pCT,1,1380,230
/content/data/Preprocessed CT scans/pCT/pCT3686.jpg,pCT,1,3686,309
/content/data/Preprocessed CT scans/pCT/pCT1628.jpg,pCT,1,1628,302
/content/data/Preprocessed CT scans/pCT/pCT1509.jpg,pCT,1,1509,230
/content/data/Preprocessed CT scans/pCT/pCT2051.jpg,pCT,1,2051,245
/content/data/Preprocessed CT scans/pCT/pCT1320.jpg,pCT,1,1320,131
/content/data/Preprocessed CT scans/pCT/pCT3014.jpg,pCT,1,3014,5
/content/data/Preprocessed CT scans/pCT/pCT2455.jpg,pCT,1,2455,73
/content/data/Preprocessed CT scans/pCT/pCT3679.jpg,pCT,1,3679,309
/content/data/Preprocessed CT scans/pCT/pCT1072.jpg,pCT,1,1072,12
/content/data/Preprocessed CT scans/pCT/pCT2136.jpg,pCT,1,2136,297
/content/data/Preprocessed CT scans/pCT/pCT2949.jpg,pCT,1,2949,379
/content/data/Preprocessed CT scans/pCT/pCT3975.jpg,pCT,1,3975,94
/content/data/Preprocessed CT scans/pCT/pCT2325.jpg,pCT,1,2325,149
/content/data/Preprocessed CT scans/pCT/pCT2686.jpg,pCT,1,2686,255
/content/data/Preprocessed CT scans/pCT/pCT2180.jpg,pCT,1,2180,239
/content/data/Preprocessed CT scans/pCT/pCT887.jpg,pCT,1,887,15
/content/data/Preprocessed CT scans/pCT/pCT1894.jpg,pCT,1,1894,252
/content/data/Preprocessed CT scans/pCT/pCT2658.jpg,pCT,1,2658,225
/content/data/Preprocessed CT scans/pCT/pCT1903.jpg,pCT,1,1903,252
/content/data/Preprocessed CT scans/pCT/pCT627.jpg,pCT,1,627,170
/content/data/Preprocessed CT scans/pCT/pCT2895.jpg,pCT,1,2895,181
/content/data/Preprocessed CT scans/pCT/pCT809.jpg,pCT,1,809,53
/content/data/Preprocessed CT scans/pCT/pCT1281.jpg,pCT,1,1281,84
/content/data/Preprocessed CT scans/pCT/pCT731.jpg,pCT,1,731,337
/content/data/Preprocessed CT scans/pCT/pCT399.jpg,pCT,1,399,258
/content/data/Preprocessed CT scans/pCT/pCT1098.jpg,pCT,1,1098,360
/content/data/Preprocessed CT scans/pCT/pCT232.jpg,pCT,1,232,197
/content/data/Preprocessed CT scans/pCT/pCT558.jpg,pCT,1,558,291
/content/data/Preprocessed CT scans/pCT/pCT1723.jpg,pCT,1,1723,327
/content/data/Preprocessed CT scans/pCT/pCT261.jpg,pCT,1,261,184
/content/data/Preprocessed CT scans/pCT/pCT3178.jpg,pCT,1,3178,226
/content/data/Preprocessed CT scans/pCT/pCT2536.jpg,pCT,1,2536,228
/content/data/Preprocessed CT scans/pCT/pCT4000.jpg,pCT,1,4000,239
/content/data/Preprocessed CT scans/pCT/pCT2170.jpg,pCT,1,2170,115
/content/data/Preprocessed CT scans/pCT/pCT1460.jpg,pCT,1,1460,84
/content/data/Preprocessed CT scans/pCT/pCT2395.jpg,pCT,1,2395,397
/content/data/Preprocessed CT scans/pCT/pCT3005.jpg,pCT,1,3005,391
/content/data/Preprocessed CT scans/pCT/pCT845.jpg,pCT,1,845,15
/content/data/Preprocessed CT scans/pCT/pCT1145.jpg,pCT,1,1145,113
/content/data/Preprocessed CT scans/pCT/pCT1745.jpg,pCT,1,1745,359
/content/data/Preprocessed CT scans/pCT/pCT1105.jpg,pCT,1,1105,291
/content/data/Preprocessed CT scans/pCT/pCT3415.jpg,pCT,1,3415,138
/content/data/Preprocessed CT scans/pCT/pCT713.jpg,pCT,1,713,291
/content/data/Preprocessed CT scans/pCT/pCT2141.jpg,pCT,1,2141,297
/content/data/Preprocessed CT scans/pCT/pCT976.jpg,pCT,1,976,117
/content/data/Preprocessed CT scans/pCT/pCT3059.jpg,pCT,1,3059,391
/content/data/Preprocessed CT scans/pCT/pCT3124.jpg,pCT,1,3124,391
/content/data/Preprocessed CT scans/pCT/pCT2401.jpg,pCT,1,2401,198
/content/data/Preprocessed CT scans/pCT/pCT2540.jpg,pCT,1,2540,228
/content/data/Preprocessed CT scans/pCT/pCT3222.jpg,pCT,1,3222,225
/content/data/Preprocessed CT scans/pCT/pCT3209.jpg,pCT,1,3209,366
/content/data/Preprocessed CT scans/pCT/pCT1292.jpg,pCT,1,1292,55
/content/data/Preprocessed CT scans/pCT/pCT3955.jpg,pCT,1,3955,94
/content/data/Preprocessed CT scans/pCT/pCT1290.jpg,pCT,1,1290,12
/content/data/Preprocessed CT scans/pCT/pCT634.jpg,pCT,1,634,291
/content/data/Preprocessed CT scans/pCT/pCT1000.jpg,pCT,1,1000,131
/content/data/Preprocessed CT scans/pCT/pCT3664.jpg,pCT,1,3664,198
/content/data/Preprocessed CT scans/pCT/pCT877.jpg,pCT,1,877,147
/content/data/Preprocessed CT scans/pCT/pCT2361.jpg,pCT,1,2361,289
/content/data/Preprocessed CT scans/pCT/pCT388.jpg,pCT,1,388,1
/content/data/Preprocessed CT scans/pCT/pCT1273.jpg,pCT,1,1273,131
/content/data/Preprocessed CT scans/pCT/pCT3387.jpg,pCT,1,3387,218
/content/data/Preprocessed CT scans/pCT/pCT1143.jpg,pCT,1,1143,131
/content/data/Preprocessed CT scans/pCT/pCT2043.jpg,pCT,1,2043,302
/content/data/Preprocessed CT scans/pCT/pCT753.jpg,pCT,1,753,170
/content/data/Preprocessed CT scans/pCT/pCT3407.jpg,pCT,1,3407,218
/content/data/Preprocessed CT scans/pCT/pCT3828.jpg,pCT,1,3828,73
/content/data/Preprocessed CT scans/pCT/pCT281.jpg,pCT,1,281,147
/content/data/Preprocessed CT scans/pCT/pCT587.jpg,pCT,1,587,184
/content/data/Preprocessed CT scans/pCT/pCT3389.jpg,pCT,1,3389,218
/content/data/Preprocessed CT scans/pCT/pCT666.jpg,pCT,1,666,117
/content/data/Preprocessed CT scans/pCT/pCT2646.jpg,pCT,1,2646,166
/content/data/Preprocessed CT scans/pCT/pCT662.jpg,pCT,1,662,183
/content/data/Preprocessed CT scans/pCT/pCT912.jpg,pCT,1,912,170
/content/data/Preprocessed CT scans/pCT/pCT3757.jpg,pCT,1,3757,187
/content/data/Preprocessed CT scans/pCT/pCT3183.jpg,pCT,1,3183,226
/content/data/Preprocessed CT scans/pCT/pCT1731.jpg,pCT,1,1731,327
/content/data/Preprocessed CT scans/pCT/pCT255.jpg,pCT,1,255,147
/content/data/Preprocessed CT scans/pCT/pCT3339.jpg,pCT,1,3339,71
/content/data/Preprocessed CT scans/pCT/pCT3537.jpg,pCT,1,3537,76
/content/data/Preprocessed CT scans/pCT/pCT302.jpg,pCT,1,302,259
/content/data/Preprocessed CT scans/pCT/pCT3624.jpg,pCT,1,3624,198
/content/data/Preprocessed CT scans/pCT/pCT2075.jpg,pCT,1,2075,245
/content/data/Preprocessed CT scans/pCT/pCT2420.jpg,pCT,1,2420,44
/content/data/Preprocessed CT scans/pCT/pCT948.jpg,pCT,1,948,117
/content/data/Preprocessed CT scans/pCT/pCT535.jpg,pCT,1,535,15
/content/data/Preprocessed CT scans/pCT/pCT1466.jpg,pCT,1,1466,302
/content/data/Preprocessed CT scans/pCT/pCT707.jpg,pCT,1,707,194
/content/data/Preprocessed CT scans/pCT/pCT797.jpg,pCT,1,797,156
/content/data/Preprocessed CT scans/pCT/pCT139.jpg,pCT,1,139,202
/content/data/Preprocessed CT scans/pCT/pCT624.jpg,pCT,1,624,117
/content/data/Preprocessed CT scans/pCT/pCT3020.jpg,pCT,1,3020,159
/content/data/Preprocessed CT scans/pCT/pCT734.jpg,pCT,1,734,360
/content/data/Preprocessed CT scans/pCT/pCT1251.jpg,pCT,1,1251,77
/content/data/Preprocessed CT scans/pCT/pCT506.jpg,pCT,1,506,337
/content/data/Preprocessed CT scans/pCT/pCT3340.jpg,pCT,1,3340,71
/content/data/Preprocessed CT scans/pCT/pCT3818.jpg,pCT,1,3818,387
/content/data/Preprocessed CT scans/pCT/pCT1247.jpg,pCT,1,1247,291
/content/data/Preprocessed CT scans/pCT/pCT2286.jpg,pCT,1,2286,266
/content/data/Preprocessed CT scans/pCT/pCT3740.jpg,pCT,1,3740,187
/content/data/Preprocessed CT scans/pCT/pCT2059.jpg,pCT,1,2059,245
/content/data/Preprocessed CT scans/pCT/pCT2133.jpg,pCT,1,2133,297
/content/data/Preprocessed CT scans/pCT/pCT307.jpg,pCT,1,307,147
/content/data/Preprocessed CT scans/pCT/pCT913.jpg,pCT,1,913,343
/content/data/Preprocessed CT scans/pCT/pCT3230.jpg,pCT,1,3230,225
/content/data/Preprocessed CT scans/pCT/pCT1185.jpg,pCT,1,1185,131
/content/data/Preprocessed CT scans/pCT/pCT2661.jpg,pCT,1,2661,225
/content/data/Preprocessed CT scans/pCT/pCT1447.jpg,pCT,1,1447,84
/content/data/Preprocessed CT scans/pCT/pCT2929.jpg,pCT,1,2929,265
/content/data/Preprocessed CT scans/pCT/pCT762.jpg,pCT,1,762,360
/content/data/Preprocessed CT scans/pCT/pCT723.jpg,pCT,1,723,117
/content/data/Preprocessed CT scans/pCT/pCT1556.jpg,pCT,1,1556,84
/content/data/Preprocessed CT scans/pCT/pCT187.jpg,pCT,1,187,259
/content/data/Preprocessed CT scans/pCT/pCT3659.jpg,pCT,1,3659,73
/content/data/Preprocessed CT scans/pCT/pCT1739.jpg,pCT,1,1739,327
/content/data/Preprocessed CT scans/pCT/pCT1912.jpg,pCT,1,1912,252
/content/data/Preprocessed CT scans/pCT/pCT930.jpg,pCT,1,930,131
/content/data/Preprocessed CT scans/pCT/pCT1959.jpg,pCT,1,1959,183
/content/data/Preprocessed CT scans/pCT/pCT2801.jpg,pCT,1,2801,69
/content/data/Preprocessed CT scans/pCT/pCT161.jpg,pCT,1,161,46
/content/data/Preprocessed CT scans/pCT/pCT321.jpg,pCT,1,321,258
/content/data/Preprocessed CT scans/pCT/pCT1516.jpg,pCT,1,1516,302
/content/data/Preprocessed CT scans/pCT/pCT31.jpg,pCT,1,31,1
/content/data/Preprocessed CT scans/pCT/pCT439.jpg,pCT,1,439,194
/content/data/Preprocessed CT scans/pCT/pCT349.jpg,pCT,1,349,197
/content/data/Preprocessed CT scans/pCT/pCT1748.jpg,pCT,1,1748,371
/content/data/Preprocessed CT scans/pCT/pCT2312.jpg,pCT,1,2312,380
/content/data/Preprocessed CT scans/pCT/pCT3031.jpg,pCT,1,3031,5
/content/data/Preprocessed CT scans/pCT/pCT2092.jpg,pCT,1,2092,387
/content/data/Preprocessed CT scans/pCT/pCT677.jpg,pCT,1,677,194
/content/data/Preprocessed CT scans/pCT/pCT1548.jpg,pCT,1,1548,12
/content/data/Preprocessed CT scans/pCT/pCT1233.jpg,pCT,1,1233,77
/content/data/Preprocessed CT scans/pCT/pCT3251.jpg,pCT,1,3251,182
/content/data/Preprocessed CT scans/pCT/pCT95.jpg,pCT,1,95,46
/content/data/Preprocessed CT scans/pCT/pCT3892.jpg,pCT,1,3892,348
/content/data/Preprocessed CT scans/pCT/pCT2429.jpg,pCT,1,2429,73
/content/data/Preprocessed CT scans/pCT/pCT2015.jpg,pCT,1,2015,84
/content/data/Preprocessed CT scans/pCT/pCT2635.jpg,pCT,1,2635,166
/content/data/Preprocessed CT scans/pCT/pCT1043.jpg,pCT,1,1043,66
/content/data/Preprocessed CT scans/pCT/pCT3913.jpg,pCT,1,3913,127
/content/data/Preprocessed CT scans/pCT/pCT386.jpg,pCT,1,386,258
/content/data/Preprocessed CT scans/pCT/pCT3864.jpg,pCT,1,3864,115
/content/data/Preprocessed CT scans/pCT/pCT1938.jpg,pCT,1,1938,396
/content/data/Preprocessed CT scans/pCT/pCT582.jpg,pCT,1,582,117
/content/data/Preprocessed CT scans/pCT/pCT1086.jpg,pCT,1,1086,12
/content/data/Preprocessed CT scans/pCT/pCT340.jpg,pCT,1,340,287
/content/data/Preprocessed CT scans/pCT/pCT2901.jpg,pCT,1,2901,181
/content/data/Preprocessed CT scans/pCT/pCT466.jpg,pCT,1,466,1
/content/data/Preprocessed CT scans/pCT/pCT3422.jpg,pCT,1,3422,138
/content/data/Preprocessed CT scans/pCT/pCT1165.jpg,pCT,1,1165,343
/content/data/Preprocessed CT scans/pCT/pCT1103.jpg,pCT,1,1103,113
/content/data/Preprocessed CT scans/pCT/pCT3225.jpg,pCT,1,3225,225
/content/data/Preprocessed CT scans/pCT/pCT3840.jpg,pCT,1,3840,140
/content/data/Preprocessed CT scans/pCT/pCT2740.jpg,pCT,1,2740,387
/content/data/Preprocessed CT scans/pCT/pCT1767.jpg,pCT,1,1767,359
/content/data/Preprocessed CT scans/pCT/pCT3966.jpg,pCT,1,3966,397
/content/data/Preprocessed CT scans/pCT/pCT3631.jpg,pCT,1,3631,198
/content/data/Preprocessed CT scans/pCT/pCT889.jpg,pCT,1,889,303
/content/data/Preprocessed CT scans/pCT/pCT2033.jpg,pCT,1,2033,302
/content/data/Preprocessed CT scans/pCT/pCT3208.jpg,pCT,1,3208,366
/content/data/Preprocessed CT scans/pCT/pCT455.jpg,pCT,1,455,1
/content/data/Preprocessed CT scans/pCT/pCT1149.jpg,pCT,1,1149,77
/content/data/Preprocessed CT scans/pCT/pCT495.jpg,pCT,1,495,194
/content/data/Preprocessed CT scans/pCT/pCT3071.jpg,pCT,1,3071,5
/content/data/Preprocessed CT scans/pCT/pCT200.jpg,pCT,1,200,202
/content/data/Preprocessed CT scans/pCT/pCT2127.jpg,pCT,1,2127,297
/content/data/Preprocessed CT scans/pCT/pCT1244.jpg,pCT,1,1244,55
/content/data/Preprocessed CT scans/pCT/pCT2727.jpg,pCT,1,2727,387
/content/data/Preprocessed CT scans/pCT/pCT381.jpg,pCT,1,381,337
/content/data/Preprocessed CT scans/pCT/pCT99.jpg,pCT,1,99,46
/content/data/Preprocessed CT scans/pCT/pCT2437.jpg,pCT,1,2437,73
/content/data/Preprocessed CT scans/pCT/pCT911.jpg,pCT,1,911,303
/content/data/Preprocessed CT scans/pCT/pCT3321.jpg,pCT,1,3321,44
/content/data/Preprocessed CT scans/pCT/pCT1140.jpg,pCT,1,1140,360
/content/data/Preprocessed CT scans/pCT/pCT1840.jpg,pCT,1,1840,97
/content/data/Preprocessed CT scans/pCT/pCT1373.jpg,pCT,1,1373,66
/content/data/Preprocessed CT scans/pCT/pCT1042.jpg,pCT,1,1042,131
/content/data/Preprocessed CT scans/pCT/pCT801.jpg,pCT,1,801,337
/content/data/Preprocessed CT scans/pCT/pCT3122.jpg,pCT,1,3122,159
/content/data/Preprocessed CT scans/pCT/pCT2311.jpg,pCT,1,2311,380
/content/data/Preprocessed CT scans/pCT/pCT464.jpg,pCT,1,464,337
/content/data/Preprocessed CT scans/pCT/pCT3358.jpg,pCT,1,3358,71
/content/data/Preprocessed CT scans/pCT/pCT3718.jpg,pCT,1,3718,370
/content/data/Preprocessed CT scans/pCT/pCT9.jpg,pCT,1,9,341
/content/data/Preprocessed CT scans/pCT/pCT121.jpg,pCT,1,121,278
/content/data/Preprocessed CT scans/pCT/pCT3533.jpg,pCT,1,3533,76
/content/data/Preprocessed CT scans/pCT/pCT1518.jpg,pCT,1,1518,84
/content/data/Preprocessed CT scans/pCT/pCT476.jpg,pCT,1,476,287
/content/data/Preprocessed CT scans/pCT/pCT1315.jpg,pCT,1,1315,35
/content/data/Preprocessed CT scans/pCT/pCT3313.jpg,pCT,1,3313,44
/content/data/Preprocessed CT scans/pCT/pCT3927.jpg,pCT,1,3927,397
/content/data/Preprocessed CT scans/pCT/pCT1421.jpg,pCT,1,1421,84
/content/data/Preprocessed CT scans/pCT/pCT3678.jpg,pCT,1,3678,309
/content/data/Preprocessed CT scans/pCT/pCT2452.jpg,pCT,1,2452,73
/content/data/Preprocessed CT scans/pCT/pCT1923.jpg,pCT,1,1923,270
/content/data/Preprocessed CT scans/pCT/pCT2467.jpg,pCT,1,2467,225
/content/data/Preprocessed CT scans/pCT/pCT258.jpg,pCT,1,258,197
/content/data/Preprocessed CT scans/pCT/pCT1552.jpg,pCT,1,1552,131
/content/data/Preprocessed CT scans/pCT/pCT3232.jpg,pCT,1,3232,225
/content/data/Preprocessed CT scans/pCT/pCT3063.jpg,pCT,1,3063,159
/content/data/Preprocessed CT scans/pCT/pCT3114.jpg,pCT,1,3114,262
/content/data/Preprocessed CT scans/pCT/pCT3534.jpg,pCT,1,3534,76
/content/data/Preprocessed CT scans/pCT/pCT2417.jpg,pCT,1,2417,44
/content/data/Preprocessed CT scans/pCT/pCT39.jpg,pCT,1,39,183
/content/data/Preprocessed CT scans/pCT/pCT3995.jpg,pCT,1,3995,239
/content/data/Preprocessed CT scans/pCT/pCT2867.jpg,pCT,1,2867,283
/content/data/Preprocessed CT scans/pCT/pCT1878.jpg,pCT,1,1878,270
/content/data/Preprocessed CT scans/pCT/pCT1618.jpg,pCT,1,1618,131
/content/data/Preprocessed CT scans/pCT/pCT525.jpg,pCT,1,525,1
/content/data/Preprocessed CT scans/pCT/pCT2863.jpg,pCT,1,2863,312
/content/data/Preprocessed CT scans/pCT/pCT1255.jpg,pCT,1,1255,66
/content/data/Preprocessed CT scans/pCT/pCT3385.jpg,pCT,1,3385,218
/content/data/Preprocessed CT scans/pCT/pCT2129.jpg,pCT,1,2129,297
/content/data/Preprocessed CT scans/pCT/pCT1834.jpg,pCT,1,1834,270
/content/data/Preprocessed CT scans/pCT/pCT327.jpg,pCT,1,327,287
/content/data/Preprocessed CT scans/pCT/pCT107.jpg,pCT,1,107,46
/content/data/Preprocessed CT scans/pCT/pCT1122.jpg,pCT,1,1122,219
/content/data/Preprocessed CT scans/pCT/pCT2194.jpg,pCT,1,2194,28
/content/data/Preprocessed CT scans/pCT/pCT448.jpg,pCT,1,448,287
/content/data/Preprocessed CT scans/pCT/pCT3097.jpg,pCT,1,3097,94
/content/data/Preprocessed CT scans/pCT/pCT3755.jpg,pCT,1,3755,187
/content/data/Preprocessed CT scans/pCT/pCT1282.jpg,pCT,1,1282,375
/content/data/Preprocessed CT scans/pCT/pCT3973.jpg,pCT,1,3973,397
/content/data/Preprocessed CT scans/pCT/pCT87.jpg,pCT,1,87,46
/content/data/Preprocessed CT scans/pCT/pCT2761.jpg,pCT,1,2761,342
/content/data/Preprocessed CT scans/pCT/pCT2289.jpg,pCT,1,2289,266
/content/data/Preprocessed CT scans/pCT/pCT858.jpg,pCT,1,858,337
/content/data/Preprocessed CT scans/pCT/pCT2048.jpg,pCT,1,2048,302
/content/data/Preprocessed CT scans/pCT/pCT3855.jpg,pCT,1,3855,115
/content/data/Preprocessed CT scans/pCT/pCT324.jpg,pCT,1,324,46
/content/data/Preprocessed CT scans/pCT/pCT1392.jpg,pCT,1,1392,113
/content/data/Preprocessed CT scans/pCT/pCT1061.jpg,pCT,1,1061,113
/content/data/Preprocessed CT scans/pCT/pCT3915.jpg,pCT,1,3915,127
/content/data/Preprocessed CT scans/pCT/pCT452.jpg,pCT,1,452,1
/content/data/Preprocessed CT scans/pCT/pCT2391.jpg,pCT,1,2391,325
/content/data/Preprocessed CT scans/pCT/pCT817.jpg,pCT,1,817,337
/content/data/Preprocessed CT scans/pCT/pCT1169.jpg,pCT,1,1169,66
/content/data/Preprocessed CT scans/pCT/pCT1617.jpg,pCT,1,1617,302
/content/data/Preprocessed CT scans/pCT/pCT588.jpg,pCT,1,588,287
/content/data/Preprocessed CT scans/pCT/pCT2902.jpg,pCT,1,2902,181
/content/data/Preprocessed CT scans/pCT/pCT577.jpg,pCT,1,577,15
/content/data/Preprocessed CT scans/pCT/pCT3728.jpg,pCT,1,3728,370
/content/data/Preprocessed CT scans/pCT/pCT1861.jpg,pCT,1,1861,270
/content/data/Preprocessed CT scans/pCT/pCT2126.jpg,pCT,1,2126,297
/content/data/Preprocessed CT scans/pCT/pCT1808.jpg,pCT,1,1808,97
/content/data/Preprocessed CT scans/pCT/pCT1535.jpg,pCT,1,1535,375
/content/data/Preprocessed CT scans/pCT/pCT1261.jpg,pCT,1,1261,113
/content/data/Preprocessed CT scans/pCT/pCT2748.jpg,pCT,1,2748,387
/content/data/Preprocessed CT scans/pCT/pCT1348.jpg,pCT,1,1348,131
/content/data/Preprocessed CT scans/pCT/pCT3608.jpg,pCT,1,3608,139
/content/data/Preprocessed CT scans/pCT/pCT1102.jpg,pCT,1,1102,117
/content/data/Preprocessed CT scans/pCT/pCT2530.jpg,pCT,1,2530,228
/content/data/Preprocessed CT scans/pCT/pCT1614.jpg,pCT,1,1614,12
/content/data/Preprocessed CT scans/pCT/pCT365.jpg,pCT,1,365,184
/content/data/Preprocessed CT scans/pCT/pCT1059.jpg,pCT,1,1059,147
/content/data/Preprocessed CT scans/pCT/pCT1237.jpg,pCT,1,1237,327
/content/data/Preprocessed CT scans/pCT/pCT2134.jpg,pCT,1,2134,297
/content/data/Preprocessed CT scans/pCT/pCT600.jpg,pCT,1,600,291
/content/data/Preprocessed CT scans/pCT/pCT1839.jpg,pCT,1,1839,270
/content/data/Preprocessed CT scans/pCT/pCT2448.jpg,pCT,1,2448,73
/content/data/Preprocessed CT scans/pCT/pCT3015.jpg,pCT,1,3015,159
/content/data/Preprocessed CT scans/pCT/pCT1514.jpg,pCT,1,1514,35
/content/data/Preprocessed CT scans/pCT/pCT3363.jpg,pCT,1,3363,71
/content/data/Preprocessed CT scans/pCT/pCT3906.jpg,pCT,1,3906,127
/content/data/Preprocessed CT scans/pCT/pCT619.jpg,pCT,1,619,15
/content/data/Preprocessed CT scans/pCT/pCT3240.jpg,pCT,1,3240,149
/content/data/Preprocessed CT scans/pCT/pCT218.jpg,pCT,1,218,202
/content/data/Preprocessed CT scans/pCT/pCT3733.jpg,pCT,1,3733,382
/content/data/Preprocessed CT scans/pCT/pCT2948.jpg,pCT,1,2948,379
/content/data/Preprocessed CT scans/pCT/pCT2634.jpg,pCT,1,2634,166
/content/data/Preprocessed CT scans/pCT/pCT1298.jpg,pCT,1,1298,375
/content/data/Preprocessed CT scans/pCT/pCT1778.jpg,pCT,1,1778,252
/content/data/Preprocessed CT scans/pCT/pCT3743.jpg,pCT,1,3743,187
/content/data/Preprocessed CT scans/pCT/pCT3739.jpg,pCT,1,3739,382
/content/data/Preprocessed CT scans/pCT/pCT3271.jpg,pCT,1,3271,7
/content/data/Preprocessed CT scans/pCT/pCT1076.jpg,pCT,1,1076,170
/content/data/Preprocessed CT scans/pCT/pCT1126.jpg,pCT,1,1126,360
/content/data/Preprocessed CT scans/pCT/pCT3722.jpg,pCT,1,3722,370
/content/data/Preprocessed CT scans/pCT/pCT106.jpg,pCT,1,106,84
/content/data/Preprocessed CT scans/pCT/pCT2873.jpg,pCT,1,2873,283
/content/data/Preprocessed CT scans/pCT/pCT738.jpg,pCT,1,738,53
/content/data/Preprocessed CT scans/pCT/pCT1377.jpg,pCT,1,1377,55
/content/data/Preprocessed CT scans/pCT/pCT3953.jpg,pCT,1,3953,94
/content/data/Preprocessed CT scans/pCT/pCT885.jpg,pCT,1,885,343
/content/data/Preprocessed CT scans/pCT/pCT3909.jpg,pCT,1,3909,127
/content/data/Preprocessed CT scans/pCT/pCT2045.jpg,pCT,1,2045,302
/content/data/Preprocessed CT scans/pCT/pCT1751.jpg,pCT,1,1751,296
/content/data/Preprocessed CT scans/pCT/pCT191.jpg,pCT,1,191,202
/content/data/Preprocessed CT scans/pCT/pCT1530.jpg,pCT,1,1530,84
/content/data/Preprocessed CT scans/pCT/pCT3177.jpg,pCT,1,3177,226
/content/data/Preprocessed CT scans/pCT/pCT3320.jpg,pCT,1,3320,44
/content/data/Preprocessed CT scans/pCT/pCT3536.jpg,pCT,1,3536,76
/content/data/Preprocessed CT scans/pCT/pCT167.jpg,pCT,1,167,202
/content/data/Preprocessed CT scans/pCT/pCT2433.jpg,pCT,1,2433,73
/content/data/Preprocessed CT scans/pCT/pCT2246.jpg,pCT,1,2246,157
/content/data/Preprocessed CT scans/pCT/pCT3027.jpg,pCT,1,3027,391
/content/data/Preprocessed CT scans/pCT/pCT1382.jpg,pCT,1,1382,375
/content/data/Preprocessed CT scans/pCT/pCT1505.jpg,pCT,1,1505,131
/content/data/Preprocessed CT scans/pCT/pCT2683.jpg,pCT,1,2683,255
/content/data/Preprocessed CT scans/pCT/pCT3825.jpg,pCT,1,3825,71
/content/data/Preprocessed CT scans/pCT/pCT725.jpg,pCT,1,725,170
/content/data/Preprocessed CT scans/pCT/pCT906.jpg,pCT,1,906,117
/content/data/Preprocessed CT scans/pCT/pCT3974.jpg,pCT,1,3974,94
/content/data/Preprocessed CT scans/pCT/pCT3758.jpg,pCT,1,3758,187
/content/data/Preprocessed CT scans/pCT/pCT2034.jpg,pCT,1,2034,302
/content/data/Preprocessed CT scans/pCT/pCT1559.jpg,pCT,1,1559,12
/content/data/Preprocessed CT scans/pCT/pCT541.jpg,pCT,1,541,1
/content/data/Preprocessed CT scans/pCT/pCT2531.jpg,pCT,1,2531,228
/content/data/Preprocessed CT scans/pCT/pCT2454.jpg,pCT,1,2454,73
/content/data/Preprocessed CT scans/pCT/pCT1428.jpg,pCT,1,1428,360
/content/data/Preprocessed CT scans/pCT/pCT320.jpg,pCT,1,320,147
/content/data/Preprocessed CT scans/pCT/pCT1306.jpg,pCT,1,1306,131
/content/data/Preprocessed CT scans/pCT/pCT3749.jpg,pCT,1,3749,187
/content/data/Preprocessed CT scans/pCT/pCT1522.jpg,pCT,1,1522,84
/content/data/Preprocessed CT scans/pCT/pCT3563.jpg,pCT,1,3563,242
/content/data/Preprocessed CT scans/pCT/pCT1280.jpg,pCT,1,1280,165
/content/data/Preprocessed CT scans/pCT/pCT1329.jpg,pCT,1,1329,35
/content/data/Preprocessed CT scans/pCT/pCT3159.jpg,pCT,1,3159,295
/content/data/Preprocessed CT scans/pCT/pCT1158.jpg,pCT,1,1158,117
/content/data/Preprocessed CT scans/pCT/pCT1438.jpg,pCT,1,1438,343
/content/data/Preprocessed CT scans/pCT/pCT824.jpg,pCT,1,824,170
/content/data/Preprocessed CT scans/pCT/pCT1534.jpg,pCT,1,1534,84
/content/data/Preprocessed CT scans/pCT/pCT224.jpg,pCT,1,224,278
/content/data/Preprocessed CT scans/pCT/pCT1039.jpg,pCT,1,1039,343
/content/data/Preprocessed CT scans/pCT/pCT1173.jpg,pCT,1,1173,113
/content/data/Preprocessed CT scans/pCT/pCT1563.jpg,pCT,1,1563,131
/content/data/Preprocessed CT scans/pCT/pCT2256.jpg,pCT,1,2256,157
/content/data/Preprocessed CT scans/pCT/pCT88.jpg,pCT,1,88,96
/content/data/Preprocessed CT scans/pCT/pCT702.jpg,pCT,1,702,337
/content/data/Preprocessed CT scans/pCT/pCT3226.jpg,pCT,1,3226,225
/content/data/Preprocessed CT scans/pCT/pCT2282.jpg,pCT,1,2282,266
/content/data/Preprocessed CT scans/pCT/pCT201.jpg,pCT,1,201,46
/content/data/Preprocessed CT scans/pCT/pCT3808.jpg,pCT,1,3808,44
/content/data/Preprocessed CT scans/pCT/pCT2431.jpg,pCT,1,2431,73
/content/data/Preprocessed CT scans/pCT/pCT3376.jpg,pCT,1,3376,218
/content/data/Preprocessed CT scans/pCT/pCT1809.jpg,pCT,1,1809,359
/content/data/Preprocessed CT scans/pCT/pCT1799.jpg,pCT,1,1799,252
/content/data/Preprocessed CT scans/pCT/pCT612.jpg,pCT,1,612,46
/content/data/Preprocessed CT scans/pCT/pCT642.jpg,pCT,1,642,291
/content/data/Preprocessed CT scans/pCT/pCT472.jpg,pCT,1,472,46
/content/data/Preprocessed CT scans/pCT/pCT3612.jpg,pCT,1,3612,139
/content/data/Preprocessed CT scans/pCT/pCT3737.jpg,pCT,1,3737,382
/content/data/Preprocessed CT scans/pCT/pCT3087.jpg,pCT,1,3087,59
/content/data/Preprocessed CT scans/pCT/pCT621.jpg,pCT,1,621,194
/content/data/Preprocessed CT scans/pCT/pCT3123.jpg,pCT,1,3123,159
/content/data/Preprocessed CT scans/pCT/pCT3807.jpg,pCT,1,3807,44
/content/data/Preprocessed CT scans/pCT/pCT3827.jpg,pCT,1,3827,73
/content/data/Preprocessed CT scans/pCT/pCT502.jpg,pCT,1,502,291
/content/data/Preprocessed CT scans/pCT/pCT1034.jpg,pCT,1,1034,170
/content/data/Preprocessed CT scans/pCT/pCT1750.jpg,pCT,1,1750,252
/content/data/Preprocessed CT scans/pCT/pCT237.jpg,pCT,1,237,259
/content/data/Preprocessed CT scans/pCT/pCT350.jpg,pCT,1,350,46
/content/data/Preprocessed CT scans/pCT/pCT3888.jpg,pCT,1,3888,348
/content/data/Preprocessed CT scans/pCT/pCT336.jpg,pCT,1,336,197
/content/data/Preprocessed CT scans/pCT/pCT1891.jpg,pCT,1,1891,252
/content/data/Preprocessed CT scans/pCT/pCT2241.jpg,pCT,1,2241,157
/content/data/Preprocessed CT scans/pCT/pCT469.jpg,pCT,1,469,147
/content/data/Preprocessed CT scans/pCT/pCT348.jpg,pCT,1,348,161
/content/data/Preprocessed CT scans/pCT/pCT1003.jpg,pCT,1,1003,147
/content/data/Preprocessed CT scans/pCT/pCT2121.jpg,pCT,1,2121,297
/content/data/Preprocessed CT scans/pCT/pCT2758.jpg,pCT,1,2758,247
/content/data/Preprocessed CT scans/pCT/pCT675.jpg,pCT,1,675,15
/content/data/Preprocessed CT scans/pCT/pCT578.jpg,pCT,1,578,291
/content/data/Preprocessed CT scans/pCT/pCT1322.jpg,pCT,1,1322,113
/content/data/Preprocessed CT scans/pCT/pCT3149.jpg,pCT,1,3149,262
/content/data/Preprocessed CT scans/pCT/pCT503.jpg,pCT,1,503,184
/content/data/Preprocessed CT scans/pCT/pCT1668.jpg,pCT,1,1668,97
/content/data/Preprocessed CT scans/pCT/pCT3513.jpg,pCT,1,3513,76
/content/data/Preprocessed CT scans/pCT/pCT2709.jpg,pCT,1,2709,28
/content/data/Preprocessed CT scans/pCT/pCT3405.jpg,pCT,1,3405,218
/content/data/Preprocessed CT scans/pCT/pCT3889.jpg,pCT,1,3889,348
/content/data/Preprocessed CT scans/pCT/pCT153.jpg,pCT,1,153,202
/content/data/Preprocessed CT scans/pCT/pCT2292.jpg,pCT,1,2292,266
/content/data/Preprocessed CT scans/pCT/pCT1905.jpg,pCT,1,1905,270
/content/data/Preprocessed CT scans/pCT/pCT1144.jpg,pCT,1,1144,117
/content/data/Preprocessed CT scans/pCT/pCT1216.jpg,pCT,1,1216,170
/content/data/Preprocessed CT scans/pCT/pCT586.jpg,pCT,1,586,291
/content/data/Preprocessed CT scans/pCT/pCT1127.jpg,pCT,1,1127,66
/content/data/Preprocessed CT scans/pCT/pCT241.jpg,pCT,1,241,197
/content/data/Preprocessed CT scans/pCT/pCT807.jpg,pCT,1,807,147
/content/data/Preprocessed CT scans/pCT/pCT2408.jpg,pCT,1,2408,44
/content/data/Preprocessed CT scans/pCT/pCT3530.jpg,pCT,1,3530,76
/content/data/Preprocessed CT scans/pCT/pCT3343.jpg,pCT,1,3343,71
/content/data/Preprocessed CT scans/pCT/pCT515.jpg,pCT,1,515,223
/content/data/Preprocessed CT scans/pCT/pCT2273.jpg,pCT,1,2273,226
/content/data/Preprocessed CT scans/pCT/pCT2031.jpg,pCT,1,2031,302
/content/data/Preprocessed CT scans/pCT/pCT703.jpg,pCT,1,703,15
/content/data/Preprocessed CT scans/pCT/pCT1858.jpg,pCT,1,1858,97
/content/data/Preprocessed CT scans/pCT/pCT2108.jpg,pCT,1,2108,128
/content/data/Preprocessed CT scans/pCT/pCT3762.jpg,pCT,1,3762,3
/content/data/Preprocessed CT scans/pCT/pCT649.jpg,pCT,1,649,194
/content/data/Preprocessed CT scans/pCT/pCT3350.jpg,pCT,1,3350,71
/content/data/Preprocessed CT scans/pCT/pCT2670.jpg,pCT,1,2670,225
/content/data/Preprocessed CT scans/pCT/pCT1829.jpg,pCT,1,1829,270
/content/data/Preprocessed CT scans/pCT/pCT3279.jpg,pCT,1,3279,7
/content/data/Preprocessed CT scans/pCT/pCT1381.jpg,pCT,1,1381,84
/content/data/Preprocessed CT scans/pCT/pCT1760.jpg,pCT,1,1760,359
/content/data/Preprocessed CT scans/pCT/pCT1198.jpg,pCT,1,1198,12
/content/data/Preprocessed CT scans/pCT/pCT164.jpg,pCT,1,164,278
/content/data/Preprocessed CT scans/pCT/pCT178.jpg,pCT,1,178,259
/content/data/Preprocessed CT scans/pCT/pCT2640.jpg,pCT,1,2640,166
/content/data/Preprocessed CT scans/pCT/pCT2139.jpg,pCT,1,2139,297
/content/data/Preprocessed CT scans/pCT/pCT584.jpg,pCT,1,584,46
/content/data/Preprocessed CT scans/pCT/pCT2753.jpg,pCT,1,2753,387
/content/data/Preprocessed CT scans/pCT/pCT3190.jpg,pCT,1,3190,226
/content/data/Preprocessed CT scans/pCT/pCT569.jpg,pCT,1,569,53
/content/data/Preprocessed CT scans/pCT/pCT3519.jpg,pCT,1,3519,76
/content/data/Preprocessed CT scans/pCT/pCT954.jpg,pCT,1,954,194
/content/data/Preprocessed CT scans/pCT/pCT3776.jpg,pCT,1,3776,65
/content/data/Preprocessed CT scans/pCT/pCT747.jpg,pCT,1,747,291
/content/data/Preprocessed CT scans/pCT/pCT1982.jpg,pCT,1,1982,183
/content/data/Preprocessed CT scans/pCT/pCT2404.jpg,pCT,1,2404,44
/content/data/Preprocessed CT scans/pCT/pCT3388.jpg,pCT,1,3388,218
/content/data/Preprocessed CT scans/pCT/pCT3246.jpg,pCT,1,3246,70
/content/data/Preprocessed CT scans/pCT/pCT2243.jpg,pCT,1,2243,157
/content/data/Preprocessed CT scans/pCT/pCT732.jpg,pCT,1,732,15
/content/data/Preprocessed CT scans/pCT/pCT3960.jpg,pCT,1,3960,391
/content/data/Preprocessed CT scans/pCT/pCT3674.jpg,pCT,1,3674,309
/content/data/Preprocessed CT scans/pCT/pCT2690.jpg,pCT,1,2690,255
/content/data/Preprocessed CT scans/pCT/pCT3233.jpg,pCT,1,3233,225
/content/data/Preprocessed CT scans/pCT/pCT2230.jpg,pCT,1,2230,157
/content/data/Preprocessed CT scans/pCT/pCT3572.jpg,pCT,1,3572,35
/content/data/Preprocessed CT scans/pCT/pCT550.jpg,pCT,1,550,291
/content/data/Preprocessed CT scans/pCT/pCT1626.jpg,pCT,1,1626,35
/content/data/Preprocessed CT scans/pCT/pCT781.jpg,pCT,1,781,170
/content/data/Preprocessed CT scans/pCT/pCT488.jpg,pCT,1,488,291
/content/data/Preprocessed CT scans/pCT/pCT1333.jpg,pCT,1,1333,360
/content/data/Preprocessed CT scans/pCT/pCT3900.jpg,pCT,1,3900,127
/content/data/Preprocessed CT scans/pCT/pCT512.jpg,pCT,1,512,117
/content/data/Preprocessed CT scans/pCT/pCT1433.jpg,pCT,1,1433,346
/content/data/Preprocessed CT scans/pCT/pCT3219.jpg,pCT,1,3219,366
/content/data/Preprocessed CT scans/pCT/pCT2318.jpg,pCT,1,2318,149
/content/data/Preprocessed CT scans/pCT/pCT531.jpg,pCT,1,531,184
/content/data/Preprocessed CT scans/pCT/pCT413.jpg,pCT,1,413,147
/content/data/Preprocessed CT scans/pCT/pCT3167.jpg,pCT,1,3167,226
/content/data/Preprocessed CT scans/pCT/pCT3120.jpg,pCT,1,3120,262
/content/data/Preprocessed CT scans/pCT/pCT1579.jpg,pCT,1,1579,375
/content/data/Preprocessed CT scans/pCT/pCT3627.jpg,pCT,1,3627,198
/content/data/Preprocessed CT scans/pCT/pCT652.jpg,pCT,1,652,117
/content/data/Preprocessed CT scans/pCT/pCT13.jpg,pCT,1,13,1
/content/data/Preprocessed CT scans/pCT/pCT2704.jpg,pCT,1,2704,28
/content/data/Preprocessed CT scans/pCT/pCT3323.jpg,pCT,1,3323,44
/content/data/Preprocessed CT scans/pCT/pCT2784.jpg,pCT,1,2784,69
/content/data/Preprocessed CT scans/pCT/pCT1955.jpg,pCT,1,1955,396
/content/data/Preprocessed CT scans/pCT/pCT720.jpg,pCT,1,720,360
/content/data/Preprocessed CT scans/pCT/pCT1335.jpg,pCT,1,1335,55
/content/data/Preprocessed CT scans/pCT/pCT83.jpg,pCT,1,83,46
/content/data/Preprocessed CT scans/pCT/pCT3636.jpg,pCT,1,3636,198
/content/data/Preprocessed CT scans/pCT/pCT353.jpg,pCT,1,353,287
/content/data/Preprocessed CT scans/pCT/pCT3419.jpg,pCT,1,3419,138
/content/data/Preprocessed CT scans/pCT/pCT3074.jpg,pCT,1,3074,59
/content/data/Preprocessed CT scans/pCT/pCT3162.jpg,pCT,1,3162,295
/content/data/Preprocessed CT scans/pCT/pCT788.jpg,pCT,1,788,15
/content/data/Preprocessed CT scans/pCT/pCT3516.jpg,pCT,1,3516,76
/content/data/Preprocessed CT scans/pCT/pCT2733.jpg,pCT,1,2733,387
/content/data/Preprocessed CT scans/pCT/pCT2659.jpg,pCT,1,2659,225
/content/data/Preprocessed CT scans/pCT/pCT2221.jpg,pCT,1,2221,274
/content/data/Preprocessed CT scans/pCT/pCT3064.jpg,pCT,1,3064,59
/content/data/Preprocessed CT scans/pCT/pCT1554.jpg,pCT,1,1554,89
/content/data/Preprocessed CT scans/pCT/pCT2365.jpg,pCT,1,2365,289
/content/data/Preprocessed CT scans/pCT/pCT1479.jpg,pCT,1,1479,302
/content/data/Preprocessed CT scans/pCT/pCT1801.jpg,pCT,1,1801,97
/content/data/Preprocessed CT scans/pCT/pCT3115.jpg,pCT,1,3115,262
/content/data/Preprocessed CT scans/pCT/pCT3748.jpg,pCT,1,3748,187
/content/data/Preprocessed CT scans/pCT/pCT2800.jpg,pCT,1,2800,69
/content/data/Preprocessed CT scans/pCT/pCT1321.jpg,pCT,1,1321,55
/content/data/Preprocessed CT scans/pCT/pCT2094.jpg,pCT,1,2094,387
/content/data/Preprocessed CT scans/pCT/pCT1178.jpg,pCT,1,1178,219
/content/data/Preprocessed CT scans/pCT/pCT2056.jpg,pCT,1,2056,245
/content/data/Preprocessed CT scans/pCT/pCT289.jpg,pCT,1,289,259
/content/data/Preprocessed CT scans/pCT/pCT486.jpg,pCT,1,486,46
/content/data/Preprocessed CT scans/pCT/pCT3763.jpg,pCT,1,3763,3
/content/data/Preprocessed CT scans/pCT/pCT545.jpg,pCT,1,545,184
/content/data/Preprocessed CT scans/pCT/pCT2460.jpg,pCT,1,2460,73
/content/data/Preprocessed CT scans/pCT/pCT1422.jpg,pCT,1,1422,375
/content/data/Preprocessed CT scans/pCT/pCT1384.jpg,pCT,1,1384,219
/content/data/Preprocessed CT scans/pCT/pCT2894.jpg,pCT,1,2894,181
/content/data/Preprocessed CT scans/pCT/pCT3609.jpg,pCT,1,3609,139
/content/data/Preprocessed CT scans/pCT/pCT3918.jpg,pCT,1,3918,127
/content/data/Preprocessed CT scans/pCT/pCT3160.jpg,pCT,1,3160,295
/content/data/Preprocessed CT scans/pCT/pCT3079.jpg,pCT,1,3079,391
/content/data/Preprocessed CT scans/pCT/pCT368.jpg,pCT,1,368,278
/content/data/Preprocessed CT scans/pCT/pCT2773.jpg,pCT,1,2773,342
/content/data/Preprocessed CT scans/pCT/pCT412.jpg,pCT,1,412,258
/content/data/Preprocessed CT scans/pCT/pCT719.jpg,pCT,1,719,291
/content/data/Preprocessed CT scans/pCT/pCT875.jpg,pCT,1,875,66
/content/data/Preprocessed CT scans/pCT/pCT479.jpg,pCT,1,479,15
/content/data/Preprocessed CT scans/pCT/pCT3012.jpg,pCT,1,3012,5
/content/data/Preprocessed CT scans/pCT/pCT2880.jpg,pCT,1,2880,283
/content/data/Preprocessed CT scans/pCT/pCT972.jpg,pCT,1,972,131
/content/data/Preprocessed CT scans/pCT/pCT1890.jpg,pCT,1,1890,270
/content/data/Preprocessed CT scans/pCT/pCT1960.jpg,pCT,1,1960,183
/content/data/Preprocessed CT scans/pCT/pCT1929.jpg,pCT,1,1929,374
/content/data/Preprocessed CT scans/pCT/pCT3361.jpg,pCT,1,3361,71
/content/data/Preprocessed CT scans/pCT/pCT2541.jpg,pCT,1,2541,228
/content/data/Preprocessed CT scans/pCT/pCT1836.jpg,pCT,1,1836,359
/content/data/Preprocessed CT scans/pCT/pCT1263.jpg,pCT,1,1263,89
/content/data/Preprocessed CT scans/pCT/pCT1872.jpg,pCT,1,1872,270
/content/data/Preprocessed CT scans/pCT/pCT1370.jpg,pCT,1,1370,219
/content/data/Preprocessed CT scans/pCT/pCT1414.jpg,pCT,1,1414,302
/content/data/Preprocessed CT scans/pCT/pCT2271.jpg,pCT,1,2271,226
/content/data/Preprocessed CT scans/pCT/pCT637.jpg,pCT,1,637,1
/content/data/Preprocessed CT scans/pCT/pCT1715.jpg,pCT,1,1715,327
/content/data/Preprocessed CT scans/pCT/pCT194.jpg,pCT,1,194,258
/content/data/Preprocessed CT scans/pCT/pCT1499.jpg,pCT,1,1499,375
/content/data/Preprocessed CT scans/pCT/pCT104.jpg,pCT,1,104,202
/content/data/Preprocessed CT scans/pCT/pCT1683.jpg,pCT,1,1683,35
/content/data/Preprocessed CT scans/pCT/pCT2665.jpg,pCT,1,2665,225
/content/data/Preprocessed CT scans/pCT/pCT2400.jpg,pCT,1,2400,198
/content/data/Preprocessed CT scans/pCT/pCT2111.jpg,pCT,1,2111,128
/content/data/Preprocessed CT scans/pCT/pCT1192.jpg,pCT,1,1192,219
/content/data/Preprocessed CT scans/pCT/pCT3047.jpg,pCT,1,3047,391
/content/data/Preprocessed CT scans/pCT/pCT1946.jpg,pCT,1,1946,396
/content/data/Preprocessed CT scans/pCT/pCT3527.jpg,pCT,1,3527,76
/content/data/Preprocessed CT scans/pCT/pCT3673.jpg,pCT,1,3673,73
/content/data/Preprocessed CT scans/pCT/pCT3017.jpg,pCT,1,3017,159
/content/data/Preprocessed CT scans/pCT/pCT425.jpg,pCT,1,425,194
/content/data/Preprocessed CT scans/pCT/pCT1780.jpg,pCT,1,1780,97
/content/data/Preprocessed CT scans/pCT/pCT2884.jpg,pCT,1,2884,181
/content/data/Preprocessed CT scans/pCT/pCT3182.jpg,pCT,1,3182,226
/content/data/Preprocessed CT scans/pCT/pCT2891.jpg,pCT,1,2891,181
/content/data/Preprocessed CT scans/pCT/pCT1976.jpg,pCT,1,1976,183
/content/data/Preprocessed CT scans/pCT/pCT2440.jpg,pCT,1,2440,73
/content/data/Preprocessed CT scans/pCT/pCT1308.jpg,pCT,1,1308,113
/content/data/Preprocessed CT scans/pCT/pCT1845.jpg,pCT,1,1845,97
/content/data/Preprocessed CT scans/pCT/pCT1943.jpg,pCT,1,1943,374
/content/data/Preprocessed CT scans/pCT/pCT427.jpg,pCT,1,427,147
/content/data/Preprocessed CT scans/pCT/pCT75.jpg,pCT,1,75,46
/content/data/Preprocessed CT scans/pCT/pCT329.jpg,pCT,1,329,278
/content/data/Preprocessed CT scans/pCT/pCT3179.jpg,pCT,1,3179,226
/content/data/Preprocessed CT scans/pCT/pCT1755.jpg,pCT,1,1755,196
/content/data/Preprocessed CT scans/pCT/pCT2926.jpg,pCT,1,2926,265
/content/data/Preprocessed CT scans/pCT/pCT3220.jpg,pCT,1,3220,225
/content/data/Preprocessed CT scans/pCT/pCT1240.jpg,pCT,1,1240,327
/content/data/Preprocessed CT scans/pCT/pCT363.jpg,pCT,1,363,46
/content/data/Preprocessed CT scans/pCT/pCT2861.jpg,pCT,1,2861,312
/content/data/Preprocessed CT scans/pCT/pCT1272.jpg,pCT,1,1272,327
/content/data/Preprocessed CT scans/pCT/pCT646.jpg,pCT,1,646,337
/content/data/Preprocessed CT scans/pCT/pCT250.jpg,pCT,1,250,259
/content/data/Preprocessed CT scans/pCT/pCT1121.jpg,pCT,1,1121,77
/content/data/Preprocessed CT scans/pCT/pCT1636.jpg,pCT,1,1636,12
/content/data/Preprocessed CT scans/pCT/pCT941.jpg,pCT,1,941,343
/content/data/Preprocessed CT scans/pCT/pCT394.jpg,pCT,1,394,337
/content/data/Preprocessed CT scans/pCT/pCT417.jpg,pCT,1,417,223
/content/data/Preprocessed CT scans/pCT/pCT836.jpg,pCT,1,836,117
/content/data/Preprocessed CT scans/pCT/pCT1203.jpg,pCT,1,1203,291
/content/data/Preprocessed CT scans/pCT/pCT655.jpg,pCT,1,655,170
/content/data/Preprocessed CT scans/pCT/pCT2692.jpg,pCT,1,2692,255
/content/data/Preprocessed CT scans/pCT/pCT2402.jpg,pCT,1,2402,198
/content/data/Preprocessed CT scans/pCT/pCT462.jpg,pCT,1,462,287
/content/data/Preprocessed CT scans/pCT/pCT2723.jpg,pCT,1,2723,292
/content/data/Preprocessed CT scans/pCT/pCT3968.jpg,pCT,1,3968,397
/content/data/Preprocessed CT scans/pCT/pCT804.jpg,pCT,1,804,66
/content/data/Preprocessed CT scans/pCT/pCT274.jpg,pCT,1,274,184
/content/data/Preprocessed CT scans/pCT/pCT2772.jpg,pCT,1,2772,342
/content/data/Preprocessed CT scans/pCT/pCT1949.jpg,pCT,1,1949,396
/content/data/Preprocessed CT scans/pCT/pCT1390.jpg,pCT,1,1390,131
/content/data/Preprocessed CT scans/pCT/pCT1312.jpg,pCT,1,1312,375
/content/data/Preprocessed CT scans/pCT/pCT803.jpg,pCT,1,803,291
/content/data/Preprocessed CT scans/pCT/pCT2591.jpg,pCT,1,2591,346
/content/data/Preprocessed CT scans/pCT/pCT3395.jpg,pCT,1,3395,218
/content/data/Preprocessed CT scans/pCT/pCT1953.jpg,pCT,1,1953,396
/content/data/Preprocessed CT scans/pCT/pCT2663.jpg,pCT,1,2663,225
/content/data/Preprocessed CT scans/pCT/pCT2446.jpg,pCT,1,2446,73
/content/data/Preprocessed CT scans/pCT/pCT1523.jpg,pCT,1,1523,375
/content/data/Preprocessed CT scans/pCT/pCT279.jpg,pCT,1,279,1
/content/data/Preprocessed CT scans/pCT/pCT473.jpg,pCT,1,473,223
/content/data/Preprocessed CT scans/pCT/pCT2270.jpg,pCT,1,2270,226
/content/data/Preprocessed CT scans/pCT/pCT1495.jpg,pCT,1,1495,55
/content/data/Preprocessed CT scans/pCT/pCT3799.jpg,pCT,1,3799,44
/content/data/Preprocessed CT scans/pCT/pCT1052.jpg,pCT,1,1052,219
/content/data/Preprocessed CT scans/pCT/pCT134.jpg,pCT,1,134,46
/content/data/Preprocessed CT scans/pCT/pCT3030.jpg,pCT,1,3030,159
/content/data/Preprocessed CT scans/pCT/pCT1252.jpg,pCT,1,1252,219
/content/data/Preprocessed CT scans/pCT/pCT1448.jpg,pCT,1,1448,375
/content/data/Preprocessed CT scans/pCT/pCT3362.jpg,pCT,1,3362,71
/content/data/Preprocessed CT scans/pCT/pCT743.jpg,pCT,1,743,194
/content/data/Preprocessed CT scans/pCT/pCT485.jpg,pCT,1,485,1
/content/data/Preprocessed CT scans/pCT/pCT2896.jpg,pCT,1,2896,181
/content/data/Preprocessed CT scans/pCT/pCT3203.jpg,pCT,1,3203,366
/content/data/Preprocessed CT scans/pCT/pCT1935.jpg,pCT,1,1935,374
/content/data/Preprocessed CT scans/pCT/pCT3922.jpg,pCT,1,3922,127
/content/data/Preprocessed CT scans/pCT/pCT1772.jpg,pCT,1,1772,296
/content/data/Preprocessed CT scans/pCT/pCT3207.jpg,pCT,1,3207,366
/content/data/Preprocessed CT scans/pCT/pCT3007.jpg,pCT,1,3007,391
/content/data/Preprocessed CT scans/pCT/pCT611.jpg,pCT,1,611,53
/content/data/Preprocessed CT scans/pCT/pCT1288.jpg,pCT,1,1288,327
/content/data/Preprocessed CT scans/pCT/pCT2119.jpg,pCT,1,2119,128
/content/data/Preprocessed CT scans/pCT/pCT808.jpg,pCT,1,808,117
/content/data/Preprocessed CT scans/pCT/pCT461.jpg,pCT,1,461,184
/content/data/Preprocessed CT scans/pCT/pCT1753.jpg,pCT,1,1753,359
/content/data/Preprocessed CT scans/pCT/pCT1238.jpg,pCT,1,1238,360
/content/data/Preprocessed CT scans/pCT/pCT1168.jpg,pCT,1,1168,360
/content/data/Preprocessed CT scans/pCT/pCT1716.jpg,pCT,1,1716,371
/content/data/Preprocessed CT scans/pCT/pCT869.jpg,pCT,1,869,303
/content/data/Preprocessed CT scans/pCT/pCT2179.jpg,pCT,1,2179,239
/content/data/Preprocessed CT scans/pCT/pCT1792.jpg,pCT,1,1792,252
/content/data/Preprocessed CT scans/pCT/pCT1156.jpg,pCT,1,1156,12
/content/data/Preprocessed CT scans/pCT/pCT2476.jpg,pCT,1,2476,225
/content/data/Preprocessed CT scans/pCT/pCT3817.jpg,pCT,1,3817,387
/content/data/Preprocessed CT scans/pCT/pCT3324.jpg,pCT,1,3324,44
/content/data/Preprocessed CT scans/pCT/pCT2359.jpg,pCT,1,2359,289
/content/data/Preprocessed CT scans/pCT/pCT1830.jpg,pCT,1,1830,97
/content/data/Preprocessed CT scans/pCT/pCT3644.jpg,pCT,1,3644,198
/content/data/Preprocessed CT scans/pCT/pCT3650.jpg,pCT,1,3650,198
/content/data/Preprocessed CT scans/pCT/pCT3982.jpg,pCT,1,3982,397
/content/data/Preprocessed CT scans/pCT/pCT1210.jpg,pCT,1,1210,360
/content/data/Preprocessed CT scans/pCT/pCT3568.jpg,pCT,1,3568,35
/content/data/Preprocessed CT scans/pCT/pCT2152.jpg,pCT,1,2152,78
/content/data/Preprocessed CT scans/pCT/pCT3948.jpg,pCT,1,3948,397
/content/data/Preprocessed CT scans/pCT/pCT1815.jpg,pCT,1,1815,97
/content/data/Preprocessed CT scans/pCT/pCT1279.jpg,pCT,1,1279,89
/content/data/Preprocessed CT scans/pCT/pCT1677.jpg,pCT,1,1677,97
/content/data/Preprocessed CT scans/pCT/pCT1081.jpg,pCT,1,1081,343
/content/data/Preprocessed CT scans/pCT/pCT3753.jpg,pCT,1,3753,187
/content/data/Preprocessed CT scans/pCT/pCT3680.jpg,pCT,1,3680,309
/content/data/Preprocessed CT scans/pCT/pCT1141.jpg,pCT,1,1141,66
/content/data/Preprocessed CT scans/pCT/pCT2390.jpg,pCT,1,2390,325
/content/data/Preprocessed CT scans/pCT/pCT526.jpg,pCT,1,526,117
/content/data/Preprocessed CT scans/pCT/pCT1783.jpg,pCT,1,1783,196
/content/data/Preprocessed CT scans/pCT/pCT1268.jpg,pCT,1,1268,219
/content/data/Preprocessed CT scans/pCT/pCT1084.jpg,pCT,1,1084,360
/content/data/Preprocessed CT scans/pCT/pCT238.jpg,pCT,1,238,278
/content/data/Preprocessed CT scans/pCT/pCT764.jpg,pCT,1,764,1
/content/data/Preprocessed CT scans/pCT/pCT3138.jpg,pCT,1,3138,262
/content/data/Preprocessed CT scans/pCT/pCT1056.jpg,pCT,1,1056,131
/content/data/Preprocessed CT scans/pCT/pCT968.jpg,pCT,1,968,219
/content/data/Preprocessed CT scans/pCT/pCT3564.jpg,pCT,1,3564,242
/content/data/Preprocessed CT scans/pCT/pCT500.jpg,pCT,1,500,46
/content/data/Preprocessed CT scans/pCT/pCT2554.jpg,pCT,1,2554,228
/content/data/Preprocessed CT scans/pCT/pCT554.jpg,pCT,1,554,117
/content/data/Preprocessed CT scans/pCT/pCT2064.jpg,pCT,1,2064,245
/content/data/Preprocessed CT scans/pCT/pCT351.jpg,pCT,1,351,223
/content/data/Preprocessed CT scans/pCT/pCT1070.jpg,pCT,1,1070,291
/content/data/Preprocessed CT scans/pCT/pCT2197.jpg,pCT,1,2197,88
/content/data/Preprocessed CT scans/pCT/pCT3573.jpg,pCT,1,3573,35
/content/data/Preprocessed CT scans/pCT/pCT2456.jpg,pCT,1,2456,73
/content/data/Preprocessed CT scans/pCT/pCT1651.jpg,pCT,1,1651,359
/content/data/Preprocessed CT scans/pCT/pCT3327.jpg,pCT,1,3327,44
/content/data/Preprocessed CT scans/pCT/pCT497.jpg,pCT,1,497,1
/content/data/Preprocessed CT scans/pCT/pCT2586.jpg,pCT,1,2586,346
/content/data/Preprocessed CT scans/pCT/pCT2169.jpg,pCT,1,2169,115
/content/data/Preprocessed CT scans/pCT/pCT2423.jpg,pCT,1,2423,73
/content/data/Preprocessed CT scans/pCT/pCT3575.jpg,pCT,1,3575,35
/content/data/Preprocessed CT scans/pCT/pCT2150.jpg,pCT,1,2150,78
/content/data/Preprocessed CT scans/pCT/pCT1174.jpg,pCT,1,1174,170
/content/data/Preprocessed CT scans/pCT/pCT827.jpg,pCT,1,827,303
/content/data/Preprocessed CT scans/pCT/pCT973.jpg,pCT,1,973,66
/content/data/Preprocessed CT scans/pCT/pCT2102.jpg,pCT,1,2102,128
/content/data/Preprocessed CT scans/pCT/pCT901.jpg,pCT,1,901,15
/content/data/Preprocessed CT scans/pCT/pCT3813.jpg,pCT,1,3813,387
/content/data/Preprocessed CT scans/pCT/pCT2046.jpg,pCT,1,2046,302
/content/data/Preprocessed CT scans/pCT/pCT3049.jpg,pCT,1,3049,5
/content/data/Preprocessed CT scans/pCT/pCT499.jpg,pCT,1,499,1
/content/data/Preprocessed CT scans/pCT/pCT1951.jpg,pCT,1,1951,396
/content/data/Preprocessed CT scans/pCT/pCT953.jpg,pCT,1,953,303
/content/data/Preprocessed CT scans/pCT/pCT1229.jpg,pCT,1,1229,113
/content/data/Preprocessed CT scans/pCT/pCT2785.jpg,pCT,1,2785,69
/content/data/Preprocessed CT scans/pCT/pCT3820.jpg,pCT,1,3820,387
/content/data/Preprocessed CT scans/pCT/pCT183.jpg,pCT,1,183,46
/content/data/Preprocessed CT scans/pCT/pCT1150.jpg,pCT,1,1150,219
/content/data/Preprocessed CT scans/pCT/pCT3897.jpg,pCT,1,3897,348
/content/data/Preprocessed CT scans/pCT/pCT776.jpg,pCT,1,776,66
/content/data/Preprocessed CT scans/pCT/pCT2899.jpg,pCT,1,2899,181
/content/data/Preprocessed CT scans/pCT/pCT1709.jpg,pCT,1,1709,12
/content/data/Preprocessed CT scans/pCT/pCT757.jpg,pCT,1,757,194
/content/data/Preprocessed CT scans/pCT/pCT235.jpg,pCT,1,235,184
/content/data/Preprocessed CT scans/pCT/pCT2538.jpg,pCT,1,2538,228
/content/data/Preprocessed CT scans/pCT/pCT1728.jpg,pCT,1,1728,97
/content/data/Preprocessed CT scans/pCT/pCT2738.jpg,pCT,1,2738,127
/content/data/Preprocessed CT scans/pCT/pCT1442.jpg,pCT,1,1442,131
/content/data/Preprocessed CT scans/pCT/pCT3529.jpg,pCT,1,3529,76
/content/data/Preprocessed CT scans/pCT/pCT2147.jpg,pCT,1,2147,78
/content/data/Preprocessed CT scans/pCT/pCT1351.jpg,pCT,1,1351,89
/content/data/Preprocessed CT scans/pCT/pCT3354.jpg,pCT,1,3354,71
/content/data/Preprocessed CT scans/pCT/pCT3051.jpg,pCT,1,3051,159
/content/data/Preprocessed CT scans/pCT/pCT1136.jpg,pCT,1,1136,219
/content/data/Preprocessed CT scans/pCT/pCT1873.jpg,pCT,1,1873,97
/content/data/Preprocessed CT scans/pCT/pCT992.jpg,pCT,1,992,170
/content/data/Preprocessed CT scans/pCT/pCT2068.jpg,pCT,1,2068,245
/content/data/Preprocessed CT scans/pCT/pCT267.jpg,pCT,1,267,197
/content/data/Preprocessed CT scans/pCT/pCT3645.jpg,pCT,1,3645,198
/content/data/Preprocessed CT scans/pCT/pCT3665.jpg,pCT,1,3665,198
/content/data/Preprocessed CT scans/pCT/pCT2106.jpg,pCT,1,2106,128
/content/data/Preprocessed CT scans/pCT/pCT1844.jpg,pCT,1,1844,270
/content/data/Preprocessed CT scans/pCT/pCT1833.jpg,pCT,1,1833,196
/content/data/Preprocessed CT scans/pCT/pCT1977.jpg,pCT,1,1977,183
/content/data/Preprocessed CT scans/pCT/pCT3917.jpg,pCT,1,3917,127
/content/data/Preprocessed CT scans/pCT/pCT2533.jpg,pCT,1,2533,228
/content/data/Preprocessed CT scans/pCT/pCT298.jpg,pCT,1,298,46
/content/data/Preprocessed CT scans/pCT/pCT2777.jpg,pCT,1,2777,342
/content/data/Preprocessed CT scans/pCT/pCT300.jpg,pCT,1,300,184
/content/data/Preprocessed CT scans/pCT/pCT765.jpg,pCT,1,765,117
/content/data/Preprocessed CT scans/pCT/pCT698.jpg,pCT,1,698,291
/content/data/Preprocessed CT scans/pCT/pCT2356.jpg,pCT,1,2356,327
/content/data/Preprocessed CT scans/pCT/pCT3512.jpg,pCT,1,3512,76
/content/data/Preprocessed CT scans/pCT/pCT683.jpg,pCT,1,683,170
/content/data/Preprocessed CT scans/pCT/pCT2276.jpg,pCT,1,2276,266
/content/data/Preprocessed CT scans/pCT/pCT661.jpg,pCT,1,661,15
/content/data/Preprocessed CT scans/pCT/pCT215.jpg,pCT,1,215,278
/content/data/Preprocessed CT scans/pCT/pCT2471.jpg,pCT,1,2471,225
/content/data/Preprocessed CT scans/pCT/pCT3742.jpg,pCT,1,3742,187
/content/data/Preprocessed CT scans/pCT/pCT975.jpg,pCT,1,975,147
/content/data/Preprocessed CT scans/pCT/pCT1820.jpg,pCT,1,1820,97
/content/data/Preprocessed CT scans/pCT/pCT1924.jpg,pCT,1,1924,374
/content/data/Preprocessed CT scans/pCT/pCT2780.jpg,pCT,1,2780,69
/content/data/Preprocessed CT scans/pCT/pCT1480.jpg,pCT,1,1480,131
/content/data/Preprocessed CT scans/pCT/pCT1435.jpg,pCT,1,1435,375
/content/data/Preprocessed CT scans/pCT/pCT715.jpg,pCT,1,715,194
/content/data/Preprocessed CT scans/pCT/pCT679.jpg,pCT,1,679,1
/content/data/Preprocessed CT scans/pCT/pCT2227.jpg,pCT,1,2227,274
/content/data/Preprocessed CT scans/pCT/pCT2054.jpg,pCT,1,2054,245
/content/data/Preprocessed CT scans/pCT/pCT1906.jpg,pCT,1,1906,252
/content/data/Preprocessed CT scans/pCT/pCT2148.jpg,pCT,1,2148,78
/content/data/Preprocessed CT scans/pCT/pCT35.jpg,pCT,1,35,1
/content/data/Preprocessed CT scans/pCT/pCT1338.jpg,pCT,1,1338,165
/content/data/Preprocessed CT scans/pCT/pCT863.jpg,pCT,1,863,147
/content/data/Preprocessed CT scans/pCT/pCT268.jpg,pCT,1,268,147
/content/data/Preprocessed CT scans/pCT/pCT3346.jpg,pCT,1,3346,71
/content/data/Preprocessed CT scans/pCT/pCT1749.jpg,pCT,1,1749,12
/content/data/Preprocessed CT scans/pCT/pCT2951.jpg,pCT,1,2951,379
/content/data/Preprocessed CT scans/pCT/pCT1200.jpg,pCT,1,1200,55
/content/data/Preprocessed CT scans/pCT/pCT3332.jpg,pCT,1,3332,44
/content/data/Preprocessed CT scans/pCT/pCT2854.jpg,pCT,1,2854,312
/content/data/Preprocessed CT scans/pCT/pCT310.jpg,pCT,1,310,197
/content/data/Preprocessed CT scans/pCT/pCT3037.jpg,pCT,1,3037,391
/content/data/Preprocessed CT scans/pCT/pCT2631.jpg,pCT,1,2631,166
/content/data/Preprocessed CT scans/pCT/pCT1659.jpg,pCT,1,1659,97
/content/data/Preprocessed CT scans/pCT/pCT3829.jpg,pCT,1,3829,140
/content/data/Preprocessed CT scans/pCT/pCT2314.jpg,pCT,1,2314,380
/content/data/Preprocessed CT scans/pCT/pCT3201.jpg,pCT,1,3201,366
/content/data/Preprocessed CT scans/pCT/pCT1489.jpg,pCT,1,1489,12
/content/data/Preprocessed CT scans/pCT/pCT3520.jpg,pCT,1,3520,76
/content/data/Preprocessed CT scans/pCT/pCT443.jpg,pCT,1,443,1
/content/data/Preprocessed CT scans/pCT/pCT1972.jpg,pCT,1,1972,183
/content/data/Preprocessed CT scans/pCT/pCT2725.jpg,pCT,1,2725,387
/content/data/Preprocessed CT scans/pCT/pCT1806.jpg,pCT,1,1806,252
/content/data/Preprocessed CT scans/pCT/pCT2035.jpg,pCT,1,2035,302
/content/data/Preprocessed CT scans/pCT/pCT14.jpg,pCT,1,14,1
/content/data/Preprocessed CT scans/pCT/pCT3161.jpg,pCT,1,3161,295
/content/data/Preprocessed CT scans/pCT/pCT539.jpg,pCT,1,539,1
/content/data/Preprocessed CT scans/pCT/pCT2746.jpg,pCT,1,2746,387
/content/data/Preprocessed CT scans/pCT/pCT3069.jpg,pCT,1,3069,5
/content/data/Preprocessed CT scans/pCT/pCT119.jpg,pCT,1,119,46
/content/data/Preprocessed CT scans/pCT/pCT1710.jpg,pCT,1,1710,252
/content/data/Preprocessed CT scans/pCT/pCT1334.jpg,pCT,1,1334,131
/content/data/Preprocessed CT scans/pCT/pCT2542.jpg,pCT,1,2542,228
/content/data/Preprocessed CT scans/pCT/pCT3184.jpg,pCT,1,3184,226
/content/data/Preprocessed CT scans/pCT/pCT2551.jpg,pCT,1,2551,228
/content/data/Preprocessed CT scans/pCT/pCT2711.jpg,pCT,1,2711,28
/content/data/Preprocessed CT scans/pCT/pCT3084.jpg,pCT,1,3084,59
/content/data/Preprocessed CT scans/pCT/pCT1170.jpg,pCT,1,1170,12
/content/data/Preprocessed CT scans/pCT/pCT3356.jpg,pCT,1,3356,71
/content/data/Preprocessed CT scans/pCT/pCT3199.jpg,pCT,1,3199,366
/content/data/Preprocessed CT scans/pCT/pCT1455.jpg,pCT,1,1455,131
/content/data/Preprocessed CT scans/pCT/pCT3910.jpg,pCT,1,3910,127
/content/data/Preprocessed CT scans/pCT/pCT663.jpg,pCT,1,663,194
/content/data/Preprocessed CT scans/pCT/pCT175.jpg,pCT,1,175,46
/content/data/Preprocessed CT scans/pCT/pCT436.jpg,pCT,1,436,337
/content/data/Preprocessed CT scans/pCT/pCT995.jpg,pCT,1,995,303
/content/data/Preprocessed CT scans/pCT/pCT2900.jpg,pCT,1,2900,181
/content/data/Preprocessed CT scans/pCT/pCT127.jpg,pCT,1,127,202
/content/data/Preprocessed CT scans/pCT/pCT2532.jpg,pCT,1,2532,228
/content/data/Preprocessed CT scans/pCT/pCT2175.jpg,pCT,1,2175,222
/content/data/Preprocessed CT scans/pCT/pCT173.jpg,pCT,1,173,1
/content/data/Preprocessed CT scans/pCT/pCT251.jpg,pCT,1,251,278
/content/data/Preprocessed CT scans/pCT/pCT521.jpg,pCT,1,521,15
/content/data/Preprocessed CT scans/pCT/pCT1648.jpg,pCT,1,1648,35
/content/data/Preprocessed CT scans/pCT/pCT590.jpg,pCT,1,590,337
/content/data/Preprocessed CT scans/pCT/pCT1336.jpg,pCT,1,1336,113
/content/data/Preprocessed CT scans/pCT/pCT987.jpg,pCT,1,987,66
/content/data/Preprocessed CT scans/pCT/pCT1825.jpg,pCT,1,1825,97
/content/data/Preprocessed CT scans/pCT/pCT534.jpg,pCT,1,534,337
/content/data/Preprocessed CT scans/pCT/pCT1696.jpg,pCT,1,1696,359
/content/data/Preprocessed CT scans/pCT/pCT3901.jpg,pCT,1,3901,127
/content/data/Preprocessed CT scans/pCT/pCT3164.jpg,pCT,1,3164,226
/content/data/Preprocessed CT scans/pCT/pCT1053.jpg,pCT,1,1053,343
/content/data/Preprocessed CT scans/pCT/pCT2885.jpg,pCT,1,2885,181
/content/data/Preprocessed CT scans/pCT/pCT3676.jpg,pCT,1,3676,309
/content/data/Preprocessed CT scans/pCT/pCT3746.jpg,pCT,1,3746,187
/content/data/Preprocessed CT scans/pCT/pCT2078.jpg,pCT,1,2078,245
/content/data/Preprocessed CT scans/pCT/pCT2755.jpg,pCT,1,2755,387
/content/data/Preprocessed CT scans/pCT/pCT442.jpg,pCT,1,442,161
/content/data/Preprocessed CT scans/pCT/pCT1403.jpg,pCT,1,1403,131
/content/data/Preprocessed CT scans/pCT/pCT3267.jpg,pCT,1,3267,7
/content/data/Preprocessed CT scans/pCT/pCT2316.jpg,pCT,1,2316,380
/content/data/Preprocessed CT scans/pCT/pCT2848.jpg,pCT,1,2848,138
/content/data/Preprocessed CT scans/pCT/pCT3683.jpg,pCT,1,3683,309
/content/data/Preprocessed CT scans/pCT/pCT1295.jpg,pCT,1,1295,89
/content/data/Preprocessed CT scans/pCT/pCT805.jpg,pCT,1,805,291
/content/data/Preprocessed CT scans/pCT/pCT3539.jpg,pCT,1,3539,76
/content/data/Preprocessed CT scans/pCT/pCT42.jpg,pCT,1,42,183
/content/data/Preprocessed CT scans/pCT/pCT266.jpg,pCT,1,266,1
/content/data/Preprocessed CT scans/pCT/pCT3355.jpg,pCT,1,3355,71
/content/data/Preprocessed CT scans/pCT/pCT2552.jpg,pCT,1,2552,228
/content/data/Preprocessed CT scans/pCT/pCT2447.jpg,pCT,1,2447,73
/content/data/Preprocessed CT scans/pCT/pCT3523.jpg,pCT,1,3523,76
/content/data/Preprocessed CT scans/pCT/pCT859.jpg,pCT,1,859,15
/content/data/Preprocessed CT scans/pCT/pCT2655.jpg,pCT,1,2655,166
/content/data/Preprocessed CT scans/pCT/pCT2288.jpg,pCT,1,2288,266
/content/data/Preprocessed CT scans/pCT/pCT1869.jpg,pCT,1,1869,270
/content/data/Preprocessed CT scans/pCT/pCT1674.jpg,pCT,1,1674,35
/content/data/Preprocessed CT scans/pCT/pCT3175.jpg,pCT,1,3175,226
/content/data/Preprocessed CT scans/pCT/pCT2294.jpg,pCT,1,2294,266
/content/data/Preprocessed CT scans/pCT/pCT3135.jpg,pCT,1,3135,262
/content/data/Preprocessed CT scans/pCT/pCT2261.jpg,pCT,1,2261,157
/content/data/Preprocessed CT scans/pCT/pCT3971.jpg,pCT,1,3971,397
/content/data/Preprocessed CT scans/pCT/pCT276.jpg,pCT,1,276,259
/content/data/Preprocessed CT scans/pCT/pCT1824.jpg,pCT,1,1824,270
/content/data/Preprocessed CT scans/pCT/pCT247.jpg,pCT,1,247,223
/content/data/Preprocessed CT scans/pCT/pCT111.jpg,pCT,1,111,46
/content/data/Preprocessed CT scans/pCT/pCT1355.jpg,pCT,1,1355,87
/content/data/Preprocessed CT scans/pCT/pCT576.jpg,pCT,1,576,337
/content/data/Preprocessed CT scans/pCT/pCT780.jpg,pCT,1,780,53
/content/data/Preprocessed CT scans/pCT/pCT2675.jpg,pCT,1,2675,179
/content/data/Preprocessed CT scans/pCT/pCT2255.jpg,pCT,1,2255,157
/content/data/Preprocessed CT scans/pCT/pCT1793.jpg,pCT,1,1793,296
/content/data/Preprocessed CT scans/pCT/pCT1183.jpg,pCT,1,1183,66
/content/data/Preprocessed CT scans/pCT/pCT2118.jpg,pCT,1,2118,128
/content/data/Preprocessed CT scans/pCT/pCT3328.jpg,pCT,1,3328,44
/content/data/Preprocessed CT scans/pCT/pCT3065.jpg,pCT,1,3065,59
/content/data/Preprocessed CT scans/pCT/pCT991.jpg,pCT,1,991,53
/content/data/Preprocessed CT scans/pCT/pCT2360.jpg,pCT,1,2360,289
/content/data/Preprocessed CT scans/pCT/pCT1327.jpg,pCT,1,1327,87
/content/data/Preprocessed CT scans/pCT/pCT2253.jpg,pCT,1,2253,157
/content/data/Preprocessed CT scans/pCT/pCT2474.jpg,pCT,1,2474,225
/content/data/Preprocessed CT scans/pCT/pCT1100.jpg,pCT,1,1100,12
/content/data/Preprocessed CT scans/pCT/pCT1639.jpg,pCT,1,1639,97
/content/data/Preprocessed CT scans/pCT/pCT1545.jpg,pCT,1,1545,84
/content/data/Preprocessed CT scans/pCT/pCT333.jpg,pCT,1,333,147
/content/data/Preprocessed CT scans/pCT/pCT2875.jpg,pCT,1,2875,283
/content/data/Preprocessed CT scans/pCT/pCT3252.jpg,pCT,1,3252,182
/content/data/Preprocessed CT scans/pCT/pCT2451.jpg,pCT,1,2451,73
/content/data/Preprocessed CT scans/pCT/pCT262.jpg,pCT,1,262,287
/content/data/Preprocessed CT scans/pCT/pCT1175.jpg,pCT,1,1175,291
/content/data/Preprocessed CT scans/pCT/pCT1967.jpg,pCT,1,1967,183
/content/data/Preprocessed CT scans/pCT/pCT563.jpg,pCT,1,563,15
/content/data/Preprocessed CT scans/pCT/pCT555.jpg,pCT,1,555,1
/content/data/Preprocessed CT scans/pCT/pCT1123.jpg,pCT,1,1123,343
/content/data/Preprocessed CT scans/pCT/pCT1343.jpg,pCT,1,1343,35
/content/data/Preprocessed CT scans/pCT/pCT3690.jpg,pCT,1,3690,309
/content/data/Preprocessed CT scans/pCT/pCT2871.jpg,pCT,1,2871,283
/content/data/Preprocessed CT scans/pCT/pCT2257.jpg,pCT,1,2257,157
/content/data/Preprocessed CT scans/pCT/pCT1882.jpg,pCT,1,1882,252
/content/data/Preprocessed CT scans/pCT/pCT212.jpg,pCT,1,212,258
/content/data/Preprocessed CT scans/pCT/pCT2731.jpg,pCT,1,2731,387
/content/data/Preprocessed CT scans/pCT/pCT919.jpg,pCT,1,919,147
/content/data/Preprocessed CT scans/pCT/pCT3133.jpg,pCT,1,3133,262
/content/data/Preprocessed CT scans/pCT/pCT3386.jpg,pCT,1,3386,218
/content/data/Preprocessed CT scans/pCT/pCT1146.jpg,pCT,1,1146,170
/content/data/Preprocessed CT scans/pCT/pCT1046.jpg,pCT,1,1046,117
/content/data/Preprocessed CT scans/pCT/pCT1093.jpg,pCT,1,1093,77
/content/data/Preprocessed CT scans/pCT/pCT3034.jpg,pCT,1,3034,391
/content/data/Preprocessed CT scans/pCT/pCT2766.jpg,pCT,1,2766,342
/content/data/Preprocessed CT scans/pCT/pCT416.jpg,pCT,1,416,46
/content/data/Preprocessed CT scans/pCT/pCT2889.jpg,pCT,1,2889,181
/content/data/Preprocessed CT scans/pCT/pCT3196.jpg,pCT,1,3196,366
/content/data/Preprocessed CT scans/pCT/pCT1340.jpg,pCT,1,1340,375
/content/data/Preprocessed CT scans/pCT/pCT1853.jpg,pCT,1,1853,270
/content/data/Preprocessed CT scans/pCT/pCT1232.jpg,pCT,1,1232,375
/content/data/Preprocessed CT scans/pCT/pCT1296.jpg,pCT,1,1296,131
/content/data/Preprocessed CT scans/pCT/pCT1493.jpg,pCT,1,1493,131
/content/data/Preprocessed CT scans/pCT/pCT2076.jpg,pCT,1,2076,245
/content/data/Preprocessed CT scans/pCT/pCT17.jpg,pCT,1,17,1
/content/data/Preprocessed CT scans/pCT/pCT1012.jpg,pCT,1,1012,337
/content/data/Preprocessed CT scans/pCT/pCT3634.jpg,pCT,1,3634,198
/content/data/Preprocessed CT scans/pCT/pCT2473.jpg,pCT,1,2473,225
/content/data/Preprocessed CT scans/pCT/pCT828.jpg,pCT,1,828,194
/content/data/Preprocessed CT scans/pCT/pCT767.jpg,pCT,1,767,170
/content/data/Preprocessed CT scans/pCT/pCT2480.jpg,pCT,1,2480,169
/content/data/Preprocessed CT scans/pCT/pCT2225.jpg,pCT,1,2225,274
/content/data/Preprocessed CT scans/pCT/pCT3614.jpg,pCT,1,3614,198
/content/data/Preprocessed CT scans/pCT/pCT1201.jpg,pCT,1,1201,113
/content/data/Preprocessed CT scans/pCT/pCT1954.jpg,pCT,1,1954,396
/content/data/Preprocessed CT scans/pCT/pCT1695.jpg,pCT,1,1695,97
/content/data/Preprocessed CT scans/pCT/pCT1847.jpg,pCT,1,1847,252
/content/data/Preprocessed CT scans/pCT/pCT3641.jpg,pCT,1,3641,198
/content/data/Preprocessed CT scans/pCT/pCT1759.jpg,pCT,1,1759,97
/content/data/Preprocessed CT scans/pCT/pCT1291.jpg,pCT,1,1291,131
/content/data/Preprocessed CT scans/pCT/pCT1420.jpg,pCT,1,1420,230
/content/data/Preprocessed CT scans/pCT/pCT271.jpg,pCT,1,271,197
/content/data/Preprocessed CT scans/pCT/pCT2923.jpg,pCT,1,2923,265
/content/data/Preprocessed CT scans/pCT/pCT2691.jpg,pCT,1,2691,255
/content/data/Preprocessed CT scans/pCT/pCT446.jpg,pCT,1,446,258
/content/data/Preprocessed CT scans/pCT/pCT23.jpg,pCT,1,23,1
/content/data/Preprocessed CT scans/pCT/pCT2719.jpg,pCT,1,2719,19
/content/data/Preprocessed CT scans/pCT/pCT2805.jpg,pCT,1,2805,69
/content/data/Preprocessed CT scans/pCT/pCT1963.jpg,pCT,1,1963,183
/content/data/Preprocessed CT scans/pCT/pCT1374.jpg,pCT,1,1374,327
/content/data/Preprocessed CT scans/pCT/pCT3380.jpg,pCT,1,3380,218
/content/data/Preprocessed CT scans/pCT/pCT936.jpg,pCT,1,936,170
/content/data/Preprocessed CT scans/pCT/pCT2028.jpg,pCT,1,2028,302
/content/data/Preprocessed CT scans/pCT/pCT790.jpg,pCT,1,790,66
/content/data/Preprocessed CT scans/pCT/pCT3102.jpg,pCT,1,3102,59
/content/data/Preprocessed CT scans/pCT/pCT2124.jpg,pCT,1,2124,297
/content/data/Preprocessed CT scans/pCT/pCT467.jpg,pCT,1,467,194
/content/data/Preprocessed CT scans/pCT/pCT2307.jpg,pCT,1,2307,380
/content/data/Preprocessed CT scans/pCT/pCT1461.jpg,pCT,1,1461,375
/content/data/Preprocessed CT scans/pCT/pCT3567.jpg,pCT,1,3567,35
/content/data/Preprocessed CT scans/pCT/pCT3515.jpg,pCT,1,3515,76
/content/data/Preprocessed CT scans/pCT/pCT2487.jpg,pCT,1,2487,169
/content/data/Preprocessed CT scans/pCT/pCT2642.jpg,pCT,1,2642,166
/content/data/Preprocessed CT scans/pCT/pCT1317.jpg,pCT,1,1317,66
/content/data/Preprocessed CT scans/pCT/pCT2131.jpg,pCT,1,2131,297
/content/data/Preprocessed CT scans/pCT/pCT760.jpg,pCT,1,760,15
/content/data/Preprocessed CT scans/pCT/pCT1375.jpg,pCT,1,1375,360
/content/data/Preprocessed CT scans/pCT/pCT3206.jpg,pCT,1,3206,366
/content/data/Preprocessed CT scans/pCT/pCT3942.jpg,pCT,1,3942,397
/content/data/Preprocessed CT scans/pCT/pCT3802.jpg,pCT,1,3802,44
/content/data/Preprocessed CT scans/pCT/pCT2268.jpg,pCT,1,2268,226
/content/data/Preprocessed CT scans/pCT/pCT3154.jpg,pCT,1,3154,295
/content/data/Preprocessed CT scans/pCT/pCT142.jpg,pCT,1,142,202
/content/data/Preprocessed CT scans/pCT/pCT2681.jpg,pCT,1,2681,255
/content/data/Preprocessed CT scans/pCT/pCT1741.jpg,pCT,1,1741,12
/content/data/Preprocessed CT scans/pCT/pCT1682.jpg,pCT,1,1682,12
/content/data/Preprocessed CT scans/pCT/pCT1756.jpg,pCT,1,1756,371
/content/data/Preprocessed CT scans/pCT/pCT433.jpg,pCT,1,433,184
/content/data/Preprocessed CT scans/pCT/pCT2722.jpg,pCT,1,2722,292
/content/data/Preprocessed CT scans/pCT/pCT2866.jpg,pCT,1,2866,312
/content/data/Preprocessed CT scans/pCT/pCT3961.jpg,pCT,1,3961,391
/content/data/Preprocessed CT scans/pCT/pCT3223.jpg,pCT,1,3223,225
/content/data/Preprocessed CT scans/pCT/pCT3318.jpg,pCT,1,3318,44
/content/data/Preprocessed CT scans/pCT/pCT3990.jpg,pCT,1,3990,239
/content/data/Preprocessed CT scans/pCT/pCT3137.jpg,pCT,1,3137,262
/content/data/Preprocessed CT scans/pCT/pCT3891.jpg,pCT,1,3891,348
/content/data/Preprocessed CT scans/pCT/pCT2649.jpg,pCT,1,2649,166
/content/data/Preprocessed CT scans/pCT/pCT2238.jpg,pCT,1,2238,157
/content/data/Preprocessed CT scans/pCT/pCT2478.jpg,pCT,1,2478,225
/content/data/Preprocessed CT scans/pCT/pCT1868.jpg,pCT,1,1868,252
/content/data/Preprocessed CT scans/pCT/pCT2636.jpg,pCT,1,2636,166
/content/data/Preprocessed CT scans/pCT/pCT3043.jpg,pCT,1,3043,159
/content/data/Preprocessed CT scans/pCT/pCT3400.jpg,pCT,1,3400,218
/content/data/Preprocessed CT scans/pCT/pCT447.jpg,pCT,1,447,184
/content/data/Preprocessed CT scans/pCT/pCT3180.jpg,pCT,1,3180,226
/content/data/Preprocessed CT scans/pCT/pCT1826.jpg,pCT,1,1826,359
/content/data/Preprocessed CT scans/pCT/pCT2167.jpg,pCT,1,2167,115
/content/data/Preprocessed CT scans/pCT/pCT2726.jpg,pCT,1,2726,387
/content/data/Preprocessed CT scans/pCT/pCT1440.jpg,pCT,1,1440,302
/content/data/Preprocessed CT scans/pCT/pCT2240.jpg,pCT,1,2240,157
/content/data/Preprocessed CT scans/pCT/pCT3146.jpg,pCT,1,3146,262
/content/data/Preprocessed CT scans/pCT/pCT1363.jpg,pCT,1,1363,55
/content/data/Preprocessed CT scans/pCT/pCT3039.jpg,pCT,1,3039,242
/content/data/Preprocessed CT scans/pCT/pCT1241.jpg,pCT,1,1241,131
/content/data/Preprocessed CT scans/pCT/pCT3268.jpg,pCT,1,3268,7
/content/data/Preprocessed CT scans/pCT/pCT2859.jpg,pCT,1,2859,312
/content/data/Preprocessed CT scans/pCT/pCT487.jpg,pCT,1,487,223
/content/data/Preprocessed CT scans/pCT/pCT2769.jpg,pCT,1,2769,342
/content/data/Preprocessed CT scans/pCT/pCT2258.jpg,pCT,1,2258,157
/content/data/Preprocessed CT scans/pCT/pCT1206.jpg,pCT,1,1206,219
/content/data/Preprocessed CT scans/pCT/pCT3228.jpg,pCT,1,3228,225
/content/data/Preprocessed CT scans/pCT/pCT2411.jpg,pCT,1,2411,44
/content/data/Preprocessed CT scans/pCT/pCT1482.jpg,pCT,1,1482,55
/content/data/Preprocessed CT scans/pCT/pCT3367.jpg,pCT,1,3367,71
/content/data/Preprocessed CT scans/pCT/pCT2882.jpg,pCT,1,2882,181
/content/data/Preprocessed CT scans/pCT/pCT947.jpg,pCT,1,947,147
/content/data/Preprocessed CT scans/pCT/pCT264.jpg,pCT,1,264,278
/content/data/Preprocessed CT scans/pCT/pCT249.jpg,pCT,1,249,287
/content/data/Preprocessed CT scans/pCT/pCT3921.jpg,pCT,1,3921,127
/content/data/Preprocessed CT scans/pCT/pCT3058.jpg,pCT,1,3058,159
/content/data/Preprocessed CT scans/pCT/pCT709.jpg,pCT,1,709,117
/content/data/Preprocessed CT scans/pCT/pCT3128.jpg,pCT,1,3128,391
/content/data/Preprocessed CT scans/pCT/pCT3920.jpg,pCT,1,3920,127
/content/data/Preprocessed CT scans/pCT/pCT2394.jpg,pCT,1,2394,397
/content/data/Preprocessed CT scans/pCT/pCT1496.jpg,pCT,1,1496,89
/content/data/Preprocessed CT scans/pCT/pCT3155.jpg,pCT,1,3155,295
/content/data/Preprocessed CT scans/pCT/pCT2795.jpg,pCT,1,2795,69
/content/data/Preprocessed CT scans/pCT/pCT3670.jpg,pCT,1,3670,73
/content/data/Preprocessed CT scans/pCT/pCT795.jpg,pCT,1,795,170
/content/data/Preprocessed CT scans/pCT/pCT1047.jpg,pCT,1,1047,113
/content/data/Preprocessed CT scans/pCT/pCT2403.jpg,pCT,1,2403,198
/content/data/Preprocessed CT scans/pCT/pCT2063.jpg,pCT,1,2063,245
/content/data/Preprocessed CT scans/pCT/pCT3077.jpg,pCT,1,3077,59
/content/data/Preprocessed CT scans/pCT/pCT3238.jpg,pCT,1,3238,149
/content/data/Preprocessed CT scans/pCT/pCT690.jpg,pCT,1,690,183
/content/data/Preprocessed CT scans/pCT/pCT1848.jpg,pCT,1,1848,196
/content/data/Preprocessed CT scans/pCT/pCT1727.jpg,pCT,1,1727,296
/content/data/Preprocessed CT scans/pCT/pCT501.jpg,pCT,1,501,223
/content/data/Preprocessed CT scans/pCT/pCT1215.jpg,pCT,1,1215,113
/content/data/Preprocessed CT scans/pCT/pCT3843.jpg,pCT,1,3843,140
/content/data/Preprocessed CT scans/pCT/pCT1212.jpg,pCT,1,1212,12
/content/data/Preprocessed CT scans/pCT/pCT2585.jpg,pCT,1,2585,346
/content/data/Preprocessed CT scans/pCT/pCT2869.jpg,pCT,1,2869,283
/content/data/Preprocessed CT scans/pCT/pCT344.jpg,pCT,1,344,1
/content/data/Preprocessed CT scans/pCT/pCT1444.jpg,pCT,1,1444,113
/content/data/Preprocessed CT scans/pCT/pCT236.jpg,pCT,1,236,287
/content/data/Preprocessed CT scans/pCT/pCT3229.jpg,pCT,1,3229,225
/content/data/Preprocessed CT scans/pCT/pCT450.jpg,pCT,1,450,337
/content/data/Preprocessed CT scans/pCT/pCT3357.jpg,pCT,1,3357,71
/content/data/Preprocessed CT scans/pCT/pCT838.jpg,pCT,1,838,170
/content/data/Preprocessed CT scans/pCT/pCT3009.jpg,pCT,1,3009,391
/content/data/Preprocessed CT scans/pCT/pCT1368.jpg,pCT,1,1368,375
/content/data/Preprocessed CT scans/pCT/pCT2712.jpg,pCT,1,2712,28
/content/data/Preprocessed CT scans/pCT/pCT2877.jpg,pCT,1,2877,283
/content/data/Preprocessed CT scans/pCT/pCT2590.jpg,pCT,1,2590,346
/content/data/Preprocessed CT scans/pCT/pCT2489.jpg,pCT,1,2489,169
/content/data/Preprocessed CT scans/pCT/pCT2074.jpg,pCT,1,2074,245
/content/data/Preprocessed CT scans/pCT/pCT3619.jpg,pCT,1,3619,198
/content/data/Preprocessed CT scans/pCT/pCT166.jpg,pCT,1,166,1
/content/data/Preprocessed CT scans/pCT/pCT2708.jpg,pCT,1,2708,28
/content/data/Preprocessed CT scans/pCT/pCT2687.jpg,pCT,1,2687,255
/content/data/Preprocessed CT scans/pCT/pCT3724.jpg,pCT,1,3724,370
/content/data/Preprocessed CT scans/pCT/pCT1490.jpg,pCT,1,1490,35
/content/data/Preprocessed CT scans/pCT/pCT1712.jpg,pCT,1,1712,97
/content/data/Preprocessed CT scans/pCT/pCT1031.jpg,pCT,1,1031,147
/content/data/Preprocessed CT scans/pCT/pCT870.jpg,pCT,1,870,194
/content/data/Preprocessed CT scans/pCT/pCT2464.jpg,pCT,1,2464,225
/content/data/Preprocessed CT scans/pCT/pCT3930.jpg,pCT,1,3930,397
/content/data/Preprocessed CT scans/pCT/pCT2095.jpg,pCT,1,2095,128
/content/data/Preprocessed CT scans/pCT/pCT1157.jpg,pCT,1,1157,131
/content/data/Preprocessed CT scans/pCT/pCT1357.jpg,pCT,1,1357,35
/content/data/Preprocessed CT scans/pCT/pCT3754.jpg,pCT,1,3754,187
/content/data/Preprocessed CT scans/pCT/pCT574.jpg,pCT,1,574,287
/content/data/Preprocessed CT scans/pCT/pCT562.jpg,pCT,1,562,337
/content/data/Preprocessed CT scans/pCT/pCT3805.jpg,pCT,1,3805,44
/content/data/Preprocessed CT scans/pCT/pCT3152.jpg,pCT,1,3152,295
/content/data/Preprocessed CT scans/pCT/pCT2925.jpg,pCT,1,2925,265
/content/data/Preprocessed CT scans/pCT/pCT537.jpg,pCT,1,537,194
/content/data/Preprocessed CT scans/pCT/pCT1443.jpg,pCT,1,1443,55
/content/data/Preprocessed CT scans/pCT/pCT1664.jpg,pCT,1,1664,12
/content/data/Preprocessed CT scans/pCT/pCT1005.jpg,pCT,1,1005,53
/content/data/Preprocessed CT scans/pCT/pCT598.jpg,pCT,1,598,46
/content/data/Preprocessed CT scans/pCT/pCT277.jpg,pCT,1,277,278
/content/data/Preprocessed CT scans/pCT/pCT2173.jpg,pCT,1,2173,115
/content/data/Preprocessed CT scans/pCT/pCT1704.jpg,pCT,1,1704,97
/content/data/Preprocessed CT scans/pCT/pCT2260.jpg,pCT,1,2260,157
/content/data/Preprocessed CT scans/pCT/pCT1026.jpg,pCT,1,1026,337
/content/data/Preprocessed CT scans/pCT/pCT3810.jpg,pCT,1,3810,44
/content/data/Preprocessed CT scans/pCT/pCT2047.jpg,pCT,1,2047,302
/content/data/Preprocessed CT scans/pCT/pCT830.jpg,pCT,1,830,337
/content/data/Preprocessed CT scans/pCT/pCT819.jpg,pCT,1,819,360
/content/data/Preprocessed CT scans/pCT/pCT199.jpg,pCT,1,199,1
/content/data/Preprocessed CT scans/pCT/pCT2483.jpg,pCT,1,2483,169
/content/data/Preprocessed CT scans/pCT/pCT962.jpg,pCT,1,962,117
/content/data/Preprocessed CT scans/pCT/pCT3914.jpg,pCT,1,3914,127
/content/data/Preprocessed CT scans/pCT/pCT1287.jpg,pCT,1,1287,66
/content/data/Preprocessed CT scans/pCT/pCT2707.jpg,pCT,1,2707,28
/content/data/Preprocessed CT scans/pCT/pCT1361.jpg,pCT,1,1361,360
/content/data/Preprocessed CT scans/pCT/pCT493.jpg,pCT,1,493,15
/content/data/Preprocessed CT scans/pCT/pCT843.jpg,pCT,1,843,343
/content/data/Preprocessed CT scans/pCT/pCT3945.jpg,pCT,1,3945,397
/content/data/Preprocessed CT scans/pCT/pCT3375.jpg,pCT,1,3375,218
/content/data/Preprocessed CT scans/pCT/pCT3166.jpg,pCT,1,3166,226
/content/data/Preprocessed CT scans/pCT/pCT3080.jpg,pCT,1,3080,59
/content/data/Preprocessed CT scans/pCT/pCT370.jpg,pCT,1,370,1
/content/data/Preprocessed CT scans/pCT/pCT3044.jpg,pCT,1,3044,391
/content/data/Preprocessed CT scans/pCT/pCT1087.jpg,pCT,1,1087,147
/content/data/Preprocessed CT scans/pCT/pCT117.jpg,pCT,1,117,278
/content/data/Preprocessed CT scans/pCT/pCT2415.jpg,pCT,1,2415,44
/content/data/Preprocessed CT scans/pCT/pCT445.jpg,pCT,1,445,223
/content/data/Preprocessed CT scans/pCT/pCT2116.jpg,pCT,1,2116,128
/content/data/Preprocessed CT scans/pCT/pCT623.jpg,pCT,1,623,1
/content/data/Preprocessed CT scans/pCT/pCT391.jpg,pCT,1,391,184
/content/data/Preprocessed CT scans/pCT/pCT366.jpg,pCT,1,366,287
/content/data/Preprocessed CT scans/pCT/pCT3741.jpg,pCT,1,3741,187
/content/data/Preprocessed CT scans/pCT/pCT1471.jpg,pCT,1,1471,89
/content/data/Preprocessed CT scans/pCT/pCT3157.jpg,pCT,1,3157,295
/content/data/Preprocessed CT scans/pCT/pCT367.jpg,pCT,1,367,259
/content/data/Preprocessed CT scans/pCT/pCT3261.jpg,pCT,1,3261,390
/content/data/Preprocessed CT scans/pCT/pCT373.jpg,pCT,1,373,258
/content/data/Preprocessed CT scans/pCT/pCT1915.jpg,pCT,1,1915,374
/content/data/Preprocessed CT scans/pCT/pCT873.jpg,pCT,1,873,15
/content/data/Preprocessed CT scans/pCT/pCT2847.jpg,pCT,1,2847,138
/content/data/Preprocessed CT scans/pCT/pCT3695.jpg,pCT,1,3695,309
/content/data/Preprocessed CT scans/pCT/pCT3075.jpg,pCT,1,3075,159
/content/data/Preprocessed CT scans/pCT/pCT3046.jpg,pCT,1,3046,391
/content/data/Preprocessed CT scans/pCT/pCT27.jpg,pCT,1,27,1
/content/data/Preprocessed CT scans/pCT/pCT831.jpg,pCT,1,831,15
/content/data/Preprocessed CT scans/pCT/pCT470.jpg,pCT,1,470,161
/content/data/Preprocessed CT scans/pCT/pCT140.jpg,pCT,1,140,46
/content/data/Preprocessed CT scans/pCT/pCT1271.jpg,pCT,1,1271,66
/content/data/Preprocessed CT scans/pCT/pCT1341.jpg,pCT,1,1341,87
/content/data/Preprocessed CT scans/pCT/pCT669.jpg,pCT,1,669,170
/content/data/Preprocessed CT scans/pCT/pCT2671.jpg,pCT,1,2671,225
/content/data/Preprocessed CT scans/pCT/pCT1269.jpg,pCT,1,1269,35
/content/data/Preprocessed CT scans/pCT/pCT1758.jpg,pCT,1,1758,296
/content/data/Preprocessed CT scans/pCT/pCT91.jpg,pCT,1,91,46
/content/data/Preprocessed CT scans/pCT/pCT1354.jpg,pCT,1,1354,375
/content/data/Preprocessed CT scans/pCT/pCT2468.jpg,pCT,1,2468,225
/content/data/Preprocessed CT scans/pCT/pCT567.jpg,pCT,1,567,1
/content/data/Preprocessed CT scans/pCT/pCT570.jpg,pCT,1,570,46
/content/data/Preprocessed CT scans/pCT/pCT2065.jpg,pCT,1,2065,245
/content/data/Preprocessed CT scans/pCT/pCT2275.jpg,pCT,1,2275,266
/content/data/Preprocessed CT scans/pCT/pCT1416.jpg,pCT,1,1416,131
/content/data/Preprocessed CT scans/pCT/pCT3570.jpg,pCT,1,3570,35
/content/data/Preprocessed CT scans/pCT/pCT2412.jpg,pCT,1,2412,44
/content/data/Preprocessed CT scans/pCT/pCT1432.jpg,pCT,1,1432,89
/content/data/Preprocessed CT scans/pCT/pCT1831.jpg,pCT,1,1831,359
/content/data/Preprocessed CT scans/pCT/pCT1171.jpg,pCT,1,1171,131
/content/data/Preprocessed CT scans/pCT/pCT745.jpg,pCT,1,745,337
/content/data/Preprocessed CT scans/pCT/pCT2764.jpg,pCT,1,2764,342
/content/data/Preprocessed CT scans/pCT/pCT3959.jpg,pCT,1,3959,391
/content/data/Preprocessed CT scans/pCT/pCT1866.jpg,pCT,1,1866,97
/content/data/Preprocessed CT scans/pCT/pCT3055.jpg,pCT,1,3055,159
/content/data/Preprocessed CT scans/pCT/pCT460.jpg,pCT,1,460,258
/content/data/Preprocessed CT scans/pCT/pCT779.jpg,pCT,1,779,117
/content/data/Preprocessed CT scans/pCT/pCT1571.jpg,pCT,1,1571,35
/content/data/Preprocessed CT scans/pCT/pCT1841.jpg,pCT,1,1841,359
/content/data/Preprocessed CT scans/pCT/pCT3236.jpg,pCT,1,3236,225
/content/data/Preprocessed CT scans/pCT/pCT3215.jpg,pCT,1,3215,366
/content/data/Preprocessed CT scans/pCT/pCT3403.jpg,pCT,1,3403,218
/content/data/Preprocessed CT scans/pCT/pCT3283.jpg,pCT,1,3283,7
/content/data/Preprocessed CT scans/pCT/pCT2091.jpg,pCT,1,2091,128
/content/data/Preprocessed CT scans/pCT/pCT123.jpg,pCT,1,123,46
/content/data/Preprocessed CT scans/pCT/pCT751.jpg,pCT,1,751,117
/content/data/Preprocessed CT scans/pCT/pCT376.jpg,pCT,1,376,46
/content/data/Preprocessed CT scans/pCT/pCT596.jpg,pCT,1,596,117
/content/data/Preprocessed CT scans/pCT/pCT1860.jpg,pCT,1,1860,252
/content/data/Preprocessed CT scans/pCT/pCT2298.jpg,pCT,1,2298,266
/content/data/Preprocessed CT scans/pCT/pCT1277.jpg,pCT,1,1277,113
/content/data/Preprocessed CT scans/pCT/pCT2550.jpg,pCT,1,2550,228
/content/data/Preprocessed CT scans/pCT/pCT3348.jpg,pCT,1,3348,71
/content/data/Preprocessed CT scans/pCT/pCT2072.jpg,pCT,1,2072,245
/content/data/Preprocessed CT scans/pCT/pCT3637.jpg,pCT,1,3637,198
/content/data/Preprocessed CT scans/pCT/pCT599.jpg,pCT,1,599,170
/content/data/Preprocessed CT scans/pCT/pCT581.jpg,pCT,1,581,1
/content/data/Preprocessed CT scans/pCT/pCT3330.jpg,pCT,1,3330,44
/content/data/Preprocessed CT scans/pCT/pCT1494.jpg,pCT,1,1494,84
/content/data/Preprocessed CT scans/pCT/pCT3041.jpg,pCT,1,3041,391
/content/data/Preprocessed CT scans/pCT/pCT3511.jpg,pCT,1,3511,76
/content/data/Preprocessed CT scans/pCT/pCT357.jpg,pCT,1,357,1
/content/data/Preprocessed CT scans/pCT/pCT1538.jpg,pCT,1,1538,35
/content/data/Preprocessed CT scans/pCT/pCT549.jpg,pCT,1,549,15
/content/data/Preprocessed CT scans/pCT/pCT1570.jpg,pCT,1,1570,12
/content/data/Preprocessed CT scans/pCT/pCT3370.jpg,pCT,1,3370,71
/content/data/Preprocessed CT scans/pCT/pCT3096.jpg,pCT,1,3096,94
/content/data/Preprocessed CT scans/pCT/pCT1048.jpg,pCT,1,1048,170
/content/data/Preprocessed CT scans/pCT/pCT1733.jpg,pCT,1,1733,12
/content/data/Preprocessed CT scans/pCT/pCT1114.jpg,pCT,1,1114,12
/content/data/Preprocessed CT scans/pCT/pCT1532.jpg,pCT,1,1532,89
/content/data/Preprocessed CT scans/pCT/pCT553.jpg,pCT,1,553,1
/content/data/Preprocessed CT scans/pCT/pCT880.jpg,pCT,1,880,170
/content/data/Preprocessed CT scans/pCT/pCT1314.jpg,pCT,1,1314,219
/content/data/Preprocessed CT scans/pCT/pCT640.jpg,pCT,1,640,46
/content/data/Preprocessed CT scans/pCT/pCT177.jpg,pCT,1,177,258
/content/data/Preprocessed CT scans/pCT/pCT737.jpg,pCT,1,737,117
/content/data/Preprocessed CT scans/pCT/pCT314.jpg,pCT,1,314,287
/content/data/Preprocessed CT scans/pCT/pCT681.jpg,pCT,1,681,53
/content/data/Preprocessed CT scans/pCT/pCT3390.jpg,pCT,1,3390,218
/content/data/Preprocessed CT scans/pCT/pCT112.jpg,pCT,1,112,202
/content/data/Preprocessed CT scans/pCT/pCT3344.jpg,pCT,1,3344,71
/content/data/Preprocessed CT scans/pCT/pCT615.jpg,pCT,1,615,184
/content/data/Preprocessed CT scans/pCT/pCT3859.jpg,pCT,1,3859,115
/content/data/Preprocessed CT scans/pCT/pCT3414.jpg,pCT,1,3414,138
/content/data/Preprocessed CT scans/pCT/pCT294.jpg,pCT,1,294,147
/content/data/Preprocessed CT scans/pCT/pCT3656.jpg,pCT,1,3656,73
/content/data/Preprocessed CT scans/pCT/pCT957.jpg,pCT,1,957,15
/content/data/Preprocessed CT scans/pCT/pCT3770.jpg,pCT,1,3770,65
/content/data/Preprocessed CT scans/pCT/pCT297.jpg,pCT,1,297,197
/content/data/Preprocessed CT scans/pCT/pCT3639.jpg,pCT,1,3639,198
/content/data/Preprocessed CT scans/pCT/pCT2386.jpg,pCT,1,2386,325
/content/data/Preprocessed CT scans/pCT/pCT3264.jpg,pCT,1,3264,390
/content/data/Preprocessed CT scans/pCT/pCT1800.jpg,pCT,1,1800,296
/content/data/Preprocessed CT scans/pCT/pCT3509.jpg,pCT,1,3509,76
/content/data/Preprocessed CT scans/pCT/pCT2539.jpg,pCT,1,2539,228
/content/data/Preprocessed CT scans/pCT/pCT3643.jpg,pCT,1,3643,198
/content/data/Preprocessed CT scans/pCT/pCT7.jpg,pCT,1,7,252
/content/data/Preprocessed CT scans/pCT/pCT422.jpg,pCT,1,422,337
/content/data/Preprocessed CT scans/pCT/pCT884.jpg,pCT,1,884,194
/content/data/Preprocessed CT scans/pCT/pCT844.jpg,pCT,1,844,337
/content/data/Preprocessed CT scans/pCT/pCT648.jpg,pCT,1,648,291
/content/data/Preprocessed CT scans/pCT/pCT1425.jpg,pCT,1,1425,343
/content/data/Preprocessed CT scans/pCT/pCT2177.jpg,pCT,1,2177,239
/content/data/Preprocessed CT scans/pCT/pCT1075.jpg,pCT,1,1075,113
/content/data/Preprocessed CT scans/pCT/pCT2930.jpg,pCT,1,2930,265
/content/data/Preprocessed CT scans/pCT/pCT1219.jpg,pCT,1,1219,77
/content/data/Preprocessed CT scans/pCT/pCT3688.jpg,pCT,1,3688,309
/content/data/Preprocessed CT scans/pCT/pCT3174.jpg,pCT,1,3174,226
/content/data/Preprocessed CT scans/pCT/pCT2310.jpg,pCT,1,2310,380
/content/data/Preprocessed CT scans/pCT/pCT3144.jpg,pCT,1,3144,262
/content/data/Preprocessed CT scans/pCT/pCT2122.jpg,pCT,1,2122,297
/content/data/Preprocessed CT scans/pCT/pCT146.jpg,pCT,1,146,202
/content/data/Preprocessed CT scans/pCT/pCT1224.jpg,pCT,1,1224,360
/content/data/Preprocessed CT scans/pCT/pCT1057.jpg,pCT,1,1057,66
/content/data/Preprocessed CT scans/pCT/pCT2760.jpg,pCT,1,2760,342
/content/data/Preprocessed CT scans/pCT/pCT3615.jpg,pCT,1,3615,198
/content/data/Preprocessed CT scans/pCT/pCT842.jpg,pCT,1,842,194
/content/data/Preprocessed CT scans/pCT/pCT540.jpg,pCT,1,540,117
/content/data/Preprocessed CT scans/pCT/pCT977.jpg,pCT,1,977,53
/content/data/Preprocessed CT scans/pCT/pCT260.jpg,pCT,1,260,223
/content/data/Preprocessed CT scans/pCT/pCT1606.jpg,pCT,1,1606,302
/content/data/Preprocessed CT scans/pCT/pCT3662.jpg,pCT,1,3662,198
/content/data/Preprocessed CT scans/pCT/pCT2231.jpg,pCT,1,2231,157
/content/data/Preprocessed CT scans/pCT/pCT1227.jpg,pCT,1,1227,131
/content/data/Preprocessed CT scans/pCT/pCT1248.jpg,pCT,1,1248,165
/content/data/Preprocessed CT scans/pCT/pCT1131.jpg,pCT,1,1131,113
/content/data/Preprocessed CT scans/pCT/pCT3943.jpg,pCT,1,3943,397
/content/data/Preprocessed CT scans/pCT/pCT2688.jpg,pCT,1,2688,255
/content/data/Preprocessed CT scans/pCT/pCT2886.jpg,pCT,1,2886,181
/content/data/Preprocessed CT scans/pCT/pCT2855.jpg,pCT,1,2855,312
/content/data/Preprocessed CT scans/pCT/pCT3068.jpg,pCT,1,3068,59
/content/data/Preprocessed CT scans/pCT/pCT943.jpg,pCT,1,943,15
/content/data/Preprocessed CT scans/pCT/pCT143.jpg,pCT,1,143,278
/content/data/Preprocessed CT scans/pCT/pCT1937.jpg,pCT,1,1937,374
/content/data/Preprocessed CT scans/pCT/pCT2790.jpg,pCT,1,2790,69
/content/data/Preprocessed CT scans/pCT/pCT2865.jpg,pCT,1,2865,283
/content/data/Preprocessed CT scans/pCT/pCT1239.jpg,pCT,1,1239,66
/content/data/Preprocessed CT scans/pCT/pCT2739.jpg,pCT,1,2739,127
/content/data/Preprocessed CT scans/pCT/pCT3611.jpg,pCT,1,3611,139
/content/data/Preprocessed CT scans/pCT/pCT259.jpg,pCT,1,259,46
/content/data/Preprocessed CT scans/pCT/pCT959.jpg,pCT,1,959,66
/content/data/Preprocessed CT scans/pCT/pCT3837.jpg,pCT,1,3837,140
/content/data/Preprocessed CT scans/pCT/pCT1065.jpg,pCT,1,1065,303
/content/data/Preprocessed CT scans/pCT/pCT755.jpg,pCT,1,755,360
/content/data/Preprocessed CT scans/pCT/pCT3991.jpg,pCT,1,3991,239
/content/data/Preprocessed CT scans/pCT/pCT1104.jpg,pCT,1,1104,170
/content/data/Preprocessed CT scans/pCT/pCT246.jpg,pCT,1,246,46
/content/data/Preprocessed CT scans/pCT/pCT3170.jpg,pCT,1,3170,226
/content/data/Preprocessed CT scans/pCT/pCT2284.jpg,pCT,1,2284,266
/content/data/Preprocessed CT scans/pCT/pCT3798.jpg,pCT,1,3798,44
/content/data/Preprocessed CT scans/pCT/pCT898.jpg,pCT,1,898,194
/content/data/Preprocessed CT scans/pCT/pCT3525.jpg,pCT,1,3525,76
/content/data/Preprocessed CT scans/pCT/pCT2694.jpg,pCT,1,2694,255
/content/data/Preprocessed CT scans/pCT/pCT3640.jpg,pCT,1,3640,198
/content/data/Preprocessed CT scans/pCT/pCT2858.jpg,pCT,1,2858,312
/content/data/Preprocessed CT scans/pCT/pCT2296.jpg,pCT,1,2296,266
/content/data/Preprocessed CT scans/pCT/pCT2025.jpg,pCT,1,2025,302
/content/data/Preprocessed CT scans/pCT/pCT411.jpg,pCT,1,411,147
/content/data/Preprocessed CT scans/pCT/pCT347.jpg,pCT,1,347,258
/content/data/Preprocessed CT scans/pCT/pCT3214.jpg,pCT,1,3214,366
/content/data/Preprocessed CT scans/pCT/pCT2283.jpg,pCT,1,2283,266
/content/data/Preprocessed CT scans/pCT/pCT3904.jpg,pCT,1,3904,127
/content/data/Preprocessed CT scans/pCT/pCT802.jpg,pCT,1,802,15
/content/data/Preprocessed CT scans/pCT/pCT1038.jpg,pCT,1,1038,219
/content/data/Preprocessed CT scans/pCT/pCT1202.jpg,pCT,1,1202,170
/content/data/Preprocessed CT scans/pCT/pCT3181.jpg,pCT,1,3181,226
/content/data/Preprocessed CT scans/pCT/pCT217.jpg,pCT,1,217,1
/content/data/Preprocessed CT scans/pCT/pCT296.jpg,pCT,1,296,161
/content/data/Preprocessed CT scans/pCT/pCT2145.jpg,pCT,1,2145,78
/content/data/Preprocessed CT scans/pCT/pCT507.jpg,pCT,1,507,15
/content/data/Preprocessed CT scans/pCT/pCT415.jpg,pCT,1,415,1
/content/data/Preprocessed CT scans/pCT/pCT3510.jpg,pCT,1,3510,76
/content/data/Preprocessed CT scans/pCT/pCT606.jpg,pCT,1,606,291
/content/data/Preprocessed CT scans/pCT/pCT597.jpg,pCT,1,597,53
/content/data/Preprocessed CT scans/pCT/pCT629.jpg,pCT,1,629,184
/content/data/Preprocessed CT scans/pCT/pCT504.jpg,pCT,1,504,287
/content/data/Preprocessed CT scans/pCT/pCT3235.jpg,pCT,1,3235,225
/content/data/Preprocessed CT scans/pCT/pCT1578.jpg,pCT,1,1578,84
/content/data/Preprocessed CT scans/pCT/pCT1242.jpg,pCT,1,1242,12
/content/data/Preprocessed CT scans/pCT/pCT1582.jpg,pCT,1,1582,35
/content/data/Preprocessed CT scans/pCT/pCT3538.jpg,pCT,1,3538,76
/content/data/Preprocessed CT scans/pCT/pCT3013.jpg,pCT,1,3013,5
/content/data/Preprocessed CT scans/pCT/pCT1418.jpg,pCT,1,1418,113
/content/data/Preprocessed CT scans/pCT/pCT2278.jpg,pCT,1,2278,266
/content/data/Preprocessed CT scans/pCT/pCT2354.jpg,pCT,1,2354,327
/content/data/Preprocessed CT scans/pCT/pCT157.jpg,pCT,1,157,278
/content/data/Preprocessed CT scans/pCT/pCT3086.jpg,pCT,1,3086,59
/content/data/Preprocessed CT scans/pCT/pCT392.jpg,pCT,1,392,287
/content/data/Preprocessed CT scans/pCT/pCT2678.jpg,pCT,1,2678,255
/content/data/Preprocessed CT scans/pCT/pCT3675.jpg,pCT,1,3675,309
/content/data/Preprocessed CT scans/pCT/pCT565.jpg,pCT,1,565,194
/content/data/Preprocessed CT scans/pCT/pCT10.jpg,pCT,1,10,341
/content/data/Preprocessed CT scans/pCT/pCT530.jpg,pCT,1,530,291
/content/data/Preprocessed CT scans/pCT/pCT1024.jpg,pCT,1,1024,219
/content/data/Preprocessed CT scans/pCT/pCT1142.jpg,pCT,1,1142,12
/content/data/Preprocessed CT scans/pCT/pCT865.jpg,pCT,1,865,53
/content/data/Preprocessed CT scans/pCT/pCT424.jpg,pCT,1,424,1
/content/data/Preprocessed CT scans/pCT/pCT2953.jpg,pCT,1,2953,379
/content/data/Preprocessed CT scans/pCT/pCT2453.jpg,pCT,1,2453,73
/content/data/Preprocessed CT scans/pCT/pCT1843.jpg,pCT,1,1843,196
/content/data/Preprocessed CT scans/pCT/pCT971.jpg,pCT,1,971,15
/content/data/Preprocessed CT scans/pCT/pCT322.jpg,pCT,1,322,161
/content/data/Preprocessed CT scans/pCT/pCT456.jpg,pCT,1,456,161
/content/data/Preprocessed CT scans/pCT/pCT2235.jpg,pCT,1,2235,157
/content/data/Preprocessed CT scans/pCT/pCT210.jpg,pCT,1,210,46
/content/data/Preprocessed CT scans/pCT/pCT3383.jpg,pCT,1,3383,218
/content/data/Preprocessed CT scans/pCT/pCT2041.jpg,pCT,1,2041,302
/content/data/Preprocessed CT scans/pCT/pCT3185.jpg,pCT,1,3185,226
/content/data/Preprocessed CT scans/pCT/pCT2486.jpg,pCT,1,2486,169
/content/data/Preprocessed CT scans/pCT/pCT2684.jpg,pCT,1,2684,255
/content/data/Preprocessed CT scans/pCT/pCT908.jpg,pCT,1,908,170
/content/data/Preprocessed CT scans/pCT/pCT3212.jpg,pCT,1,3212,366
/content/data/Preprocessed CT scans/pCT/pCT2442.jpg,pCT,1,2442,73
/content/data/Preprocessed CT scans/pCT/pCT1406.jpg,pCT,1,1406,89
/content/data/Preprocessed CT scans/pCT/pCT2668.jpg,pCT,1,2668,225
/content/data/Preprocessed CT scans/pCT/pCT3019.jpg,pCT,1,3019,242
/content/data/Preprocessed CT scans/pCT/pCT2632.jpg,pCT,1,2632,166
/content/data/Preprocessed CT scans/pCT/pCT2105.jpg,pCT,1,2105,128
/content/data/Preprocessed CT scans/pCT/pCT3830.jpg,pCT,1,3830,140
/content/data/Preprocessed CT scans/pCT/pCT3571.jpg,pCT,1,3571,35
/content/data/Preprocessed CT scans/pCT/pCT697.jpg,pCT,1,697,170
/content/data/Preprocessed CT scans/pCT/pCT2443.jpg,pCT,1,2443,73
/content/data/Preprocessed CT scans/pCT/pCT2792.jpg,pCT,1,2792,69
/content/data/Preprocessed CT scans/pCT/pCT2545.jpg,pCT,1,2545,228
/content/data/Preprocessed CT scans/pCT/pCT1956.jpg,pCT,1,1956,396
/content/data/Preprocessed CT scans/pCT/pCT1285.jpg,pCT,1,1285,35
/content/data/Preprocessed CT scans/pCT/pCT1713.jpg,pCT,1,1713,359
/content/data/Preprocessed CT scans/pCT/pCT985.jpg,pCT,1,985,15
/content/data/Preprocessed CT scans/pCT/pCT1686.jpg,pCT,1,1686,97
/content/data/Preprocessed CT scans/pCT/pCT295.jpg,pCT,1,295,258
/content/data/Preprocessed CT scans/pCT/pCT1576.jpg,pCT,1,1576,89
/content/data/Preprocessed CT scans/pCT/pCT2228.jpg,pCT,1,2228,157
/content/data/Preprocessed CT scans/pCT/pCT1009.jpg,pCT,1,1009,303
/content/data/Preprocessed CT scans/pCT/pCT1266.jpg,pCT,1,1266,375
/content/data/Preprocessed CT scans/pCT/pCT3189.jpg,pCT,1,3189,226
/content/data/Preprocessed CT scans/pCT/pCT1971.jpg,pCT,1,1971,183
/content/data/Preprocessed CT scans/pCT/pCT3413.jpg,pCT,1,3413,138
/content/data/Preprocessed CT scans/pCT/pCT729.jpg,pCT,1,729,194
/content/data/Preprocessed CT scans/pCT/pCT2079.jpg,pCT,1,2079,245
/content/data/Preprocessed CT scans/pCT/pCT3151.jpg,pCT,1,3151,295
/content/data/Preprocessed CT scans/pCT/pCT3524.jpg,pCT,1,3524,76
/content/data/Preprocessed CT scans/pCT/pCT674.jpg,pCT,1,674,337
/content/data/Preprocessed CT scans/pCT/pCT2879.jpg,pCT,1,2879,283
/content/data/Preprocessed CT scans/pCT/pCT527.jpg,pCT,1,527,1
/content/data/Preprocessed CT scans/pCT/pCT2461.jpg,pCT,1,2461,225
/content/data/Preprocessed CT scans/pCT/pCT2771.jpg,pCT,1,2771,342
/content/data/Preprocessed CT scans/pCT/pCT1367.jpg,pCT,1,1367,84
/content/data/Preprocessed CT scans/pCT/pCT878.jpg,pCT,1,878,117
/content/data/Preprocessed CT scans/pCT/pCT1062.jpg,pCT,1,1062,170
/content/data/Preprocessed CT scans/pCT/pCT122.jpg,pCT,1,122,84
/content/data/Preprocessed CT scans/pCT/pCT2781.jpg,pCT,1,2781,69
/content/data/Preprocessed CT scans/pCT/pCT3188.jpg,pCT,1,3188,226
/content/data/Preprocessed CT scans/pCT/pCT2952.jpg,pCT,1,2952,379
/content/data/Preprocessed CT scans/pCT/pCT899.jpg,pCT,1,899,343
/content/data/Preprocessed CT scans/pCT/pCT879.jpg,pCT,1,879,53
/content/data/Preprocessed CT scans/pCT/pCT1546.jpg,pCT,1,1546,375
/content/data/Preprocessed CT scans/pCT/pCT209.jpg,pCT,1,209,202
/content/data/Preprocessed CT scans/pCT/pCT3408.jpg,pCT,1,3408,218
/content/data/Preprocessed CT scans/pCT/pCT3351.jpg,pCT,1,3351,71
/content/data/Preprocessed CT scans/pCT/pCT618.jpg,pCT,1,618,337
/content/data/Preprocessed CT scans/pCT/pCT2933.jpg,pCT,1,2933,265
/content/data/Preprocessed CT scans/pCT/pCT2304.jpg,pCT,1,2304,266
/content/data/Preprocessed CT scans/pCT/pCT1565.jpg,pCT,1,1565,89
/content/data/Preprocessed CT scans/pCT/pCT1011.jpg,pCT,1,1011,343
/content/data/Preprocessed CT scans/pCT/pCT2637.jpg,pCT,1,2637,166
/content/data/Preprocessed CT scans/pCT/pCT2931.jpg,pCT,1,2931,265
/content/data/Preprocessed CT scans/pCT/pCT1665.jpg,pCT,1,1665,35
/content/data/Preprocessed CT scans/pCT/pCT2770.jpg,pCT,1,2770,342
/content/data/Preprocessed CT scans/pCT/pCT1258.jpg,pCT,1,1258,12
/content/data/Preprocessed CT scans/pCT/pCT3890.jpg,pCT,1,3890,348
/content/data/Preprocessed CT scans/pCT/pCT1773.jpg,pCT,1,1773,97
/content/data/Preprocessed CT scans/pCT/pCT2239.jpg,pCT,1,2239,157
/content/data/Preprocessed CT scans/pCT/pCT309.jpg,pCT,1,309,161
/content/data/Preprocessed CT scans/pCT/pCT593.jpg,pCT,1,593,194
/content/data/Preprocessed CT scans/pCT/pCT3944.jpg,pCT,1,3944,397
/content/data/Preprocessed CT scans/pCT/pCT372.jpg,pCT,1,372,147
/content/data/Preprocessed CT scans/pCT/pCT3156.jpg,pCT,1,3156,295
/content/data/Preprocessed CT scans/pCT/pCT2744.jpg,pCT,1,2744,387
/content/data/Preprocessed CT scans/pCT/pCT855.jpg,pCT,1,855,303
/content/data/Preprocessed CT scans/pCT/pCT3765.jpg,pCT,1,3765,187
/content/data/Preprocessed CT scans/pCT/pCT667.jpg,pCT,1,667,53
/content/data/Preprocessed CT scans/pCT/pCT1467.jpg,pCT,1,1467,131
/content/data/Preprocessed CT scans/pCT/pCT711.jpg,pCT,1,711,170
/content/data/Preprocessed CT scans/pCT/pCT3655.jpg,pCT,1,3655,73
/content/data/Preprocessed CT scans/pCT/pCT572.jpg,pCT,1,572,291
/content/data/Preprocessed CT scans/pCT/pCT2630.jpg,pCT,1,2630,166
/content/data/Preprocessed CT scans/pCT/pCT2672.jpg,pCT,1,2672,225
/content/data/Preprocessed CT scans/pCT/pCT18.jpg,pCT,1,18,1
/content/data/Preprocessed CT scans/pCT/pCT3692.jpg,pCT,1,3692,309
/content/data/Preprocessed CT scans/pCT/pCT1409.jpg,pCT,1,1409,375
/content/data/Preprocessed CT scans/pCT/pCT2295.jpg,pCT,1,2295,266
/content/data/Preprocessed CT scans/pCT/pCT1346.jpg,pCT,1,1346,327
/content/data/Preprocessed CT scans/pCT/pCT2398.jpg,pCT,1,2398,325
/content/data/Preprocessed CT scans/pCT/pCT379.jpg,pCT,1,379,287
/content/data/Preprocessed CT scans/pCT/pCT917.jpg,pCT,1,917,66
/content/data/Preprocessed CT scans/pCT/pCT311.jpg,pCT,1,311,46
/content/data/Preprocessed CT scans/pCT/pCT3648.jpg,pCT,1,3648,198
/content/data/Preprocessed CT scans/pCT/pCT1446.jpg,pCT,1,1446,230
/content/data/Preprocessed CT scans/pCT/pCT812.jpg,pCT,1,812,156
/content/data/Preprocessed CT scans/pCT/pCT1721.jpg,pCT,1,1721,359
/content/data/Preprocessed CT scans/pCT/pCT3658.jpg,pCT,1,3658,73
/content/data/Preprocessed CT scans/pCT/pCT2183.jpg,pCT,1,2183,239
/content/data/Preprocessed CT scans/pCT/pCT3646.jpg,pCT,1,3646,198
/content/data/Preprocessed CT scans/pCT/pCT26.jpg,pCT,1,26,1
/content/data/Preprocessed CT scans/pCT/pCT1246.jpg,pCT,1,1246,170
/content/data/Preprocessed CT scans/pCT/pCT3098.jpg,pCT,1,3098,59
/content/data/Preprocessed CT scans/pCT/pCT1221.jpg,pCT,1,1221,35
/content/data/Preprocessed CT scans/pCT/pCT3119.jpg,pCT,1,3119,262
/content/data/Preprocessed CT scans/pCT/pCT1032.jpg,pCT,1,1032,117
/content/data/Preprocessed CT scans/pCT/pCT1015.jpg,pCT,1,1015,66
/content/data/Preprocessed CT scans/pCT/pCT1160.jpg,pCT,1,1160,170
/content/data/Preprocessed CT scans/pCT/pCT2721.jpg,pCT,1,2721,292
/content/data/Preprocessed CT scans/pCT/pCT3905.jpg,pCT,1,3905,127
/content/data/Preprocessed CT scans/pCT/pCT3127.jpg,pCT,1,3127,391
/content/data/Preprocessed CT scans/pCT/pCT2553.jpg,pCT,1,2553,228
/content/data/Preprocessed CT scans/pCT/pCT3902.jpg,pCT,1,3902,127
/content/data/Preprocessed CT scans/pCT/pCT3895.jpg,pCT,1,3895,348
/content/data/Preprocessed CT scans/pCT/pCT3130.jpg,pCT,1,3130,391
/content/data/Preprocessed CT scans/pCT/pCT1006.jpg,pCT,1,1006,170
/content/data/Preprocessed CT scans/pCT/pCT3628.jpg,pCT,1,3628,198
/content/data/Preprocessed CT scans/pCT/pCT778.jpg,pCT,1,778,147
/content/data/Preprocessed CT scans/pCT/pCT2588.jpg,pCT,1,2588,346
/content/data/Preprocessed CT scans/pCT/pCT2112.jpg,pCT,1,2112,128
/content/data/Preprocessed CT scans/pCT/pCT626.jpg,pCT,1,626,181
/content/data/Preprocessed CT scans/pCT/pCT997.jpg,pCT,1,997,343
/content/data/Preprocessed CT scans/pCT/pCT3848.jpg,pCT,1,3848,140
/content/data/Preprocessed CT scans/pCT/pCT1356.jpg,pCT,1,1356,219
/content/data/Preprocessed CT scans/pCT/pCT1415.jpg,pCT,1,1415,360
/content/data/Preprocessed CT scans/pCT/pCT3374.jpg,pCT,1,3374,71
/content/data/Preprocessed CT scans/pCT/pCT2903.jpg,pCT,1,2903,181
/content/data/Preprocessed CT scans/pCT/pCT3522.jpg,pCT,1,3522,76
/content/data/Preprocessed CT scans/pCT/pCT3347.jpg,pCT,1,3347,71
/content/data/Preprocessed CT scans/pCT/pCT283.jpg,pCT,1,283,161
/content/data/Preprocessed CT scans/pCT/pCT3198.jpg,pCT,1,3198,366
/content/data/Preprocessed CT scans/pCT/pCT3603.jpg,pCT,1,3603,139
/content/data/Preprocessed CT scans/pCT/pCT1214.jpg,pCT,1,1214,55
/content/data/Preprocessed CT scans/pCT/pCT1154.jpg,pCT,1,1154,360
/content/data/Preprocessed CT scans/pCT/pCT28.jpg,pCT,1,28,1
/content/data/Preprocessed CT scans/pCT/pCT3532.jpg,pCT,1,3532,76
/content/data/Preprocessed CT scans/pCT/pCT1811.jpg,pCT,1,1811,196
/content/data/Preprocessed CT scans/pCT/pCT601.jpg,pCT,1,601,184
/content/data/Preprocessed CT scans/pCT/pCT1952.jpg,pCT,1,1952,396
/content/data/Preprocessed CT scans/pCT/pCT607.jpg,pCT,1,607,194
/content/data/Preprocessed CT scans/pCT/pCT3863.jpg,pCT,1,3863,115
/content/data/Preprocessed CT scans/pCT/pCT1957.jpg,pCT,1,1957,183
/content/data/Preprocessed CT scans/pCT/pCT1725.jpg,pCT,1,1725,12
/content/data/Preprocessed CT scans/pCT/pCT3274.jpg,pCT,1,3274,7
/content/data/Preprocessed CT scans/pCT/pCT2754.jpg,pCT,1,2754,387
/content/data/Preprocessed CT scans/pCT/pCT3243.jpg,pCT,1,3243,149
/content/data/Preprocessed CT scans/pCT/pCT944.jpg,pCT,1,944,131
/content/data/Preprocessed CT scans/pCT/pCT3623.jpg,pCT,1,3623,198
/content/data/Preprocessed CT scans/pCT/pCT203.jpg,pCT,1,203,258
/content/data/Preprocessed CT scans/pCT/pCT444.jpg,pCT,1,444,46
/content/data/Preprocessed CT scans/pCT/pCT984.jpg,pCT,1,984,337
/content/data/Preprocessed CT scans/pCT/pCT3397.jpg,pCT,1,3397,218
/content/data/Preprocessed CT scans/pCT/pCT3652.jpg,pCT,1,3652,198
/content/data/Preprocessed CT scans/pCT/pCT1010.jpg,pCT,1,1010,219
/content/data/Preprocessed CT scans/pCT/pCT1944.jpg,pCT,1,1944,396
/content/data/Preprocessed CT scans/pCT/pCT1079.jpg,pCT,1,1079,77
/content/data/Preprocessed CT scans/pCT/pCT1752.jpg,pCT,1,1752,97
/content/data/Preprocessed CT scans/pCT/pCT665.jpg,pCT,1,665,1
/content/data/Preprocessed CT scans/pCT/pCT2936.jpg,pCT,1,2936,265
/content/data/Preprocessed CT scans/pCT/pCT1352.jpg,pCT,1,1352,346
/content/data/Preprocessed CT scans/pCT/pCT3379.jpg,pCT,1,3379,218
/content/data/Preprocessed CT scans/pCT/pCT2184.jpg,pCT,1,2184,239
/content/data/Preprocessed CT scans/pCT/pCT2098.jpg,pCT,1,2098,128
/content/data/Preprocessed CT scans/pCT/pCT2666.jpg,pCT,1,2666,225
/content/data/Preprocessed CT scans/pCT/pCT2652.jpg,pCT,1,2652,166
/content/data/Preprocessed CT scans/pCT/pCT560.jpg,pCT,1,560,287
/content/data/Preprocessed CT scans/pCT/pCT3562.jpg,pCT,1,3562,242
/content/data/Preprocessed CT scans/pCT/pCT1521.jpg,pCT,1,1521,346
/content/data/Preprocessed CT scans/pCT/pCT2070.jpg,pCT,1,2070,245
/content/data/Preprocessed CT scans/pCT/pCT206.jpg,pCT,1,206,278
/content/data/Preprocessed CT scans/pCT/pCT2799.jpg,pCT,1,2799,69
/content/data/Preprocessed CT scans/pCT/pCT1309.jpg,pCT,1,1309,89
/content/data/Preprocessed CT scans/pCT/pCT2787.jpg,pCT,1,2787,69
/content/data/Preprocessed CT scans/pCT/pCT571.jpg,pCT,1,571,223
/content/data/Preprocessed CT scans/pCT/pCT1115.jpg,pCT,1,1115,147
/content/data/Preprocessed CT scans/pCT/pCT2428.jpg,pCT,1,2428,73
/content/data/Preprocessed CT scans/pCT/pCT120.jpg,pCT,1,120,202
/content/data/Preprocessed CT scans/pCT/pCT3282.jpg,pCT,1,3282,7
/content/data/Preprocessed CT scans/pCT/pCT1119.jpg,pCT,1,1119,291
/content/data/Preprocessed CT scans/pCT/pCT1135.jpg,pCT,1,1135,77
/content/data/Preprocessed CT scans/pCT/pCT2301.jpg,pCT,1,2301,266
/content/data/Preprocessed CT scans/pCT/pCT1551.jpg,pCT,1,1551,302
/content/data/Preprocessed CT scans/pCT/pCT226.jpg,pCT,1,226,1
/content/data/Preprocessed CT scans/pCT/pCT559.jpg,pCT,1,559,184
/content/data/Preprocessed CT scans/pCT/pCT2114.jpg,pCT,1,2114,128
/content/data/Preprocessed CT scans/pCT/pCT3368.jpg,pCT,1,3368,71
/content/data/Preprocessed CT scans/pCT/pCT1673.jpg,pCT,1,1673,12
/content/data/Preprocessed CT scans/pCT/pCT2441.jpg,pCT,1,2441,73
/content/data/Preprocessed CT scans/pCT/pCT1130.jpg,pCT,1,1130,117
/content/data/Preprocessed CT scans/pCT/pCT3747.jpg,pCT,1,3747,187
/content/data/Preprocessed CT scans/pCT/pCT3048.jpg,pCT,1,3048,159
/content/data/Preprocessed CT scans/pCT/pCT284.jpg,pCT,1,284,197
/content/data/Preprocessed CT scans/pCT/pCT1884.jpg,pCT,1,1884,270
/content/data/Preprocessed CT scans/pCT/pCT431.jpg,pCT,1,431,223
/content/data/Preprocessed CT scans/pCT/pCT1376.jpg,pCT,1,1376,131
/content/data/Preprocessed CT scans/pCT/pCT1484.jpg,pCT,1,1484,89
/content/data/Preprocessed CT scans/pCT/pCT355.jpg,pCT,1,355,278
/content/data/Preprocessed CT scans/pCT/pCT1257.jpg,pCT,1,1257,131
/content/data/Preprocessed CT scans/pCT/pCT1014.jpg,pCT,1,1014,131
/content/data/Preprocessed CT scans/pCT/pCT2438.jpg,pCT,1,2438,73
/content/data/Preprocessed CT scans/pCT/pCT2199.jpg,pCT,1,2199,88
/content/data/Preprocessed CT scans/pCT/pCT395.jpg,pCT,1,395,15
/content/data/Preprocessed CT scans/pCT/pCT1417.jpg,pCT,1,1417,55
/content/data/Preprocessed CT scans/pCT/pCT1228.jpg,pCT,1,1228,55
/content/data/Preprocessed CT scans/pCT/pCT2245.jpg,pCT,1,2245,157
/content/data/Preprocessed CT scans/pCT/pCT2050.jpg,pCT,1,2050,302
/content/data/Preprocessed CT scans/pCT/pCT1378.jpg,pCT,1,1378,113
/content/data/Preprocessed CT scans/pCT/pCT857.jpg,pCT,1,857,343
/content/data/Preprocessed CT scans/pCT/pCT2695.jpg,pCT,1,2695,255
/content/data/Preprocessed CT scans/pCT/pCT364.jpg,pCT,1,364,223
/content/data/Preprocessed CT scans/pCT/pCT1896.jpg,pCT,1,1896,270
/content/data/Preprocessed CT scans/pCT/pCT1625.jpg,pCT,1,1625,12
/content/data/Preprocessed CT scans/pCT/pCT1234.jpg,pCT,1,1234,219
/content/data/Preprocessed CT scans/pCT/pCT316.jpg,pCT,1,316,278
/content/data/Preprocessed CT scans/pCT/pCT221.jpg,pCT,1,221,258
/content/data/Preprocessed CT scans/pCT/pCT3977.jpg,pCT,1,3977,94
/content/data/Preprocessed CT scans/pCT/pCT2265.jpg,pCT,1,2265,226
/content/data/Preprocessed CT scans/pCT/pCT3697.jpg,pCT,1,3697,309
/content/data/Preprocessed CT scans/pCT/pCT3382.jpg,pCT,1,3382,218
/content/data/Preprocessed CT scans/pCT/pCT108.jpg,pCT,1,108,202
/content/data/Preprocessed CT scans/pCT/pCT337.jpg,pCT,1,337,46
/content/data/Preprocessed CT scans/pCT/pCT1562.jpg,pCT,1,1562,302
/content/data/Preprocessed CT scans/pCT/pCT92.jpg,pCT,1,92,96
/content/data/Preprocessed CT scans/pCT/pCT2140.jpg,pCT,1,2140,297
/content/data/Preprocessed CT scans/pCT/pCT2251.jpg,pCT,1,2251,157
/content/data/Preprocessed CT scans/pCT/pCT362.jpg,pCT,1,362,197
/content/data/Preprocessed CT scans/pCT/pCT752.jpg,pCT,1,752,53
/content/data/Preprocessed CT scans/pCT/pCT254.jpg,pCT,1,254,197
/content/data/Preprocessed CT scans/pCT/pCT404.jpg,pCT,1,404,184
/content/data/Preprocessed CT scans/pCT/pCT3521.jpg,pCT,1,3521,76
/content/data/Preprocessed CT scans/pCT/pCT275.jpg,pCT,1,275,287
/content/data/Preprocessed CT scans/pCT/pCT3661.jpg,pCT,1,3661,198
/content/data/Preprocessed CT scans/pCT/pCT3657.jpg,pCT,1,3657,198
/content/data/Preprocessed CT scans/pCT/pCT3262.jpg,pCT,1,3262,390
/content/data/Preprocessed CT scans/pCT/pCT2445.jpg,pCT,1,2445,73
/content/data/Preprocessed CT scans/pCT/pCT2481.jpg,pCT,1,2481,169
/content/data/Preprocessed CT scans/pCT/pCT3606.jpg,pCT,1,3606,139
/content/data/Preprocessed CT scans/pCT/pCT2290.jpg,pCT,1,2290,266
/content/data/Preprocessed CT scans/pCT/pCT2061.jpg,pCT,1,2061,245
/content/data/Preprocessed CT scans/pCT/pCT1908.jpg,pCT,1,1908,270
/content/data/Preprocessed CT scans/pCT/pCT230.jpg,pCT,1,230,258
/content/data/Preprocessed CT scans/pCT/pCT1974.jpg,pCT,1,1974,183
/content/data/Preprocessed CT scans/pCT/pCT1074.jpg,pCT,1,1074,117
/content/data/Preprocessed CT scans/pCT/pCT2254.jpg,pCT,1,2254,157
/content/data/Preprocessed CT scans/pCT/pCT2223.jpg,pCT,1,2223,274
/content/data/Preprocessed CT scans/pCT/pCT949.jpg,pCT,1,949,53
/content/data/Preprocessed CT scans/pCT/pCT1732.jpg,pCT,1,1732,371
/content/data/Preprocessed CT scans/pCT/pCT3067.jpg,pCT,1,3067,159
/content/data/Preprocessed CT scans/pCT/pCT3186.jpg,pCT,1,3186,226
/content/data/Preprocessed CT scans/pCT/pCT2857.jpg,pCT,1,2857,312
/content/data/Preprocessed CT scans/pCT/pCT2317.jpg,pCT,1,2317,380
/content/data/Preprocessed CT scans/pCT/pCT1464.jpg,pCT,1,1464,343
/content/data/Preprocessed CT scans/pCT/pCT3104.jpg,pCT,1,3104,391
/content/data/Preprocessed CT scans/pCT/pCT1647.jpg,pCT,1,1647,12
/content/data/Preprocessed CT scans/pCT/pCT1816.jpg,pCT,1,1816,359
/content/data/Preprocessed CT scans/pCT/pCT2767.jpg,pCT,1,2767,342
/content/data/Preprocessed CT scans/pCT/pCT2677.jpg,pCT,1,2677,255
/content/data/Preprocessed CT scans/pCT/pCT375.jpg,pCT,1,375,1
/content/data/Preprocessed CT scans/pCT/pCT897.jpg,pCT,1,897,303
/content/data/Preprocessed CT scans/pCT/pCT2186.jpg,pCT,1,2186,239
/content/data/Preprocessed CT scans/pCT/pCT484.jpg,pCT,1,484,161
/content/data/Preprocessed CT scans/pCT/pCT292.jpg,pCT,1,292,1
/content/data/Preprocessed CT scans/pCT/pCT3963.jpg,pCT,1,3963,94
/content/data/Preprocessed CT scans/pCT/pCT2306.jpg,pCT,1,2306,380
/content/data/Preprocessed CT scans/pCT/pCT2030.jpg,pCT,1,2030,302
/content/data/Preprocessed CT scans/pCT/pCT2262.jpg,pCT,1,2262,226
/content/data/Preprocessed CT scans/pCT/pCT893.jpg,pCT,1,893,53
/content/data/Preprocessed CT scans/pCT/pCT2419.jpg,pCT,1,2419,44
/content/data/Preprocessed CT scans/pCT/pCT3994.jpg,pCT,1,3994,239
/content/data/Preprocessed CT scans/pCT/pCT3052.jpg,pCT,1,3052,159
/content/data/Preprocessed CT scans/pCT/pCT1019.jpg,pCT,1,1019,113
/content/data/Preprocessed CT scans/pCT/pCT115.jpg,pCT,1,115,46
/content/data/Preprocessed CT scans/pCT/pCT1245.jpg,pCT,1,1245,113
/content/data/Preprocessed CT scans/pCT/pCT1835.jpg,pCT,1,1835,97
/content/data/Preprocessed CT scans/pCT/pCT3896.jpg,pCT,1,3896,348
/content/data/Preprocessed CT scans/pCT/pCT3947.jpg,pCT,1,3947,397
/content/data/Preprocessed CT scans/pCT/pCT3326.jpg,pCT,1,3326,44
/content/data/Preprocessed CT scans/pCT/pCT3173.jpg,pCT,1,3173,226
/content/data/Preprocessed CT scans/pCT/pCT3687.jpg,pCT,1,3687,309
/content/data/Preprocessed CT scans/pCT/pCT3314.jpg,pCT,1,3314,44
/content/data/Preprocessed CT scans/pCT/pCT188.jpg,pCT,1,188,278
/content/data/Preprocessed CT scans/pCT/pCT656.jpg,pCT,1,656,291
/content/data/Preprocessed CT scans/pCT/pCT1225.jpg,pCT,1,1225,66
/content/data/Preprocessed CT scans/pCT/pCT2736.jpg,pCT,1,2736,127
/content/data/Preprocessed CT scans/pCT/pCT2537.jpg,pCT,1,2537,228
/content/data/Preprocessed CT scans/pCT/pCT1099.jpg,pCT,1,1099,66
/content/data/Preprocessed CT scans/pCT/pCT248.jpg,pCT,1,248,184
/content/data/Preprocessed CT scans/pCT/pCT632.jpg,pCT,1,632,337
/content/data/Preprocessed CT scans/pCT/pCT3671.jpg,pCT,1,3671,73
/content/data/Preprocessed CT scans/pCT/pCT2107.jpg,pCT,1,2107,128
/content/data/Preprocessed CT scans/pCT/pCT1297.jpg,pCT,1,1297,84
/content/data/Preprocessed CT scans/pCT/pCT3168.jpg,pCT,1,3168,226
/content/data/Preprocessed CT scans/pCT/pCT1412.jpg,pCT,1,1412,343
/content/data/Preprocessed CT scans/pCT/pCT3337.jpg,pCT,1,3337,71
/content/data/Preprocessed CT scans/pCT/pCT3042.jpg,pCT,1,3042,159
/content/data/Preprocessed CT scans/pCT/pCT1331.jpg,pCT,1,1331,66
/content/data/Preprocessed CT scans/pCT/pCT1914.jpg,pCT,1,1914,270
/content/data/Preprocessed CT scans/pCT/pCT273.jpg,pCT,1,273,223
/content/data/Preprocessed CT scans/pCT/pCT1132.jpg,pCT,1,1132,170
/content/data/Preprocessed CT scans/pCT/pCT3729.jpg,pCT,1,3729,370
/content/data/Preprocessed CT scans/pCT/pCT1458.jpg,pCT,1,1458,89
/content/data/Preprocessed CT scans/pCT/pCT3004.jpg,pCT,1,3004,242
/content/data/Preprocessed CT scans/pCT/pCT457.jpg,pCT,1,457,204
/content/data/Preprocessed CT scans/pCT/pCT185.jpg,pCT,1,185,258
/content/data/Preprocessed CT scans/pCT/pCT2198.jpg,pCT,1,2198,88
/content/data/Preprocessed CT scans/pCT/pCT3239.jpg,pCT,1,3239,149
/content/data/Preprocessed CT scans/pCT/pCT100.jpg,pCT,1,100,202
/content/data/Preprocessed CT scans/pCT/pCT2224.jpg,pCT,1,2224,274
/content/data/Preprocessed CT scans/pCT/pCT3205.jpg,pCT,1,3205,366
/content/data/Preprocessed CT scans/pCT/pCT1431.jpg,pCT,1,1431,113
/content/data/Preprocessed CT scans/pCT/pCT3736.jpg,pCT,1,3736,382
/content/data/Preprocessed CT scans/pCT/pCT3727.jpg,pCT,1,3727,370
/content/data/Preprocessed CT scans/pCT/pCT2458.jpg,pCT,1,2458,73
/content/data/Preprocessed CT scans/pCT/pCT2685.jpg,pCT,1,2685,255
/content/data/Preprocessed CT scans/pCT/pCT929.jpg,pCT,1,929,15
/content/data/Preprocessed CT scans/pCT/pCT2259.jpg,pCT,1,2259,157
/content/data/Preprocessed CT scans/pCT/pCT3148.jpg,pCT,1,3148,262
/content/data/Preprocessed CT scans/pCT/pCT2689.jpg,pCT,1,2689,255
/content/data/Preprocessed CT scans/pCT/pCT1177.jpg,pCT,1,1177,77
/content/data/Preprocessed CT scans/pCT/pCT2149.jpg,pCT,1,2149,78
/content/data/Preprocessed CT scans/pCT/pCT2272.jpg,pCT,1,2272,226
/content/data/Preprocessed CT scans/pCT/pCT1021.jpg,pCT,1,1021,305
/content/data/Preprocessed CT scans/pCT/pCT1549.jpg,pCT,1,1549,35
/content/data/Preprocessed CT scans/pCT/pCT2389.jpg,pCT,1,2389,325
/content/data/Preprocessed CT scans/pCT/pCT3082.jpg,pCT,1,3082,59
/content/data/Preprocessed CT scans/pCT/pCT871.jpg,pCT,1,871,343
/content/data/Preprocessed CT scans/pCT/pCT3410.jpg,pCT,1,3410,218
/content/data/Preprocessed CT scans/pCT/pCT2788.jpg,pCT,1,2788,69
/content/data/Preprocessed CT scans/pCT/pCT3696.jpg,pCT,1,3696,309
/content/data/Preprocessed CT scans/pCT/pCT1528.jpg,pCT,1,1528,302
/content/data/Preprocessed CT scans/pCT/pCT478.jpg,pCT,1,478,337
/content/data/Preprocessed CT scans/pCT/pCT1109.jpg,pCT,1,1109,343
/content/data/Preprocessed CT scans/pCT/pCT1230.jpg,pCT,1,1230,170
/content/data/Preprocessed CT scans/pCT/pCT1807.jpg,pCT,1,1807,296
/content/data/Preprocessed CT scans/pCT/pCT1080.jpg,pCT,1,1080,219
/content/data/Preprocessed CT scans/pCT/pCT3720.jpg,pCT,1,3720,370
/content/data/Preprocessed CT scans/pCT/pCT1700.jpg,pCT,1,1700,12
/content/data/Preprocessed CT scans/pCT/pCT374.jpg,pCT,1,374,161
/content/data/Preprocessed CT scans/pCT/pCT389.jpg,pCT,1,389,46
/content/data/Preprocessed CT scans/pCT/pCT1090.jpg,pCT,1,1090,170
/content/data/Preprocessed CT scans/pCT/pCT548.jpg,pCT,1,548,337
/content/data/Preprocessed CT scans/pCT/pCT1107.jpg,pCT,1,1107,77
/content/data/Preprocessed CT scans/pCT/pCT1598.jpg,pCT,1,1598,89
/content/data/Preprocessed CT scans/pCT/pCT1116.jpg,pCT,1,1116,117
/content/data/Preprocessed CT scans/pCT/pCT223.jpg,pCT,1,223,259
/content/data/Preprocessed CT scans/pCT/pCT3424.jpg,pCT,1,3424,138
/content/data/Preprocessed CT scans/pCT/pCT794.jpg,pCT,1,794,53
/content/data/Preprocessed CT scans/pCT/pCT3893.jpg,pCT,1,3893,348
/content/data/Preprocessed CT scans/pCT/pCT361.jpg,pCT,1,361,161
/content/data/Preprocessed CT scans/pCT/pCT1071.jpg,pCT,1,1071,66
/content/data/Preprocessed CT scans/pCT/pCT2534.jpg,pCT,1,2534,228
/content/data/Preprocessed CT scans/pCT/pCT1284.jpg,pCT,1,1284,219
/content/data/Preprocessed CT scans/pCT/pCT2763.jpg,pCT,1,2763,342
/content/data/Preprocessed CT scans/pCT/pCT1879.jpg,pCT,1,1879,252
/content/data/Preprocessed CT scans/pCT/pCT2546.jpg,pCT,1,2546,228
/content/data/Preprocessed CT scans/pCT/pCT1456.jpg,pCT,1,1456,55
/content/data/Preprocessed CT scans/pCT/pCT149.jpg,pCT,1,149,202
/content/data/Preprocessed CT scans/pCT/pCT3412.jpg,pCT,1,3412,138
/content/data/Preprocessed CT scans/pCT/pCT3197.jpg,pCT,1,3197,366
/content/data/Preprocessed CT scans/pCT/pCT2662.jpg,pCT,1,2662,225
/content/data/Preprocessed CT scans/pCT/pCT359.jpg,pCT,1,359,147
/content/data/Preprocessed CT scans/pCT/pCT3359.jpg,pCT,1,3359,71
/content/data/Preprocessed CT scans/pCT/pCT1094.jpg,pCT,1,1094,219
/content/data/Preprocessed CT scans/pCT/pCT654.jpg,pCT,1,654,46
/content/data/Preprocessed CT scans/pCT/pCT3315.jpg,pCT,1,3315,44
/content/data/Preprocessed CT scans/pCT/pCT3260.jpg,pCT,1,3260,390
/content/data/Preprocessed CT scans/pCT/pCT3195.jpg,pCT,1,3195,11
/content/data/Preprocessed CT scans/pCT/pCT3231.jpg,pCT,1,3231,225
/content/data/Preprocessed CT scans/pCT/pCT2303.jpg,pCT,1,2303,266
/content/data/Preprocessed CT scans/pCT/pCT1319.jpg,pCT,1,1319,360
/content/data/Preprocessed CT scans/pCT/pCT1388.jpg,pCT,1,1388,327
/content/data/Preprocessed CT scans/pCT/pCT564.jpg,pCT,1,564,291
/content/data/Preprocessed CT scans/pCT/pCT905.jpg,pCT,1,905,147
/content/data/Preprocessed CT scans/pCT/pCT3841.jpg,pCT,1,3841,140
/content/data/Preprocessed CT scans/pCT/pCT3800.jpg,pCT,1,3800,44
/content/data/Preprocessed CT scans/pCT/pCT208.jpg,pCT,1,208,1
/content/data/Preprocessed CT scans/pCT/pCT1687.jpg,pCT,1,1687,359
/content/data/Preprocessed CT scans/pCT/pCT3931.jpg,pCT,1,3931,397
/content/data/Preprocessed CT scans/pCT/pCT3839.jpg,pCT,1,3839,140
/content/data/Preprocessed CT scans/pCT/pCT1581.jpg,pCT,1,1581,12
/content/data/Preprocessed CT scans/pCT/pCT205.jpg,pCT,1,205,259
/content/data/Preprocessed CT scans/pCT/pCT1434.jpg,pCT,1,1434,84
/content/data/Preprocessed CT scans/pCT/pCT2449.jpg,pCT,1,2449,73
/content/data/Preprocessed CT scans/pCT/pCT717.jpg,pCT,1,717,337
/content/data/Preprocessed CT scans/pCT/pCT542.jpg,pCT,1,542,46
/content/data/Preprocessed CT scans/pCT/pCT398.jpg,pCT,1,398,147
/content/data/Preprocessed CT scans/pCT/pCT3269.jpg,pCT,1,3269,7
/content/data/Preprocessed CT scans/pCT/pCT3139.jpg,pCT,1,3139,262
/content/data/Preprocessed CT scans/pCT/pCT638.jpg,pCT,1,638,117
/content/data/Preprocessed CT scans/pCT/pCT282.jpg,pCT,1,282,258
/content/data/Preprocessed CT scans/pCT/pCT2151.jpg,pCT,1,2151,78
/content/data/Preprocessed CT scans/pCT/pCT3912.jpg,pCT,1,3912,127
/content/data/Preprocessed CT scans/pCT/pCT773.jpg,pCT,1,773,337
/content/data/Preprocessed CT scans/pCT/pCT1965.jpg,pCT,1,1965,183
/content/data/Preprocessed CT scans/pCT/pCT509.jpg,pCT,1,509,194
/content/data/Preprocessed CT scans/pCT/pCT1511.jpg,pCT,1,1511,375
/content/data/Preprocessed CT scans/pCT/pCT2878.jpg,pCT,1,2878,283
/content/data/Preprocessed CT scans/pCT/pCT3731.jpg,pCT,1,3731,370
/content/data/Preprocessed CT scans/pCT/pCT32.jpg,pCT,1,32,1
/content/data/Preprocessed CT scans/pCT/pCT2407.jpg,pCT,1,2407,44
/content/data/Preprocessed CT scans/pCT/pCT961.jpg,pCT,1,961,147
/content/data/Preprocessed CT scans/pCT/pCT969.jpg,pCT,1,969,343
/content/data/Preprocessed CT scans/pCT/pCT2135.jpg,pCT,1,2135,297
/content/data/Preprocessed CT scans/pCT/pCT2657.jpg,pCT,1,2657,225
/content/data/Preprocessed CT scans/pCT/pCT721.jpg,pCT,1,721,194
/content/data/Preprocessed CT scans/pCT/pCT2193.jpg,pCT,1,2193,28
/content/data/Preprocessed CT scans/pCT/pCT688.jpg,pCT,1,688,337
/content/data/Preprocessed CT scans/pCT/pCT2242.jpg,pCT,1,2242,157
/content/data/Preprocessed CT scans/pCT/pCT2324.jpg,pCT,1,2324,149
/content/data/Preprocessed CT scans/pCT/pCT726.jpg,pCT,1,726,275
/content/data/Preprocessed CT scans/pCT/pCT2693.jpg,pCT,1,2693,255
/content/data/Preprocessed CT scans/pCT/pCT360.jpg,pCT,1,360,258
/content/data/Preprocessed CT scans/pCT/pCT3147.jpg,pCT,1,3147,262
/content/data/Preprocessed CT scans/pCT/pCT3140.jpg,pCT,1,3140,262
/content/data/Preprocessed CT scans/pCT/pCT832.jpg,pCT,1,832,291
/content/data/Preprocessed CT scans/pCT/pCT1430.jpg,pCT,1,1430,55
/content/data/Preprocessed CT scans/pCT/pCT3073.jpg,pCT,1,3073,159
/content/data/Preprocessed CT scans/pCT/pCT1513.jpg,pCT,1,1513,12
/content/data/Preprocessed CT scans/pCT/pCT2397.jpg,pCT,1,2397,325
/content/data/Preprocessed CT scans/pCT/pCT1705.jpg,pCT,1,1705,359
/content/data/Preprocessed CT scans/pCT/pCT2248.jpg,pCT,1,2248,157
/content/data/Preprocessed CT scans/pCT/pCT396.jpg,pCT,1,396,1
/content/data/Preprocessed CT scans/pCT/pCT2364.jpg,pCT,1,2364,289
/content/data/Preprocessed CT scans/pCT/pCT1191.jpg,pCT,1,1191,77
/content/data/Preprocessed CT scans/pCT/pCT244.jpg,pCT,1,244,202
/content/data/Preprocessed CT scans/pCT/pCT3767.jpg,pCT,1,3767,7
/content/data/Preprocessed CT scans/pCT/pCT3633.jpg,pCT,1,3633,198
/content/data/Preprocessed CT scans/pCT/pCT1655.jpg,pCT,1,1655,12
/content/data/Preprocessed CT scans/pCT/pCT419.jpg,pCT,1,419,184
/content/data/Preprocessed CT scans/pCT/pCT2410.jpg,pCT,1,2410,44
/content/data/Preprocessed CT scans/pCT/pCT1419.jpg,pCT,1,1419,89
/content/data/Preprocessed CT scans/pCT/pCT3949.jpg,pCT,1,3949,397
/content/data/Preprocessed CT scans/pCT/pCT2392.jpg,pCT,1,2392,325
/content/data/Preprocessed CT scans/pCT/pCT3334.jpg,pCT,1,3334,71
/content/data/Preprocessed CT scans/pCT/pCT958.jpg,pCT,1,958,131
/content/data/Preprocessed CT scans/pCT/pCT403.jpg,pCT,1,403,223
/content/data/Preprocessed CT scans/pCT/pCT1531.jpg,pCT,1,1531,55
/content/data/Preprocessed CT scans/pCT/pCT1304.jpg,pCT,1,1304,327
/content/data/Preprocessed CT scans/pCT/pCT2357.jpg,pCT,1,2357,327
/content/data/Preprocessed CT scans/pCT/pCT528.jpg,pCT,1,528,46
/content/data/Preprocessed CT scans/pCT/pCT1267.jpg,pCT,1,1267,87
/content/data/Preprocessed CT scans/pCT/pCT955.jpg,pCT,1,955,343
/content/data/Preprocessed CT scans/pCT/pCT2587.jpg,pCT,1,2587,346
/content/data/Preprocessed CT scans/pCT/pCT2935.jpg,pCT,1,2935,265
/content/data/Preprocessed CT scans/pCT/pCT2146.jpg,pCT,1,2146,78
/content/data/Preprocessed CT scans/pCT/pCT2363.jpg,pCT,1,2363,289
/content/data/Preprocessed CT scans/pCT/pCT2138.jpg,pCT,1,2138,297
/content/data/Preprocessed CT scans/pCT/pCT2494.jpg,pCT,1,2494,169
/content/data/Preprocessed CT scans/pCT/pCT352.jpg,pCT,1,352,184
/content/data/Preprocessed CT scans/pCT/pCT2750.jpg,pCT,1,2750,387
/content/data/Preprocessed CT scans/pCT/pCT426.jpg,pCT,1,426,129
/content/data/Preprocessed CT scans/pCT/pCT2174.jpg,pCT,1,2174,115
/content/data/Preprocessed CT scans/pCT/pCT3988.jpg,pCT,1,3988,239
/content/data/Preprocessed CT scans/pCT/pCT1487.jpg,pCT,1,1487,375
/content/data/Preprocessed CT scans/pCT/pCT3751.jpg,pCT,1,3751,187
/content/data/Preprocessed CT scans/pCT/pCT1506.jpg,pCT,1,1506,84
/content/data/Preprocessed CT scans/pCT/pCT633.jpg,pCT,1,633,15
/content/data/Preprocessed CT scans/pCT/pCT2492.jpg,pCT,1,2492,169
/content/data/Preprocessed CT scans/pCT/pCT722.jpg,pCT,1,722,1
/content/data/Preprocessed CT scans/pCT/pCT653.jpg,pCT,1,653,53
/content/data/Preprocessed CT scans/pCT/pCT821.jpg,pCT,1,821,147
/content/data/Preprocessed CT scans/pCT/pCT174.jpg,pCT,1,174,202
/content/data/Preprocessed CT scans/pCT/pCT922.jpg,pCT,1,922,170
/content/data/Preprocessed CT scans/pCT/pCT775.jpg,pCT,1,775,291
/content/data/Preprocessed CT scans/pCT/pCT1911.jpg,pCT,1,1911,270
/content/data/Preprocessed CT scans/pCT/pCT270.jpg,pCT,1,270,202
/content/data/Preprocessed CT scans/pCT/pCT1089.jpg,pCT,1,1089,113
/content/data/Preprocessed CT scans/pCT/pCT1584.jpg,pCT,1,1584,302
/content/data/Preprocessed CT scans/pCT/pCT1113.jpg,pCT,1,1113,66
/content/data/Preprocessed CT scans/pCT/pCT635.jpg,pCT,1,635,194
/content/data/Preprocessed CT scans/pCT/pCT1289.jpg,pCT,1,1289,131
/content/data/Preprocessed CT scans/pCT/pCT214.jpg,pCT,1,214,259
/content/data/Preprocessed CT scans/pCT/pCT981.jpg,pCT,1,981,303
/content/data/Preprocessed CT scans/pCT/pCT414.jpg,pCT,1,414,161
/content/data/Preprocessed CT scans/pCT/pCT3216.jpg,pCT,1,3216,366
/content/data/Preprocessed CT scans/pCT/pCT3089.jpg,pCT,1,3089,59
/content/data/Preprocessed CT scans/pCT/pCT945.jpg,pCT,1,945,66
/content/data/Preprocessed CT scans/pCT/pCT3577.jpg,pCT,1,3577,35
/content/data/Preprocessed CT scans/pCT/pCT522.jpg,pCT,1,522,291
/content/data/Preprocessed CT scans/pCT/pCT1485.jpg,pCT,1,1485,346
/content/data/Preprocessed CT scans/pCT/pCT494.jpg,pCT,1,494,1
/content/data/Preprocessed CT scans/pCT/pCT1744.jpg,pCT,1,1744,97
/content/data/Preprocessed CT scans/pCT/pCT833.jpg,pCT,1,833,261
/content/data/Preprocessed CT scans/pCT/pCT1735.jpg,pCT,1,1735,296
/content/data/Preprocessed CT scans/pCT/pCT2100.jpg,pCT,1,2100,128
/content/data/Preprocessed CT scans/pCT/pCT308.jpg,pCT,1,308,258
/content/data/Preprocessed CT scans/pCT/pCT245.jpg,pCT,1,245,197
/content/data/Preprocessed CT scans/pCT/pCT1300.jpg,pCT,1,1300,219
/content/data/Preprocessed CT scans/pCT/pCT573.jpg,pCT,1,573,184
/content/data/Preprocessed CT scans/pCT/pCT2742.jpg,pCT,1,2742,127
/content/data/Preprocessed CT scans/pCT/pCT3672.jpg,pCT,1,3672,73
/content/data/Preprocessed CT scans/pCT/pCT3804.jpg,pCT,1,3804,44
/content/data/Preprocessed CT scans/pCT/pCT613.jpg,pCT,1,613,170
/content/data/Preprocessed CT scans/pCT/pCT3684.jpg,pCT,1,3684,309
/content/data/Preprocessed CT scans/pCT/pCT339.jpg,pCT,1,339,184
/content/data/Preprocessed CT scans/pCT/pCT2466.jpg,pCT,1,2466,225
/content/data/Preprocessed CT scans/pCT/pCT3626.jpg,pCT,1,3626,198
/content/data/Preprocessed CT scans/pCT/pCT3616.jpg,pCT,1,3616,198
/content/data/Preprocessed CT scans/pCT/pCT3211.jpg,pCT,1,3211,366
/content/data/Preprocessed CT scans/pCT/pCT2071.jpg,pCT,1,2071,245
/content/data/Preprocessed CT scans/pCT/pCT3970.jpg,pCT,1,3970,397
/content/data/Preprocessed CT scans/pCT/pCT939.jpg,pCT,1,939,303
/content/data/Preprocessed CT scans/pCT/pCT892.jpg,pCT,1,892,117
/content/data/Preprocessed CT scans/pCT/pCT2887.jpg,pCT,1,2887,181
/content/data/Preprocessed CT scans/pCT/pCT774.jpg,pCT,1,774,15
/content/data/Preprocessed CT scans/pCT/pCT1262.jpg,pCT,1,1262,170
/content/data/Preprocessed CT scans/pCT/pCT3946.jpg,pCT,1,3946,397
/content/data/Preprocessed CT scans/pCT/pCT2409.jpg,pCT,1,2409,44
/content/data/Preprocessed CT scans/pCT/pCT2130.jpg,pCT,1,2130,297
/content/data/Preprocessed CT scans/pCT/pCT3011.jpg,pCT,1,3011,391
/content/data/Preprocessed CT scans/pCT/pCT2226.jpg,pCT,1,2226,274
/content/data/Preprocessed CT scans/pCT/pCT2188.jpg,pCT,1,2188,214
/content/data/Preprocessed CT scans/pCT/pCT810.jpg,pCT,1,810,170
/content/data/Preprocessed CT scans/pCT/pCT3131.jpg,pCT,1,3131,391
/content/data/Preprocessed CT scans/pCT/pCT759.jpg,pCT,1,759,337
/content/data/Preprocessed CT scans/pCT/pCT160.jpg,pCT,1,160,202
/content/data/Preprocessed CT scans/pCT/pCT2080.jpg,pCT,1,2080,245
/content/data/Preprocessed CT scans/pCT/pCT514.jpg,pCT,1,514,46
/content/data/Preprocessed CT scans/pCT/pCT1897.jpg,pCT,1,1897,252
/content/data/Preprocessed CT scans/pCT/pCT3826.jpg,pCT,1,3826,71
/content/data/Preprocessed CT scans/pCT/pCT1020.jpg,pCT,1,1020,170
/content/data/Preprocessed CT scans/pCT/pCT1445.jpg,pCT,1,1445,89
/content/data/Preprocessed CT scans/pCT/pCT1757.jpg,pCT,1,1757,252
/content/data/Preprocessed CT scans/pCT/pCT3937.jpg,pCT,1,3937,397
/content/data/Preprocessed CT scans/pCT/pCT1776.jpg,pCT,1,1776,196
/content/data/Preprocessed CT scans/pCT/pCT125.jpg,pCT,1,125,278
/content/data/Preprocessed CT scans/pCT/pCT3392.jpg,pCT,1,3392,218
/content/data/Preprocessed CT scans/pCT/pCT3360.jpg,pCT,1,3360,71
/content/data/Preprocessed CT scans/pCT/pCT1037.jpg,pCT,1,1037,303
/content/data/Preprocessed CT scans/pCT/pCT2058.jpg,pCT,1,2058,245
/content/data/Preprocessed CT scans/pCT/pCT3187.jpg,pCT,1,3187,226
/content/data/Preprocessed CT scans/pCT/pCT2315.jpg,pCT,1,2315,380
/content/data/Preprocessed CT scans/pCT/pCT3666.jpg,pCT,1,3666,73
/content/data/Preprocessed CT scans/pCT/pCT1387.jpg,pCT,1,1387,66
/content/data/Preprocessed CT scans/pCT/pCT407.jpg,pCT,1,407,337
/content/data/Preprocessed CT scans/pCT/pCT1066.jpg,pCT,1,1066,219
/content/data/Preprocessed CT scans/pCT/pCT585.jpg,pCT,1,585,170
/content/data/Preprocessed CT scans/pCT/pCT1029.jpg,pCT,1,1029,66
/content/data/Preprocessed CT scans/pCT/pCT1182.jpg,pCT,1,1182,360
/content/data/Preprocessed CT scans/pCT/pCT3423.jpg,pCT,1,3423,138
/content/data/Preprocessed CT scans/pCT/pCT3831.jpg,pCT,1,3831,140
/content/data/Preprocessed CT scans/pCT/pCT483.jpg,pCT,1,483,1
/content/data/Preprocessed CT scans/pCT/pCT1337.jpg,pCT,1,1337,89
/content/data/Preprocessed CT scans/pCT/pCT1939.jpg,pCT,1,1939,374
/content/data/Preprocessed CT scans/pCT/pCT3535.jpg,pCT,1,3535,76
/content/data/Preprocessed CT scans/pCT/pCT1609.jpg,pCT,1,1609,89
/content/data/Preprocessed CT scans/pCT/pCT3916.jpg,pCT,1,3916,127
/content/data/Preprocessed CT scans/pCT/pCT3518.jpg,pCT,1,3518,76
/content/data/Preprocessed CT scans/pCT/pCT1603.jpg,pCT,1,1603,12
/content/data/Preprocessed CT scans/pCT/pCT1101.jpg,pCT,1,1101,147
/content/data/Preprocessed CT scans/pCT/pCT2549.jpg,pCT,1,2549,228
/content/data/Preprocessed CT scans/pCT/pCT383.jpg,pCT,1,383,1
/content/data/Preprocessed CT scans/pCT/pCT1978.jpg,pCT,1,1978,183
/content/data/Preprocessed CT scans/pCT/pCT950.jpg,pCT,1,950,170
/content/data/Preprocessed CT scans/pCT/pCT676.jpg,pCT,1,676,183
/content/data/Preprocessed CT scans/pCT/pCT96.jpg,pCT,1,96,96
/content/data/Preprocessed CT scans/pCT/pCT3824.jpg,pCT,1,3824,71
/content/data/Preprocessed CT scans/pCT/pCT3394.jpg,pCT,1,3394,218
/content/data/Preprocessed CT scans/pCT/pCT136.jpg,pCT,1,136,202
/content/data/Preprocessed CT scans/pCT/pCT3353.jpg,pCT,1,3353,71
/content/data/Preprocessed CT scans/pCT/pCT1129.jpg,pCT,1,1129,131
/content/data/Preprocessed CT scans/pCT/pCT2645.jpg,pCT,1,2645,166
/content/data/Preprocessed CT scans/pCT/pCT272.jpg,pCT,1,272,46
/content/data/Preprocessed CT scans/pCT/pCT3118.jpg,pCT,1,3118,262
/content/data/Preprocessed CT scans/pCT/pCT3635.jpg,pCT,1,3635,198
/content/data/Preprocessed CT scans/pCT/pCT2864.jpg,pCT,1,2864,312
/content/data/Preprocessed CT scans/pCT/pCT3234.jpg,pCT,1,3234,225
/content/data/Preprocessed CT scans/pCT/pCT1468.jpg,pCT,1,1468,131
/content/data/Preprocessed CT scans/pCT/pCT222.jpg,pCT,1,222,287
/content/data/Preprocessed CT scans/pCT/pCT1264.jpg,pCT,1,1264,165
/content/data/Preprocessed CT scans/pCT/pCT2187.jpg,pCT,1,2187,239
/content/data/Preprocessed CT scans/pCT/pCT1520.jpg,pCT,1,1520,89
/content/data/Preprocessed CT scans/pCT/pCT1795.jpg,pCT,1,1795,359
/content/data/Preprocessed CT scans/pCT/pCT1369.jpg,pCT,1,1369,77
/content/data/Preprocessed CT scans/pCT/pCT1155.jpg,pCT,1,1155,66
/content/data/Preprocessed CT scans/pCT/pCT1323.jpg,pCT,1,1323,89
/content/data/Preprocessed CT scans/pCT/pCT2236.jpg,pCT,1,2236,157
/content/data/Preprocessed CT scans/pCT/pCT2110.jpg,pCT,1,2110,128
/content/data/Preprocessed CT scans/pCT/pCT1469.jpg,pCT,1,1469,55
/content/data/Preprocessed CT scans/pCT/pCT2103.jpg,pCT,1,2103,128
/content/data/Preprocessed CT scans/pCT/pCT2789.jpg,pCT,1,2789,69
/content/data/Preprocessed CT scans/pCT/pCT2853.jpg,pCT,1,2853,312
/content/data/Preprocessed CT scans/pCT/pCT1473.jpg,pCT,1,1473,84
/content/data/Preprocessed CT scans/pCT/pCT3377.jpg,pCT,1,3377,218
/content/data/Preprocessed CT scans/pCT/pCT2852.jpg,pCT,1,2852,312
/content/data/Preprocessed CT scans/pCT/pCT405.jpg,pCT,1,405,287
/content/data/Preprocessed CT scans/pCT/pCT286.jpg,pCT,1,286,223
/content/data/Preprocessed CT scans/pCT/pCT3409.jpg,pCT,1,3409,218
/content/data/Preprocessed CT scans/pCT/pCT915.jpg,pCT,1,915,15
/content/data/Preprocessed CT scans/pCT/pCT150.jpg,pCT,1,150,278
/content/data/Preprocessed CT scans/pCT/pCT1788.jpg,pCT,1,1788,359
/content/data/Preprocessed CT scans/pCT/pCT2029.jpg,pCT,1,2029,302
/content/data/Preprocessed CT scans/pCT/pCT705.jpg,pCT,1,705,194
/content/data/Preprocessed CT scans/pCT/pCT2182.jpg,pCT,1,2182,239
/content/data/Preprocessed CT scans/pCT/pCT518.jpg,pCT,1,518,287
/content/data/Preprocessed CT scans/pCT/pCT3846.jpg,pCT,1,3846,140
/content/data/Preprocessed CT scans/pCT/pCT2543.jpg,pCT,1,2543,228
/content/data/Preprocessed CT scans/pCT/pCT159.jpg,pCT,1,159,1
/content/data/Preprocessed CT scans/pCT/pCT1325.jpg,pCT,1,1325,84
/content/data/Preprocessed CT scans/pCT/pCT1968.jpg,pCT,1,1968,183
/content/data/Preprocessed CT scans/pCT/pCT766.jpg,pCT,1,766,53
/content/data/Preprocessed CT scans/pCT/pCT3171.jpg,pCT,1,3171,226
/content/data/Preprocessed CT scans/pCT/pCT2387.jpg,pCT,1,2387,325
/content/data/Preprocessed CT scans/pCT/pCT1818.jpg,pCT,1,1818,196
/content/data/Preprocessed CT scans/pCT/pCT1961.jpg,pCT,1,1961,183
/content/data/Preprocessed CT scans/pCT/pCT1747.jpg,pCT,1,1747,327
/content/data/Preprocessed CT scans/pCT/pCT2669.jpg,pCT,1,2669,225
/content/data/Preprocessed CT scans/pCT/pCT2421.jpg,pCT,1,2421,44
/content/data/Preprocessed CT scans/pCT/pCT1450.jpg,pCT,1,1450,12
/content/data/Preprocessed CT scans/pCT/pCT2905.jpg,pCT,1,2905,181
/content/data/Preprocessed CT scans/pCT/pCT2274.jpg,pCT,1,2274,266
/content/data/Preprocessed CT scans/pCT/pCT2745.jpg,pCT,1,2745,387
/content/data/Preprocessed CT scans/pCT/pCT1299.jpg,pCT,1,1299,87
/content/data/Preprocessed CT scans/pCT/pCT133.jpg,pCT,1,133,202
/content/data/Preprocessed CT scans/pCT/pCT3604.jpg,pCT,1,3604,139
/content/data/Preprocessed CT scans/pCT/pCT1313.jpg,pCT,1,1313,87
/content/data/Preprocessed CT scans/pCT/pCT2947.jpg,pCT,1,2947,379
/content/data/Preprocessed CT scans/pCT/pCT1193.jpg,pCT,1,1193,343
/content/data/Preprocessed CT scans/pCT/pCT1396.jpg,pCT,1,1396,375
/content/data/Preprocessed CT scans/pCT/pCT3241.jpg,pCT,1,3241,149
/content/data/Preprocessed CT scans/pCT/pCT2434.jpg,pCT,1,2434,73
/content/data/Preprocessed CT scans/pCT/pCT458.jpg,pCT,1,458,46
/content/data/Preprocessed CT scans/pCT/pCT2037.jpg,pCT,1,2037,302
/content/data/Preprocessed CT scans/pCT/pCT2123.jpg,pCT,1,2123,297
/content/data/Preprocessed CT scans/pCT/pCT1451.jpg,pCT,1,1451,343
/content/data/Preprocessed CT scans/pCT/pCT2548.jpg,pCT,1,2548,228
/content/data/Preprocessed CT scans/pCT/pCT785.jpg,pCT,1,785,170
/content/data/Preprocessed CT scans/pCT/pCT1243.jpg,pCT,1,1243,131
/content/data/Preprocessed CT scans/pCT/pCT2039.jpg,pCT,1,2039,302
/content/data/Preprocessed CT scans/pCT/pCT2883.jpg,pCT,1,2883,181
/content/data/Preprocessed CT scans/pCT/pCT2399.jpg,pCT,1,2399,325
/content/data/Preprocessed CT scans/pCT/pCT2393.jpg,pCT,1,2393,243
/content/data/Preprocessed CT scans/pCT/pCT628.jpg,pCT,1,628,291
/content/data/Preprocessed CT scans/pCT/pCT2714.jpg,pCT,1,2714,28
/content/data/Preprocessed CT scans/pCT/pCT3333.jpg,pCT,1,3333,44
/content/data/Preprocessed CT scans/pCT/pCT1804.jpg,pCT,1,1804,196
/content/data/Preprocessed CT scans/pCT/pCT1095.jpg,pCT,1,1095,343
/content/data/Preprocessed CT scans/pCT/pCT3134.jpg,pCT,1,3134,262
/content/data/Preprocessed CT scans/pCT/pCT536.jpg,pCT,1,536,291
/content/data/Preprocessed CT scans/pCT/pCT1023.jpg,pCT,1,1023,303
/content/data/Preprocessed CT scans/pCT/pCT3266.jpg,pCT,1,3266,7
/content/data/Preprocessed CT scans/pCT/pCT2794.jpg,pCT,1,2794,69
/content/data/Preprocessed CT scans/pCT/pCT1311.jpg,pCT,1,1311,84
/content/data/Preprocessed CT scans/pCT/pCT3857.jpg,pCT,1,3857,115
/content/data/Preprocessed CT scans/pCT/pCT2143.jpg,pCT,1,2143,297
/content/data/Preprocessed CT scans/pCT/pCT2749.jpg,pCT,1,2749,387
/content/data/Preprocessed CT scans/pCT/pCT2279.jpg,pCT,1,2279,266
/content/data/Preprocessed CT scans/pCT/pCT2656.jpg,pCT,1,2656,225
/content/data/Preprocessed CT scans/pCT/pCT2189.jpg,pCT,1,2189,214
/content/data/Preprocessed CT scans/pCT/pCT1540.jpg,pCT,1,1540,302
/content/data/Preprocessed CT scans/pCT/pCT420.jpg,pCT,1,420,287
/content/data/Preprocessed CT scans/nCT/nCT3500.jpg,nCT,0,3500,275
/content/data/Preprocessed CT scans/nCT/nCT9644.jpg,nCT,0,9644,256
/content/data/Preprocessed CT scans/nCT/nCT1238.jpg,nCT,0,1238,45
/content/data/Preprocessed CT scans/nCT/nCT2469.jpg,nCT,0,2469,269
/content/data/Preprocessed CT scans/nCT/nCT211.jpg,nCT,0,211,129
/content/data/Preprocessed CT scans/nCT/nCT7055.jpg,nCT,0,7055,156
/content/data/Preprocessed CT scans/nCT/nCT8442.jpg,nCT,0,8442,182
/content/data/Preprocessed CT scans/nCT/nCT364.jpg,nCT,0,364,6
/content/data/Preprocessed CT scans/nCT/nCT2958.jpg,nCT,0,2958,234
/content/data/Preprocessed CT scans/nCT/nCT7802.jpg,nCT,0,7802,149
/content/data/Preprocessed CT scans/nCT/nCT6393.jpg,nCT,0,6393,235
/content/data/Preprocessed CT scans/nCT/nCT3546.jpg,nCT,0,3546,47
/content/data/Preprocessed CT scans/nCT/nCT5493.jpg,nCT,0,5493,132
/content/data/Preprocessed CT scans/nCT/nCT3458.jpg,nCT,0,3458,96
/content/data/Preprocessed CT scans/nCT/nCT2064.jpg,nCT,0,2064,224
/content/data/Preprocessed CT scans/nCT/nCT3814.jpg,nCT,0,3814,329
/content/data/Preprocessed CT scans/nCT/nCT1131.jpg,nCT,0,1131,249
/content/data/Preprocessed CT scans/nCT/nCT6846.jpg,nCT,0,6846,233
/content/data/Preprocessed CT scans/nCT/nCT9680.jpg,nCT,0,9680,243
/content/data/Preprocessed CT scans/nCT/nCT4392.jpg,nCT,0,4392,197
/content/data/Preprocessed CT scans/nCT/nCT6057.jpg,nCT,0,6057,2
/content/data/Preprocessed CT scans/nCT/nCT5887.jpg,nCT,0,5887,393
/content/data/Preprocessed CT scans/nCT/nCT3944.jpg,nCT,0,3944,22
/content/data/Preprocessed CT scans/nCT/nCT1966.jpg,nCT,0,1966,143
/content/data/Preprocessed CT scans/nCT/nCT9012.jpg,nCT,0,9012,188
/content/data/Preprocessed CT scans/nCT/nCT8820.jpg,nCT,0,8820,369
/content/data/Preprocessed CT scans/nCT/nCT7485.jpg,nCT,0,7485,27
/content/data/Preprocessed CT scans/nCT/nCT2684.jpg,nCT,0,2684,347
/content/data/Preprocessed CT scans/nCT/nCT1957.jpg,nCT,0,1957,14
/content/data/Preprocessed CT scans/nCT/nCT5194.jpg,nCT,0,5194,230
/content/data/Preprocessed CT scans/nCT/nCT9912.jpg,nCT,0,9912,78
/content/data/Preprocessed CT scans/nCT/nCT3873.jpg,nCT,0,3873,271
/content/data/Preprocessed CT scans/nCT/nCT1436.jpg,nCT,0,1436,304
/content/data/Preprocessed CT scans/nCT/nCT5919.jpg,nCT,0,5919,95
/content/data/Preprocessed CT scans/nCT/nCT1163.jpg,nCT,0,1163,93
/content/data/Preprocessed CT scans/nCT/nCT5080.jpg,nCT,0,5080,335
/content/data/Preprocessed CT scans/nCT/nCT58.jpg,nCT,0,58,156
/content/data/Preprocessed CT scans/nCT/nCT4842.jpg,nCT,0,4842,233
/content/data/Preprocessed CT scans/nCT/nCT9949.jpg,nCT,0,9949,222
/content/data/Preprocessed CT scans/nCT/nCT6813.jpg,nCT,0,6813,235
/content/data/Preprocessed CT scans/nCT/nCT8807.jpg,nCT,0,8807,19
/content/data/Preprocessed CT scans/nCT/nCT6695.jpg,nCT,0,6695,308
/content/data/Preprocessed CT scans/nCT/nCT6003.jpg,nCT,0,6003,158
/content/data/Preprocessed CT scans/nCT/nCT3276.jpg,nCT,0,3276,339
/content/data/Preprocessed CT scans/nCT/nCT3537.jpg,nCT,0,3537,47
/content/data/Preprocessed CT scans/nCT/nCT2980.jpg,nCT,0,2980,112
/content/data/Preprocessed CT scans/nCT/nCT5852.jpg,nCT,0,5852,195
/content/data/Preprocessed CT scans/nCT/nCT8221.jpg,nCT,0,8221,382
/content/data/Preprocessed CT scans/nCT/nCT8209.jpg,nCT,0,8209,92
/content/data/Preprocessed CT scans/nCT/nCT214.jpg,nCT,0,214,110
/content/data/Preprocessed CT scans/nCT/nCT1730.jpg,nCT,0,1730,24
/content/data/Preprocessed CT scans/nCT/nCT2342.jpg,nCT,0,2342,81
/content/data/Preprocessed CT scans/nCT/nCT2402.jpg,nCT,0,2402,27
/content/data/Preprocessed CT scans/nCT/nCT2915.jpg,nCT,0,2915,47
/content/data/Preprocessed CT scans/nCT/nCT2686.jpg,nCT,0,2686,206
/content/data/Preprocessed CT scans/nCT/nCT1769.jpg,nCT,0,1769,214
/content/data/Preprocessed CT scans/nCT/nCT6280.jpg,nCT,0,6280,102
/content/data/Preprocessed CT scans/nCT/nCT2605.jpg,nCT,0,2605,347
/content/data/Preprocessed CT scans/nCT/nCT2449.jpg,nCT,0,2449,306
/content/data/Preprocessed CT scans/nCT/nCT9782.jpg,nCT,0,9782,3
/content/data/Preprocessed CT scans/nCT/nCT9105.jpg,nCT,0,9105,247
/content/data/Preprocessed CT scans/nCT/nCT9979.jpg,nCT,0,9979,105
/content/data/Preprocessed CT scans/nCT/nCT8799.jpg,nCT,0,8799,19
/content/data/Preprocessed CT scans/nCT/nCT1244.jpg,nCT,0,1244,335
/content/data/Preprocessed CT scans/nCT/nCT7979.jpg,nCT,0,7979,242
/content/data/Preprocessed CT scans/nCT/nCT1443.jpg,nCT,0,1443,37
/content/data/Preprocessed CT scans/nCT/nCT1482.jpg,nCT,0,1482,208
/content/data/Preprocessed CT scans/nCT/nCT8377.jpg,nCT,0,8377,137
/content/data/Preprocessed CT scans/nCT/nCT7804.jpg,nCT,0,7804,149
/content/data/Preprocessed CT scans/nCT/nCT7382.jpg,nCT,0,7382,329
/content/data/Preprocessed CT scans/nCT/nCT1206.jpg,nCT,0,1206,275
/content/data/Preprocessed CT scans/nCT/nCT80.jpg,nCT,0,80,308
/content/data/Preprocessed CT scans/nCT/nCT5198.jpg,nCT,0,5198,354
/content/data/Preprocessed CT scans/nCT/nCT1799.jpg,nCT,0,1799,216
/content/data/Preprocessed CT scans/nCT/nCT3727.jpg,nCT,0,3727,172
/content/data/Preprocessed CT scans/nCT/nCT7731.jpg,nCT,0,7731,151
/content/data/Preprocessed CT scans/nCT/nCT528.jpg,nCT,0,528,23
/content/data/Preprocessed CT scans/nCT/nCT7745.jpg,nCT,0,7745,160
/content/data/Preprocessed CT scans/nCT/nCT4583.jpg,nCT,0,4583,386
/content/data/Preprocessed CT scans/nCT/nCT9586.jpg,nCT,0,9586,389
/content/data/Preprocessed CT scans/nCT/nCT5182.jpg,nCT,0,5182,300
/content/data/Preprocessed CT scans/nCT/nCT3566.jpg,nCT,0,3566,271
/content/data/Preprocessed CT scans/nCT/nCT652.jpg,nCT,0,652,261
/content/data/Preprocessed CT scans/nCT/nCT9574.jpg,nCT,0,9574,78
/content/data/Preprocessed CT scans/nCT/nCT3750.jpg,nCT,0,3750,98
/content/data/Preprocessed CT scans/nCT/nCT6076.jpg,nCT,0,6076,142
/content/data/Preprocessed CT scans/nCT/nCT7564.jpg,nCT,0,7564,167
/content/data/Preprocessed CT scans/nCT/nCT5425.jpg,nCT,0,5425,109
/content/data/Preprocessed CT scans/nCT/nCT2173.jpg,nCT,0,2173,323
/content/data/Preprocessed CT scans/nCT/nCT1780.jpg,nCT,0,1780,216
/content/data/Preprocessed CT scans/nCT/nCT7094.jpg,nCT,0,7094,91
/content/data/Preprocessed CT scans/nCT/nCT4369.jpg,nCT,0,4369,272
/content/data/Preprocessed CT scans/nCT/nCT371.jpg,nCT,0,371,119
/content/data/Preprocessed CT scans/nCT/nCT4634.jpg,nCT,0,4634,209
/content/data/Preprocessed CT scans/nCT/nCT8899.jpg,nCT,0,8899,128
/content/data/Preprocessed CT scans/nCT/nCT7385.jpg,nCT,0,7385,350
/content/data/Preprocessed CT scans/nCT/nCT1338.jpg,nCT,0,1338,254
/content/data/Preprocessed CT scans/nCT/nCT8796.jpg,nCT,0,8796,325
/content/data/Preprocessed CT scans/nCT/nCT6310.jpg,nCT,0,6310,333
/content/data/Preprocessed CT scans/nCT/nCT3662.jpg,nCT,0,3662,386
/content/data/Preprocessed CT scans/nCT/nCT4442.jpg,nCT,0,4442,22
/content/data/Preprocessed CT scans/nCT/nCT4054.jpg,nCT,0,4054,339
/content/data/Preprocessed CT scans/nCT/nCT7067.jpg,nCT,0,7067,108
/content/data/Preprocessed CT scans/nCT/nCT236.jpg,nCT,0,236,9
/content/data/Preprocessed CT scans/nCT/nCT84.jpg,nCT,0,84,119
/content/data/Preprocessed CT scans/nCT/nCT2791.jpg,nCT,0,2791,339
/content/data/Preprocessed CT scans/nCT/nCT7122.jpg,nCT,0,7122,13
/content/data/Preprocessed CT scans/nCT/nCT2466.jpg,nCT,0,2466,341
/content/data/Preprocessed CT scans/nCT/nCT1076.jpg,nCT,0,1076,273
/content/data/Preprocessed CT scans/nCT/nCT3200.jpg,nCT,0,3200,25
/content/data/Preprocessed CT scans/nCT/nCT3415.jpg,nCT,0,3415,98
/content/data/Preprocessed CT scans/nCT/nCT277.jpg,nCT,0,277,14
/content/data/Preprocessed CT scans/nCT/nCT9069.jpg,nCT,0,9069,19
/content/data/Preprocessed CT scans/nCT/nCT5764.jpg,nCT,0,5764,341
/content/data/Preprocessed CT scans/nCT/nCT6608.jpg,nCT,0,6608,230
/content/data/Preprocessed CT scans/nCT/nCT6502.jpg,nCT,0,6502,252
/content/data/Preprocessed CT scans/nCT/nCT3775.jpg,nCT,0,3775,311
/content/data/Preprocessed CT scans/nCT/nCT5276.jpg,nCT,0,5276,250
/content/data/Preprocessed CT scans/nCT/nCT7852.jpg,nCT,0,7852,365
/content/data/Preprocessed CT scans/nCT/nCT2593.jpg,nCT,0,2593,347
/content/data/Preprocessed CT scans/nCT/nCT1947.jpg,nCT,0,1947,101
/content/data/Preprocessed CT scans/nCT/nCT4235.jpg,nCT,0,4235,173
/content/data/Preprocessed CT scans/nCT/nCT6770.jpg,nCT,0,6770,276
/content/data/Preprocessed CT scans/nCT/nCT8104.jpg,nCT,0,8104,274
/content/data/Preprocessed CT scans/nCT/nCT4000.jpg,nCT,0,4000,195
/content/data/Preprocessed CT scans/nCT/nCT1985.jpg,nCT,0,1985,136
/content/data/Preprocessed CT scans/nCT/nCT6643.jpg,nCT,0,6643,102
/content/data/Preprocessed CT scans/nCT/nCT7347.jpg,nCT,0,7347,91
/content/data/Preprocessed CT scans/nCT/nCT9784.jpg,nCT,0,9784,3
/content/data/Preprocessed CT scans/nCT/nCT8448.jpg,nCT,0,8448,182
/content/data/Preprocessed CT scans/nCT/nCT26.jpg,nCT,0,26,156
/content/data/Preprocessed CT scans/nCT/nCT1333.jpg,nCT,0,1333,234
/content/data/Preprocessed CT scans/nCT/nCT6342.jpg,nCT,0,6342,204
/content/data/Preprocessed CT scans/nCT/nCT2728.jpg,nCT,0,2728,34
/content/data/Preprocessed CT scans/nCT/nCT1275.jpg,nCT,0,1275,37
/content/data/Preprocessed CT scans/nCT/nCT2541.jpg,nCT,0,2541,347
/content/data/Preprocessed CT scans/nCT/nCT8491.jpg,nCT,0,8491,253
/content/data/Preprocessed CT scans/nCT/nCT8829.jpg,nCT,0,8829,369
/content/data/Preprocessed CT scans/nCT/nCT4299.jpg,nCT,0,4299,271
/content/data/Preprocessed CT scans/nCT/nCT3693.jpg,nCT,0,3693,305
/content/data/Preprocessed CT scans/nCT/nCT8878.jpg,nCT,0,8878,274
/content/data/Preprocessed CT scans/nCT/nCT5331.jpg,nCT,0,5331,246
/content/data/Preprocessed CT scans/nCT/nCT2471.jpg,nCT,0,2471,81
/content/data/Preprocessed CT scans/nCT/nCT8778.jpg,nCT,0,8778,255
/content/data/Preprocessed CT scans/nCT/nCT428.jpg,nCT,0,428,217
/content/data/Preprocessed CT scans/nCT/nCT3657.jpg,nCT,0,3657,311
/content/data/Preprocessed CT scans/nCT/nCT1468.jpg,nCT,0,1468,62
/content/data/Preprocessed CT scans/nCT/nCT6518.jpg,nCT,0,6518,230
/content/data/Preprocessed CT scans/nCT/nCT8254.jpg,nCT,0,8254,41
/content/data/Preprocessed CT scans/nCT/nCT5338.jpg,nCT,0,5338,371
/content/data/Preprocessed CT scans/nCT/nCT8212.jpg,nCT,0,8212,92
/content/data/Preprocessed CT scans/nCT/nCT8473.jpg,nCT,0,8473,103
/content/data/Preprocessed CT scans/nCT/nCT1110.jpg,nCT,0,1110,93
/content/data/Preprocessed CT scans/nCT/nCT6452.jpg,nCT,0,6452,22
/content/data/Preprocessed CT scans/nCT/nCT2318.jpg,nCT,0,2318,347
/content/data/Preprocessed CT scans/nCT/nCT9164.jpg,nCT,0,9164,222
/content/data/Preprocessed CT scans/nCT/nCT8645.jpg,nCT,0,8645,121
/content/data/Preprocessed CT scans/nCT/nCT2006.jpg,nCT,0,2006,62
/content/data/Preprocessed CT scans/nCT/nCT6669.jpg,nCT,0,6669,9
/content/data/Preprocessed CT scans/nCT/nCT1018.jpg,nCT,0,1018,24
/content/data/Preprocessed CT scans/nCT/nCT3968.jpg,nCT,0,3968,174
/content/data/Preprocessed CT scans/nCT/nCT2796.jpg,nCT,0,2796,276
/content/data/Preprocessed CT scans/nCT/nCT5473.jpg,nCT,0,5473,96
/content/data/Preprocessed CT scans/nCT/nCT5382.jpg,nCT,0,5382,390
/content/data/Preprocessed CT scans/nCT/nCT1676.jpg,nCT,0,1676,345
/content/data/Preprocessed CT scans/nCT/nCT9663.jpg,nCT,0,9663,241
/content/data/Preprocessed CT scans/nCT/nCT8770.jpg,nCT,0,8770,255
/content/data/Preprocessed CT scans/nCT/nCT4582.jpg,nCT,0,4582,172
/content/data/Preprocessed CT scans/nCT/nCT7849.jpg,nCT,0,7849,52
/content/data/Preprocessed CT scans/nCT/nCT9627.jpg,nCT,0,9627,65
/content/data/Preprocessed CT scans/nCT/nCT7581.jpg,nCT,0,7581,75
/content/data/Preprocessed CT scans/nCT/nCT751.jpg,nCT,0,751,301
/content/data/Preprocessed CT scans/nCT/nCT1360.jpg,nCT,0,1360,45
/content/data/Preprocessed CT scans/nCT/nCT1719.jpg,nCT,0,1719,47
/content/data/Preprocessed CT scans/nCT/nCT8310.jpg,nCT,0,8310,164
/content/data/Preprocessed CT scans/nCT/nCT3153.jpg,nCT,0,3153,96
/content/data/Preprocessed CT scans/nCT/nCT8903.jpg,nCT,0,8903,373
/content/data/Preprocessed CT scans/nCT/nCT8106.jpg,nCT,0,8106,274
/content/data/Preprocessed CT scans/nCT/nCT8328.jpg,nCT,0,8328,28
/content/data/Preprocessed CT scans/nCT/nCT2475.jpg,nCT,0,2475,142
/content/data/Preprocessed CT scans/nCT/nCT4312.jpg,nCT,0,4312,58
/content/data/Preprocessed CT scans/nCT/nCT7599.jpg,nCT,0,7599,34
/content/data/Preprocessed CT scans/nCT/nCT1060.jpg,nCT,0,1060,354
/content/data/Preprocessed CT scans/nCT/nCT3054.jpg,nCT,0,3054,318
/content/data/Preprocessed CT scans/nCT/nCT3469.jpg,nCT,0,3469,34
/content/data/Preprocessed CT scans/nCT/nCT6117.jpg,nCT,0,6117,355
/content/data/Preprocessed CT scans/nCT/nCT2041.jpg,nCT,0,2041,144
/content/data/Preprocessed CT scans/nCT/nCT2960.jpg,nCT,0,2960,98
/content/data/Preprocessed CT scans/nCT/nCT1010.jpg,nCT,0,1010,351
/content/data/Preprocessed CT scans/nCT/nCT6851.jpg,nCT,0,6851,338
/content/data/Preprocessed CT scans/nCT/nCT6175.jpg,nCT,0,6175,229
/content/data/Preprocessed CT scans/nCT/nCT4462.jpg,nCT,0,4462,13
/content/data/Preprocessed CT scans/nCT/nCT996.jpg,nCT,0,996,234
/content/data/Preprocessed CT scans/nCT/nCT5027.jpg,nCT,0,5027,98
/content/data/Preprocessed CT scans/nCT/nCT2243.jpg,nCT,0,2243,323
/content/data/Preprocessed CT scans/nCT/nCT1953.jpg,nCT,0,1953,62
/content/data/Preprocessed CT scans/nCT/nCT7711.jpg,nCT,0,7711,151
/content/data/Preprocessed CT scans/nCT/nCT5166.jpg,nCT,0,5166,333
/content/data/Preprocessed CT scans/nCT/nCT2414.jpg,nCT,0,2414,206
/content/data/Preprocessed CT scans/nCT/nCT8236.jpg,nCT,0,8236,187
/content/data/Preprocessed CT scans/nCT/nCT7226.jpg,nCT,0,7226,93
/content/data/Preprocessed CT scans/nCT/nCT5224.jpg,nCT,0,5224,346
/content/data/Preprocessed CT scans/nCT/nCT1316.jpg,nCT,0,1316,208
/content/data/Preprocessed CT scans/nCT/nCT4895.jpg,nCT,0,4895,346
/content/data/Preprocessed CT scans/nCT/nCT1671.jpg,nCT,0,1671,165
/content/data/Preprocessed CT scans/nCT/nCT1231.jpg,nCT,0,1231,254
/content/data/Preprocessed CT scans/nCT/nCT9852.jpg,nCT,0,9852,274
/content/data/Preprocessed CT scans/nCT/nCT9907.jpg,nCT,0,9907,78
/content/data/Preprocessed CT scans/nCT/nCT8359.jpg,nCT,0,8359,137
/content/data/Preprocessed CT scans/nCT/nCT1855.jpg,nCT,0,1855,268
/content/data/Preprocessed CT scans/nCT/nCT3854.jpg,nCT,0,3854,244
/content/data/Preprocessed CT scans/nCT/nCT8045.jpg,nCT,0,8045,182
/content/data/Preprocessed CT scans/nCT/nCT2781.jpg,nCT,0,2781,91
/content/data/Preprocessed CT scans/nCT/nCT2923.jpg,nCT,0,2923,112
/content/data/Preprocessed CT scans/nCT/nCT3040.jpg,nCT,0,3040,209
/content/data/Preprocessed CT scans/nCT/nCT6987.jpg,nCT,0,6987,338
/content/data/Preprocessed CT scans/nCT/nCT6313.jpg,nCT,0,6313,235
/content/data/Preprocessed CT scans/nCT/nCT9967.jpg,nCT,0,9967,120
/content/data/Preprocessed CT scans/nCT/nCT403.jpg,nCT,0,403,105
/content/data/Preprocessed CT scans/nCT/nCT4897.jpg,nCT,0,4897,197
/content/data/Preprocessed CT scans/nCT/nCT8592.jpg,nCT,0,8592,255
/content/data/Preprocessed CT scans/nCT/nCT2220.jpg,nCT,0,2220,252
/content/data/Preprocessed CT scans/nCT/nCT3702.jpg,nCT,0,3702,327
/content/data/Preprocessed CT scans/nCT/nCT9781.jpg,nCT,0,9781,3
/content/data/Preprocessed CT scans/nCT/nCT6052.jpg,nCT,0,6052,204
/content/data/Preprocessed CT scans/nCT/nCT4848.jpg,nCT,0,4848,209
/content/data/Preprocessed CT scans/nCT/nCT9242.jpg,nCT,0,9242,332
/content/data/Preprocessed CT scans/nCT/nCT6303.jpg,nCT,0,6303,249
/content/data/Preprocessed CT scans/nCT/nCT1361.jpg,nCT,0,1361,254
/content/data/Preprocessed CT scans/nCT/nCT4161.jpg,nCT,0,4161,275
/content/data/Preprocessed CT scans/nCT/nCT7024.jpg,nCT,0,7024,9
/content/data/Preprocessed CT scans/nCT/nCT1530.jpg,nCT,0,1530,40
/content/data/Preprocessed CT scans/nCT/nCT9566.jpg,nCT,0,9566,78
/content/data/Preprocessed CT scans/nCT/nCT5481.jpg,nCT,0,5481,2
/content/data/Preprocessed CT scans/nCT/nCT2038.jpg,nCT,0,2038,136
/content/data/Preprocessed CT scans/nCT/nCT6979.jpg,nCT,0,6979,58
/content/data/Preprocessed CT scans/nCT/nCT9110.jpg,nCT,0,9110,247
/content/data/Preprocessed CT scans/nCT/nCT6761.jpg,nCT,0,6761,338
/content/data/Preprocessed CT scans/nCT/nCT6151.jpg,nCT,0,6151,204
/content/data/Preprocessed CT scans/nCT/nCT3147.jpg,nCT,0,3147,153
/content/data/Preprocessed CT scans/nCT/nCT2440.jpg,nCT,0,2440,79
/content/data/Preprocessed CT scans/nCT/nCT8621.jpg,nCT,0,8621,19
/content/data/Preprocessed CT scans/nCT/nCT6029.jpg,nCT,0,6029,133
/content/data/Preprocessed CT scans/nCT/nCT8643.jpg,nCT,0,8643,121
/content/data/Preprocessed CT scans/nCT/nCT4479.jpg,nCT,0,4479,271
/content/data/Preprocessed CT scans/nCT/nCT9699.jpg,nCT,0,9699,373
/content/data/Preprocessed CT scans/nCT/nCT7509.jpg,nCT,0,7509,112
/content/data/Preprocessed CT scans/nCT/nCT5743.jpg,nCT,0,5743,224
/content/data/Preprocessed CT scans/nCT/nCT6198.jpg,nCT,0,6198,21
/content/data/Preprocessed CT scans/nCT/nCT7725.jpg,nCT,0,7725,151
/content/data/Preprocessed CT scans/nCT/nCT6758.jpg,nCT,0,6758,249
/content/data/Preprocessed CT scans/nCT/nCT890.jpg,nCT,0,890,47
/content/data/Preprocessed CT scans/nCT/nCT6195.jpg,nCT,0,6195,101
/content/data/Preprocessed CT scans/nCT/nCT3677.jpg,nCT,0,3677,275
/content/data/Preprocessed CT scans/nCT/nCT2977.jpg,nCT,0,2977,93
/content/data/Preprocessed CT scans/nCT/nCT2685.jpg,nCT,0,2685,206
/content/data/Preprocessed CT scans/nCT/nCT3724.jpg,nCT,0,3724,350
/content/data/Preprocessed CT scans/nCT/nCT9831.jpg,nCT,0,9831,256
/content/data/Preprocessed CT scans/nCT/nCT1917.jpg,nCT,0,1917,216
/content/data/Preprocessed CT scans/nCT/nCT7742.jpg,nCT,0,7742,160
/content/data/Preprocessed CT scans/nCT/nCT1430.jpg,nCT,0,1430,120
/content/data/Preprocessed CT scans/nCT/nCT4315.jpg,nCT,0,4315,22
/content/data/Preprocessed CT scans/nCT/nCT2629.jpg,nCT,0,2629,347
/content/data/Preprocessed CT scans/nCT/nCT6325.jpg,nCT,0,6325,102
/content/data/Preprocessed CT scans/nCT/nCT3003.jpg,nCT,0,3003,96
/content/data/Preprocessed CT scans/nCT/nCT6333.jpg,nCT,0,6333,173
/content/data/Preprocessed CT scans/nCT/nCT9425.jpg,nCT,0,9425,88
/content/data/Preprocessed CT scans/nCT/nCT1071.jpg,nCT,0,1071,24
/content/data/Preprocessed CT scans/nCT/nCT2747.jpg,nCT,0,2747,91
/content/data/Preprocessed CT scans/nCT/nCT5003.jpg,nCT,0,5003,229
/content/data/Preprocessed CT scans/nCT/nCT437.jpg,nCT,0,437,351
/content/data/Preprocessed CT scans/nCT/nCT6459.jpg,nCT,0,6459,27
/content/data/Preprocessed CT scans/nCT/nCT1974.jpg,nCT,0,1974,230
/content/data/Preprocessed CT scans/nCT/nCT1225.jpg,nCT,0,1225,367
/content/data/Preprocessed CT scans/nCT/nCT3238.jpg,nCT,0,3238,197
/content/data/Preprocessed CT scans/nCT/nCT1791.jpg,nCT,0,1791,175
/content/data/Preprocessed CT scans/nCT/nCT6568.jpg,nCT,0,6568,334
/content/data/Preprocessed CT scans/nCT/nCT6190.jpg,nCT,0,6190,105
/content/data/Preprocessed CT scans/nCT/nCT3542.jpg,nCT,0,3542,350
/content/data/Preprocessed CT scans/nCT/nCT5029.jpg,nCT,0,5029,105
/content/data/Preprocessed CT scans/nCT/nCT5193.jpg,nCT,0,5193,393
/content/data/Preprocessed CT scans/nCT/nCT947.jpg,nCT,0,947,23
/content/data/Preprocessed CT scans/nCT/nCT9497.jpg,nCT,0,9497,274
/content/data/Preprocessed CT scans/nCT/nCT4556.jpg,nCT,0,4556,83
/content/data/Preprocessed CT scans/nCT/nCT2307.jpg,nCT,0,2307,206
/content/data/Preprocessed CT scans/nCT/nCT3233.jpg,nCT,0,3233,350
/content/data/Preprocessed CT scans/nCT/nCT7743.jpg,nCT,0,7743,160
/content/data/Preprocessed CT scans/nCT/nCT8483.jpg,nCT,0,8483,253
/content/data/Preprocessed CT scans/nCT/nCT4287.jpg,nCT,0,4287,360
/content/data/Preprocessed CT scans/nCT/nCT7466.jpg,nCT,0,7466,96
/content/data/Preprocessed CT scans/nCT/nCT6354.jpg,nCT,0,6354,9
/content/data/Preprocessed CT scans/nCT/nCT7833.jpg,nCT,0,7833,242
/content/data/Preprocessed CT scans/nCT/nCT5512.jpg,nCT,0,5512,102
/content/data/Preprocessed CT scans/nCT/nCT1367.jpg,nCT,0,1367,335
/content/data/Preprocessed CT scans/nCT/nCT6450.jpg,nCT,0,6450,235
/content/data/Preprocessed CT scans/nCT/nCT4928.jpg,nCT,0,4928,83
/content/data/Preprocessed CT scans/nCT/nCT1606.jpg,nCT,0,1606,268
/content/data/Preprocessed CT scans/nCT/nCT8877.jpg,nCT,0,8877,274
/content/data/Preprocessed CT scans/nCT/nCT3654.jpg,nCT,0,3654,277
/content/data/Preprocessed CT scans/nCT/nCT514.jpg,nCT,0,514,58
/content/data/Preprocessed CT scans/nCT/nCT1166.jpg,nCT,0,1166,341
/content/data/Preprocessed CT scans/nCT/nCT1653.jpg,nCT,0,1653,14
/content/data/Preprocessed CT scans/nCT/nCT3389.jpg,nCT,0,3389,284
/content/data/Preprocessed CT scans/nCT/nCT721.jpg,nCT,0,721,331
/content/data/Preprocessed CT scans/nCT/nCT2954.jpg,nCT,0,2954,390
/content/data/Preprocessed CT scans/nCT/nCT7597.jpg,nCT,0,7597,96
/content/data/Preprocessed CT scans/nCT/nCT6977.jpg,nCT,0,6977,236
/content/data/Preprocessed CT scans/nCT/nCT4649.jpg,nCT,0,4649,277
/content/data/Preprocessed CT scans/nCT/nCT7284.jpg,nCT,0,7284,329
/content/data/Preprocessed CT scans/nCT/nCT9536.jpg,nCT,0,9536,11
/content/data/Preprocessed CT scans/nCT/nCT4380.jpg,nCT,0,4380,329
/content/data/Preprocessed CT scans/nCT/nCT7898.jpg,nCT,0,7898,241
/content/data/Preprocessed CT scans/nCT/nCT8299.jpg,nCT,0,8299,28
/content/data/Preprocessed CT scans/nCT/nCT6917.jpg,nCT,0,6917,291
/content/data/Preprocessed CT scans/nCT/nCT4817.jpg,nCT,0,4817,80
/content/data/Preprocessed CT scans/nCT/nCT4714.jpg,nCT,0,4714,21
/content/data/Preprocessed CT scans/nCT/nCT3412.jpg,nCT,0,3412,204
/content/data/Preprocessed CT scans/nCT/nCT1101.jpg,nCT,0,1101,186
/content/data/Preprocessed CT scans/nCT/nCT1572.jpg,nCT,0,1572,335
/content/data/Preprocessed CT scans/nCT/nCT6964.jpg,nCT,0,6964,156
/content/data/Preprocessed CT scans/nCT/nCT8436.jpg,nCT,0,8436,182
/content/data/Preprocessed CT scans/nCT/nCT7795.jpg,nCT,0,7795,149
/content/data/Preprocessed CT scans/nCT/nCT7698.jpg,nCT,0,7698,368
/content/data/Preprocessed CT scans/nCT/nCT4906.jpg,nCT,0,4906,300
/content/data/Preprocessed CT scans/nCT/nCT5340.jpg,nCT,0,5340,386
/content/data/Preprocessed CT scans/nCT/nCT4276.jpg,nCT,0,4276,386
/content/data/Preprocessed CT scans/nCT/nCT2441.jpg,nCT,0,2441,81
/content/data/Preprocessed CT scans/nCT/nCT9268.jpg,nCT,0,9268,61
/content/data/Preprocessed CT scans/nCT/nCT1856.jpg,nCT,0,1856,14
/content/data/Preprocessed CT scans/nCT/nCT1267.jpg,nCT,0,1267,208
/content/data/Preprocessed CT scans/nCT/nCT3487.jpg,nCT,0,3487,13
/content/data/Preprocessed CT scans/nCT/nCT7445.jpg,nCT,0,7445,96
/content/data/Preprocessed CT scans/nCT/nCT5419.jpg,nCT,0,5419,96
/content/data/Preprocessed CT scans/nCT/nCT37.jpg,nCT,0,37,6
/content/data/Preprocessed CT scans/nCT/nCT55.jpg,nCT,0,55,129
/content/data/Preprocessed CT scans/nCT/nCT1091.jpg,nCT,0,1091,120
/content/data/Preprocessed CT scans/nCT/nCT5738.jpg,nCT,0,5738,91
/content/data/Preprocessed CT scans/nCT/nCT556.jpg,nCT,0,556,333
/content/data/Preprocessed CT scans/nCT/nCT4145.jpg,nCT,0,4145,334
/content/data/Preprocessed CT scans/nCT/nCT6963.jpg,nCT,0,6963,34
/content/data/Preprocessed CT scans/nCT/nCT410.jpg,nCT,0,410,392
/content/data/Preprocessed CT scans/nCT/nCT4003.jpg,nCT,0,4003,22
/content/data/Preprocessed CT scans/nCT/nCT1270.jpg,nCT,0,1270,335
/content/data/Preprocessed CT scans/nCT/nCT3902.jpg,nCT,0,3902,13
/content/data/Preprocessed CT scans/nCT/nCT8922.jpg,nCT,0,8922,373
/content/data/Preprocessed CT scans/nCT/nCT3362.jpg,nCT,0,3362,331
/content/data/Preprocessed CT scans/nCT/nCT6857.jpg,nCT,0,6857,37
/content/data/Preprocessed CT scans/nCT/nCT9504.jpg,nCT,0,9504,171
/content/data/Preprocessed CT scans/nCT/nCT1811.jpg,nCT,0,1811,335
/content/data/Preprocessed CT scans/nCT/nCT5073.jpg,nCT,0,5073,165
/content/data/Preprocessed CT scans/nCT/nCT7191.jpg,nCT,0,7191,91
/content/data/Preprocessed CT scans/nCT/nCT3395.jpg,nCT,0,3395,108
/content/data/Preprocessed CT scans/nCT/nCT3643.jpg,nCT,0,3643,334
/content/data/Preprocessed CT scans/nCT/nCT754.jpg,nCT,0,754,142
/content/data/Preprocessed CT scans/nCT/nCT6911.jpg,nCT,0,6911,350
/content/data/Preprocessed CT scans/nCT/nCT5572.jpg,nCT,0,5572,236
/content/data/Preprocessed CT scans/nCT/nCT2176.jpg,nCT,0,2176,141
/content/data/Preprocessed CT scans/nCT/nCT9800.jpg,nCT,0,9800,188
/content/data/Preprocessed CT scans/nCT/nCT114.jpg,nCT,0,114,105
/content/data/Preprocessed CT scans/nCT/nCT2098.jpg,nCT,0,2098,347
/content/data/Preprocessed CT scans/nCT/nCT5475.jpg,nCT,0,5475,80
/content/data/Preprocessed CT scans/nCT/nCT3779.jpg,nCT,0,3779,386
/content/data/Preprocessed CT scans/nCT/nCT6677.jpg,nCT,0,6677,22
/content/data/Preprocessed CT scans/nCT/nCT2766.jpg,nCT,0,2766,108
/content/data/Preprocessed CT scans/nCT/nCT2818.jpg,nCT,0,2818,96
/content/data/Preprocessed CT scans/nCT/nCT1995.jpg,nCT,0,1995,14
/content/data/Preprocessed CT scans/nCT/nCT1199.jpg,nCT,0,1199,193
/content/data/Preprocessed CT scans/nCT/nCT6488.jpg,nCT,0,6488,110
/content/data/Preprocessed CT scans/nCT/nCT4739.jpg,nCT,0,4739,355
/content/data/Preprocessed CT scans/nCT/nCT2323.jpg,nCT,0,2323,27
/content/data/Preprocessed CT scans/nCT/nCT9411.jpg,nCT,0,9411,65
/content/data/Preprocessed CT scans/nCT/nCT3626.jpg,nCT,0,3626,284
/content/data/Preprocessed CT scans/nCT/nCT481.jpg,nCT,0,481,108
/content/data/Preprocessed CT scans/nCT/nCT431.jpg,nCT,0,431,47
/content/data/Preprocessed CT scans/nCT/nCT7593.jpg,nCT,0,7593,27
/content/data/Preprocessed CT scans/nCT/nCT47.jpg,nCT,0,47,119
/content/data/Preprocessed CT scans/nCT/nCT5709.jpg,nCT,0,5709,95
/content/data/Preprocessed CT scans/nCT/nCT6104.jpg,nCT,0,6104,217
/content/data/Preprocessed CT scans/nCT/nCT6760.jpg,nCT,0,6760,112
/content/data/Preprocessed CT scans/nCT/nCT5370.jpg,nCT,0,5370,109
/content/data/Preprocessed CT scans/nCT/nCT9672.jpg,nCT,0,9672,243
/content/data/Preprocessed CT scans/nCT/nCT436.jpg,nCT,0,436,101
/content/data/Preprocessed CT scans/nCT/nCT1354.jpg,nCT,0,1354,273
/content/data/Preprocessed CT scans/nCT/nCT7495.jpg,nCT,0,7495,96
/content/data/Preprocessed CT scans/nCT/nCT8048.jpg,nCT,0,8048,182
/content/data/Preprocessed CT scans/nCT/nCT1308.jpg,nCT,0,1308,234
/content/data/Preprocessed CT scans/nCT/nCT2946.jpg,nCT,0,2946,75
/content/data/Preprocessed CT scans/nCT/nCT2845.jpg,nCT,0,2845,25
/content/data/Preprocessed CT scans/nCT/nCT2524.jpg,nCT,0,2524,306
/content/data/Preprocessed CT scans/nCT/nCT9615.jpg,nCT,0,9615,365
/content/data/Preprocessed CT scans/nCT/nCT5530.jpg,nCT,0,5530,80
/content/data/Preprocessed CT scans/nCT/nCT9646.jpg,nCT,0,9646,256
/content/data/Preprocessed CT scans/nCT/nCT3113.jpg,nCT,0,3113,75
/content/data/Preprocessed CT scans/nCT/nCT4729.jpg,nCT,0,4729,233
/content/data/Preprocessed CT scans/nCT/nCT5298.jpg,nCT,0,5298,119
/content/data/Preprocessed CT scans/nCT/nCT6089.jpg,nCT,0,6089,334
/content/data/Preprocessed CT scans/nCT/nCT3262.jpg,nCT,0,3262,25
/content/data/Preprocessed CT scans/nCT/nCT4197.jpg,nCT,0,4197,100
/content/data/Preprocessed CT scans/nCT/nCT3065.jpg,nCT,0,3065,96
/content/data/Preprocessed CT scans/nCT/nCT330.jpg,nCT,0,330,101
/content/data/Preprocessed CT scans/nCT/nCT5464.jpg,nCT,0,5464,156
/content/data/Preprocessed CT scans/nCT/nCT4142.jpg,nCT,0,4142,47
/content/data/Preprocessed CT scans/nCT/nCT178.jpg,nCT,0,178,110
/content/data/Preprocessed CT scans/nCT/nCT627.jpg,nCT,0,627,217
/content/data/Preprocessed CT scans/nCT/nCT1788.jpg,nCT,0,1788,230
/content/data/Preprocessed CT scans/nCT/nCT1488.jpg,nCT,0,1488,26
/content/data/Preprocessed CT scans/nCT/nCT3478.jpg,nCT,0,3478,311
/content/data/Preprocessed CT scans/nCT/nCT1809.jpg,nCT,0,1809,136
/content/data/Preprocessed CT scans/nCT/nCT4707.jpg,nCT,0,4707,230
/content/data/Preprocessed CT scans/nCT/nCT6478.jpg,nCT,0,6478,334
/content/data/Preprocessed CT scans/nCT/nCT9072.jpg,nCT,0,9072,387
/content/data/Preprocessed CT scans/nCT/nCT1153.jpg,nCT,0,1153,56
/content/data/Preprocessed CT scans/nCT/nCT4681.jpg,nCT,0,4681,304
/content/data/Preprocessed CT scans/nCT/nCT9614.jpg,nCT,0,9614,365
/content/data/Preprocessed CT scans/nCT/nCT1784.jpg,nCT,0,1784,14
/content/data/Preprocessed CT scans/nCT/nCT5825.jpg,nCT,0,5825,102
/content/data/Preprocessed CT scans/nCT/nCT8556.jpg,nCT,0,8556,52
/content/data/Preprocessed CT scans/nCT/nCT1556.jpg,nCT,0,1556,62
/content/data/Preprocessed CT scans/nCT/nCT2256.jpg,nCT,0,2256,141
/content/data/Preprocessed CT scans/nCT/nCT5536.jpg,nCT,0,5536,2
/content/data/Preprocessed CT scans/nCT/nCT8179.jpg,nCT,0,8179,380
/content/data/Preprocessed CT scans/nCT/nCT7344.jpg,nCT,0,7344,34
/content/data/Preprocessed CT scans/nCT/nCT2501.jpg,nCT,0,2501,282
/content/data/Preprocessed CT scans/nCT/nCT6595.jpg,nCT,0,6595,399
/content/data/Preprocessed CT scans/nCT/nCT127.jpg,nCT,0,127,9
/content/data/Preprocessed CT scans/nCT/nCT6536.jpg,nCT,0,6536,333
/content/data/Preprocessed CT scans/nCT/nCT8726.jpg,nCT,0,8726,19
/content/data/Preprocessed CT scans/nCT/nCT30.jpg,nCT,0,30,350
/content/data/Preprocessed CT scans/nCT/nCT8266.jpg,nCT,0,8266,41
/content/data/Preprocessed CT scans/nCT/nCT4133.jpg,nCT,0,4133,355
/content/data/Preprocessed CT scans/nCT/nCT692.jpg,nCT,0,692,316
/content/data/Preprocessed CT scans/nCT/nCT8454.jpg,nCT,0,8454,103
/content/data/Preprocessed CT scans/nCT/nCT241.jpg,nCT,0,241,261
/content/data/Preprocessed CT scans/nCT/nCT1394.jpg,nCT,0,1394,367
/content/data/Preprocessed CT scans/nCT/nCT121.jpg,nCT,0,121,119
/content/data/Preprocessed CT scans/nCT/nCT2598.jpg,nCT,0,2598,4
/content/data/Preprocessed CT scans/nCT/nCT1496.jpg,nCT,0,1496,165
/content/data/Preprocessed CT scans/nCT/nCT7983.jpg,nCT,0,7983,253
/content/data/Preprocessed CT scans/nCT/nCT1064.jpg,nCT,0,1064,335
/content/data/Preprocessed CT scans/nCT/nCT3184.jpg,nCT,0,3184,98
/content/data/Preprocessed CT scans/nCT/nCT8562.jpg,nCT,0,8562,361
/content/data/Preprocessed CT scans/nCT/nCT1844.jpg,nCT,0,1844,136
/content/data/Preprocessed CT scans/nCT/nCT3235.jpg,nCT,0,3235,333
/content/data/Preprocessed CT scans/nCT/nCT5861.jpg,nCT,0,5861,354
/content/data/Preprocessed CT scans/nCT/nCT4275.jpg,nCT,0,4275,235
/content/data/Preprocessed CT scans/nCT/nCT1509.jpg,nCT,0,1509,40
/content/data/Preprocessed CT scans/nCT/nCT7990.jpg,nCT,0,7990,253
/content/data/Preprocessed CT scans/nCT/nCT5994.jpg,nCT,0,5994,101
/content/data/Preprocessed CT scans/nCT/nCT7192.jpg,nCT,0,7192,204
/content/data/Preprocessed CT scans/nCT/nCT2309.jpg,nCT,0,2309,269
/content/data/Preprocessed CT scans/nCT/nCT9674.jpg,nCT,0,9674,243
/content/data/Preprocessed CT scans/nCT/nCT8880.jpg,nCT,0,8880,267
/content/data/Preprocessed CT scans/nCT/nCT4120.jpg,nCT,0,4120,197
/content/data/Preprocessed CT scans/nCT/nCT630.jpg,nCT,0,630,333
/content/data/Preprocessed CT scans/nCT/nCT4990.jpg,nCT,0,4990,195
/content/data/Preprocessed CT scans/nCT/nCT9294.jpg,nCT,0,9294,292
/content/data/Preprocessed CT scans/nCT/nCT7657.jpg,nCT,0,7657,41
/content/data/Preprocessed CT scans/nCT/nCT5573.jpg,nCT,0,5573,105
/content/data/Preprocessed CT scans/nCT/nCT7590.jpg,nCT,0,7590,165
/content/data/Preprocessed CT scans/nCT/nCT6938.jpg,nCT,0,6938,347
/content/data/Preprocessed CT scans/nCT/nCT7197.jpg,nCT,0,7197,13
/content/data/Preprocessed CT scans/nCT/nCT2641.jpg,nCT,0,2641,206
/content/data/Preprocessed CT scans/nCT/nCT5350.jpg,nCT,0,5350,282
/content/data/Preprocessed CT scans/nCT/nCT593.jpg,nCT,0,593,217
/content/data/Preprocessed CT scans/nCT/nCT3709.jpg,nCT,0,3709,210
/content/data/Preprocessed CT scans/nCT/nCT6461.jpg,nCT,0,6461,2
/content/data/Preprocessed CT scans/nCT/nCT9565.jpg,nCT,0,9565,78
/content/data/Preprocessed CT scans/nCT/nCT9107.jpg,nCT,0,9107,247
/content/data/Preprocessed CT scans/nCT/nCT5941.jpg,nCT,0,5941,173
/content/data/Preprocessed CT scans/nCT/nCT6656.jpg,nCT,0,6656,21
/content/data/Preprocessed CT scans/nCT/nCT1287.jpg,nCT,0,1287,93
/content/data/Preprocessed CT scans/nCT/nCT7739.jpg,nCT,0,7739,160
/content/data/Preprocessed CT scans/nCT/nCT7281.jpg,nCT,0,7281,75
/content/data/Preprocessed CT scans/nCT/nCT2106.jpg,nCT,0,2106,141
/content/data/Preprocessed CT scans/nCT/nCT1814.jpg,nCT,0,1814,216
/content/data/Preprocessed CT scans/nCT/nCT8417.jpg,nCT,0,8417,92
/content/data/Preprocessed CT scans/nCT/nCT8427.jpg,nCT,0,8427,70
/content/data/Preprocessed CT scans/nCT/nCT2216.jpg,nCT,0,2216,141
/content/data/Preprocessed CT scans/nCT/nCT1910.jpg,nCT,0,1910,211
/content/data/Preprocessed CT scans/nCT/nCT4343.jpg,nCT,0,4343,174
/content/data/Preprocessed CT scans/nCT/nCT9941.jpg,nCT,0,9941,222
/content/data/Preprocessed CT scans/nCT/nCT4189.jpg,nCT,0,4189,22
/content/data/Preprocessed CT scans/nCT/nCT6698.jpg,nCT,0,6698,230
/content/data/Preprocessed CT scans/nCT/nCT6379.jpg,nCT,0,6379,173
/content/data/Preprocessed CT scans/nCT/nCT7681.jpg,nCT,0,7681,241
/content/data/Preprocessed CT scans/nCT/nCT303.jpg,nCT,0,303,119
/content/data/Preprocessed CT scans/nCT/nCT2350.jpg,nCT,0,2350,142
/content/data/Preprocessed CT scans/nCT/nCT4964.jpg,nCT,0,4964,102
/content/data/Preprocessed CT scans/nCT/nCT2951.jpg,nCT,0,2951,329
/content/data/Preprocessed CT scans/nCT/nCT6688.jpg,nCT,0,6688,34
/content/data/Preprocessed CT scans/nCT/nCT3861.jpg,nCT,0,3861,167
/content/data/Preprocessed CT scans/nCT/nCT9748.jpg,nCT,0,9748,286
/content/data/Preprocessed CT scans/nCT/nCT1593.jpg,nCT,0,1593,304
/content/data/Preprocessed CT scans/nCT/nCT6007.jpg,nCT,0,6007,235
/content/data/Preprocessed CT scans/nCT/nCT223.jpg,nCT,0,223,105
/content/data/Preprocessed CT scans/nCT/nCT7455.jpg,nCT,0,7455,34
/content/data/Preprocessed CT scans/nCT/nCT1408.jpg,nCT,0,1408,45
/content/data/Preprocessed CT scans/nCT/nCT8425.jpg,nCT,0,8425,149
/content/data/Preprocessed CT scans/nCT/nCT1327.jpg,nCT,0,1327,331
/content/data/Preprocessed CT scans/nCT/nCT9822.jpg,nCT,0,9822,98
/content/data/Preprocessed CT scans/nCT/nCT7529.jpg,nCT,0,7529,75
/content/data/Preprocessed CT scans/nCT/nCT5152.jpg,nCT,0,5152,133
/content/data/Preprocessed CT scans/nCT/nCT6557.jpg,nCT,0,6557,105
/content/data/Preprocessed CT scans/nCT/nCT5545.jpg,nCT,0,5545,98
/content/data/Preprocessed CT scans/nCT/nCT9445.jpg,nCT,0,9445,65
/content/data/Preprocessed CT scans/nCT/nCT9159.jpg,nCT,0,9159,222
/content/data/Preprocessed CT scans/nCT/nCT4486.jpg,nCT,0,4486,271
/content/data/Preprocessed CT scans/nCT/nCT952.jpg,nCT,0,952,120
/content/data/Preprocessed CT scans/nCT/nCT7893.jpg,nCT,0,7893,241
/content/data/Preprocessed CT scans/nCT/nCT5620.jpg,nCT,0,5620,130
/content/data/Preprocessed CT scans/nCT/nCT3803.jpg,nCT,0,3803,108
/content/data/Preprocessed CT scans/nCT/nCT5811.jpg,nCT,0,5811,357
/content/data/Preprocessed CT scans/nCT/nCT3763.jpg,nCT,0,3763,386
/content/data/Preprocessed CT scans/nCT/nCT894.jpg,nCT,0,894,335
/content/data/Preprocessed CT scans/nCT/nCT5444.jpg,nCT,0,5444,357
/content/data/Preprocessed CT scans/nCT/nCT5870.jpg,nCT,0,5870,47
/content/data/Preprocessed CT scans/nCT/nCT2436.jpg,nCT,0,2436,341
/content/data/Preprocessed CT scans/nCT/nCT8703.jpg,nCT,0,8703,255
/content/data/Preprocessed CT scans/nCT/nCT2045.jpg,nCT,0,2045,14
/content/data/Preprocessed CT scans/nCT/nCT2720.jpg,nCT,0,2720,68
/content/data/Preprocessed CT scans/nCT/nCT6101.jpg,nCT,0,6101,204
/content/data/Preprocessed CT scans/nCT/nCT1372.jpg,nCT,0,1372,37
/content/data/Preprocessed CT scans/nCT/nCT1581.jpg,nCT,0,1581,143
/content/data/Preprocessed CT scans/nCT/nCT1564.jpg,nCT,0,1564,45
/content/data/Preprocessed CT scans/nCT/nCT5355.jpg,nCT,0,5355,156
/content/data/Preprocessed CT scans/nCT/nCT9279.jpg,nCT,0,9279,292
/content/data/Preprocessed CT scans/nCT/nCT8881.jpg,nCT,0,8881,267
/content/data/Preprocessed CT scans/nCT/nCT661.jpg,nCT,0,661,217
/content/data/Preprocessed CT scans/nCT/nCT1175.jpg,nCT,0,1175,367
/content/data/Preprocessed CT scans/nCT/nCT8744.jpg,nCT,0,8744,52
/content/data/Preprocessed CT scans/nCT/nCT2814.jpg,nCT,0,2814,112
/content/data/Preprocessed CT scans/nCT/nCT6686.jpg,nCT,0,6686,399
/content/data/Preprocessed CT scans/nCT/nCT3010.jpg,nCT,0,3010,390
/content/data/Preprocessed CT scans/nCT/nCT3129.jpg,nCT,0,3129,276
/content/data/Preprocessed CT scans/nCT/nCT4165.jpg,nCT,0,4165,316
/content/data/Preprocessed CT scans/nCT/nCT9537.jpg,nCT,0,9537,11
/content/data/Preprocessed CT scans/nCT/nCT4188.jpg,nCT,0,4188,133
/content/data/Preprocessed CT scans/nCT/nCT8801.jpg,nCT,0,8801,19
/content/data/Preprocessed CT scans/nCT/nCT8680.jpg,nCT,0,8680,361
/content/data/Preprocessed CT scans/nCT/nCT6597.jpg,nCT,0,6597,34
/content/data/Preprocessed CT scans/nCT/nCT6621.jpg,nCT,0,6621,249
/content/data/Preprocessed CT scans/nCT/nCT5083.jpg,nCT,0,5083,165
/content/data/Preprocessed CT scans/nCT/nCT2821.jpg,nCT,0,2821,108
/content/data/Preprocessed CT scans/nCT/nCT686.jpg,nCT,0,686,261
/content/data/Preprocessed CT scans/nCT/nCT1720.jpg,nCT,0,1720,40
/content/data/Preprocessed CT scans/nCT/nCT3846.jpg,nCT,0,3846,183
/content/data/Preprocessed CT scans/nCT/nCT2031.jpg,nCT,0,2031,79
/content/data/Preprocessed CT scans/nCT/nCT5826.jpg,nCT,0,5826,291
/content/data/Preprocessed CT scans/nCT/nCT1280.jpg,nCT,0,1280,275
/content/data/Preprocessed CT scans/nCT/nCT2276.jpg,nCT,0,2276,141
/content/data/Preprocessed CT scans/nCT/nCT7871.jpg,nCT,0,7871,41
/content/data/Preprocessed CT scans/nCT/nCT7114.jpg,nCT,0,7114,339
/content/data/Preprocessed CT scans/nCT/nCT9367.jpg,nCT,0,9367,179
/content/data/Preprocessed CT scans/nCT/nCT7724.jpg,nCT,0,7724,151
/content/data/Preprocessed CT scans/nCT/nCT6095.jpg,nCT,0,6095,162
/content/data/Preprocessed CT scans/nCT/nCT5078.jpg,nCT,0,5078,130
/content/data/Preprocessed CT scans/nCT/nCT7187.jpg,nCT,0,7187,277
/content/data/Preprocessed CT scans/nCT/nCT6581.jpg,nCT,0,6581,333
/content/data/Preprocessed CT scans/nCT/nCT5904.jpg,nCT,0,5904,270
/content/data/Preprocessed CT scans/nCT/nCT5857.jpg,nCT,0,5857,304
/content/data/Preprocessed CT scans/nCT/nCT9024.jpg,nCT,0,9024,255
/content/data/Preprocessed CT scans/nCT/nCT6404.jpg,nCT,0,6404,235
/content/data/Preprocessed CT scans/nCT/nCT1860.jpg,nCT,0,1860,136
/content/data/Preprocessed CT scans/nCT/nCT1551.jpg,nCT,0,1551,40
/content/data/Preprocessed CT scans/nCT/nCT3520.jpg,nCT,0,3520,96
/content/data/Preprocessed CT scans/nCT/nCT2160.jpg,nCT,0,2160,347
/content/data/Preprocessed CT scans/nCT/nCT7827.jpg,nCT,0,7827,70
/content/data/Preprocessed CT scans/nCT/nCT5784.jpg,nCT,0,5784,173
/content/data/Preprocessed CT scans/nCT/nCT5607.jpg,nCT,0,5607,95
/content/data/Preprocessed CT scans/nCT/nCT1611.jpg,nCT,0,1611,120
/content/data/Preprocessed CT scans/nCT/nCT8900.jpg,nCT,0,8900,373
/content/data/Preprocessed CT scans/nCT/nCT1403.jpg,nCT,0,1403,249
/content/data/Preprocessed CT scans/nCT/nCT2377.jpg,nCT,0,2377,206
/content/data/Preprocessed CT scans/nCT/nCT6146.jpg,nCT,0,6146,165
/content/data/Preprocessed CT scans/nCT/nCT7157.jpg,nCT,0,7157,13
/content/data/Preprocessed CT scans/nCT/nCT7016.jpg,nCT,0,7016,162
/content/data/Preprocessed CT scans/nCT/nCT6299.jpg,nCT,0,6299,2
/content/data/Preprocessed CT scans/nCT/nCT5787.jpg,nCT,0,5787,234
/content/data/Preprocessed CT scans/nCT/nCT6395.jpg,nCT,0,6395,2
/content/data/Preprocessed CT scans/nCT/nCT7254.jpg,nCT,0,7254,204
/content/data/Preprocessed CT scans/nCT/nCT271.jpg,nCT,0,271,58
/content/data/Preprocessed CT scans/nCT/nCT2250.jpg,nCT,0,2250,252
/content/data/Preprocessed CT scans/nCT/nCT7712.jpg,nCT,0,7712,151
/content/data/Preprocessed CT scans/nCT/nCT5064.jpg,nCT,0,5064,197
/content/data/Preprocessed CT scans/nCT/nCT975.jpg,nCT,0,975,345
/content/data/Preprocessed CT scans/nCT/nCT1366.jpg,nCT,0,1366,304
/content/data/Preprocessed CT scans/nCT/nCT7899.jpg,nCT,0,7899,241
/content/data/Preprocessed CT scans/nCT/nCT1284.jpg,nCT,0,1284,234
/content/data/Preprocessed CT scans/nCT/nCT1842.jpg,nCT,0,1842,211
/content/data/Preprocessed CT scans/nCT/nCT4865.jpg,nCT,0,4865,173
/content/data/Preprocessed CT scans/nCT/nCT5429.jpg,nCT,0,5429,119
/content/data/Preprocessed CT scans/nCT/nCT1383.jpg,nCT,0,1383,120
/content/data/Preprocessed CT scans/nCT/nCT6409.jpg,nCT,0,6409,360
/content/data/Preprocessed CT scans/nCT/nCT3531.jpg,nCT,0,3531,272
/content/data/Preprocessed CT scans/nCT/nCT7776.jpg,nCT,0,7776,149
/content/data/Preprocessed CT scans/nCT/nCT2341.jpg,nCT,0,2341,79
/content/data/Preprocessed CT scans/nCT/nCT117.jpg,nCT,0,117,308
/content/data/Preprocessed CT scans/nCT/nCT7982.jpg,nCT,0,7982,253
/content/data/Preprocessed CT scans/nCT/nCT5218.jpg,nCT,0,5218,98
/content/data/Preprocessed CT scans/nCT/nCT462.jpg,nCT,0,462,217
/content/data/Preprocessed CT scans/nCT/nCT9393.jpg,nCT,0,9393,390
/content/data/Preprocessed CT scans/nCT/nCT5229.jpg,nCT,0,5229,233
/content/data/Preprocessed CT scans/nCT/nCT8876.jpg,nCT,0,8876,150
/content/data/Preprocessed CT scans/nCT/nCT6119.jpg,nCT,0,6119,217
/content/data/Preprocessed CT scans/nCT/nCT7415.jpg,nCT,0,7415,25
/content/data/Preprocessed CT scans/nCT/nCT7314.jpg,nCT,0,7314,204
/content/data/Preprocessed CT scans/nCT/nCT2266.jpg,nCT,0,2266,141
/content/data/Preprocessed CT scans/nCT/nCT3613.jpg,nCT,0,3613,174
/content/data/Preprocessed CT scans/nCT/nCT1543.jpg,nCT,0,1543,345
/content/data/Preprocessed CT scans/nCT/nCT2459.jpg,nCT,0,2459,341
/content/data/Preprocessed CT scans/nCT/nCT9559.jpg,nCT,0,9559,11
/content/data/Preprocessed CT scans/nCT/nCT90.jpg,nCT,0,90,9
/content/data/Preprocessed CT scans/nCT/nCT8650.jpg,nCT,0,8650,121
/content/data/Preprocessed CT scans/nCT/nCT1815.jpg,nCT,0,1815,186
/content/data/Preprocessed CT scans/nCT/nCT1353.jpg,nCT,0,1353,275
/content/data/Preprocessed CT scans/nCT/nCT6188.jpg,nCT,0,6188,334
/content/data/Preprocessed CT scans/nCT/nCT8067.jpg,nCT,0,8067,256
/content/data/Preprocessed CT scans/nCT/nCT2805.jpg,nCT,0,2805,275
/content/data/Preprocessed CT scans/nCT/nCT7608.jpg,nCT,0,7608,96
/content/data/Preprocessed CT scans/nCT/nCT3989.jpg,nCT,0,3989,25
/content/data/Preprocessed CT scans/nCT/nCT587.jpg,nCT,0,587,334
/content/data/Preprocessed CT scans/nCT/nCT5088.jpg,nCT,0,5088,173
/content/data/Preprocessed CT scans/nCT/nCT194.jpg,nCT,0,194,119
/content/data/Preprocessed CT scans/nCT/nCT3475.jpg,nCT,0,3475,277
/content/data/Preprocessed CT scans/nCT/nCT9244.jpg,nCT,0,9244,332
/content/data/Preprocessed CT scans/nCT/nCT8925.jpg,nCT,0,8925,373
/content/data/Preprocessed CT scans/nCT/nCT8020.jpg,nCT,0,8020,92
/content/data/Preprocessed CT scans/nCT/nCT376.jpg,nCT,0,376,236
/content/data/Preprocessed CT scans/nCT/nCT2133.jpg,nCT,0,2133,323
/content/data/Preprocessed CT scans/nCT/nCT5354.jpg,nCT,0,5354,167
/content/data/Preprocessed CT scans/nCT/nCT5799.jpg,nCT,0,5799,195
/content/data/Preprocessed CT scans/nCT/nCT8498.jpg,nCT,0,8498,149
/content/data/Preprocessed CT scans/nCT/nCT4879.jpg,nCT,0,4879,110
/content/data/Preprocessed CT scans/nCT/nCT1800.jpg,nCT,0,1800,62
/content/data/Preprocessed CT scans/nCT/nCT8351.jpg,nCT,0,8351,164
/content/data/Preprocessed CT scans/nCT/nCT6025.jpg,nCT,0,6025,47
/content/data/Preprocessed CT scans/nCT/nCT1894.jpg,nCT,0,1894,230
/content/data/Preprocessed CT scans/nCT/nCT1882.jpg,nCT,0,1882,216
/content/data/Preprocessed CT scans/nCT/nCT4876.jpg,nCT,0,4876,109
/content/data/Preprocessed CT scans/nCT/nCT3158.jpg,nCT,0,3158,351
/content/data/Preprocessed CT scans/nCT/nCT9709.jpg,nCT,0,9709,267
/content/data/Preprocessed CT scans/nCT/nCT4471.jpg,nCT,0,4471,390
/content/data/Preprocessed CT scans/nCT/nCT1570.jpg,nCT,0,1570,230
/content/data/Preprocessed CT scans/nCT/nCT918.jpg,nCT,0,918,34
/content/data/Preprocessed CT scans/nCT/nCT5610.jpg,nCT,0,5610,386
/content/data/Preprocessed CT scans/nCT/nCT706.jpg,nCT,0,706,72
/content/data/Preprocessed CT scans/nCT/nCT1889.jpg,nCT,0,1889,304
/content/data/Preprocessed CT scans/nCT/nCT2297.jpg,nCT,0,2297,206
/content/data/Preprocessed CT scans/nCT/nCT2515.jpg,nCT,0,2515,347
/content/data/Preprocessed CT scans/nCT/nCT4686.jpg,nCT,0,4686,91
/content/data/Preprocessed CT scans/nCT/nCT5457.jpg,nCT,0,5457,102
/content/data/Preprocessed CT scans/nCT/nCT3195.jpg,nCT,0,3195,350
/content/data/Preprocessed CT scans/nCT/nCT1753.jpg,nCT,0,1753,175
/content/data/Preprocessed CT scans/nCT/nCT3620.jpg,nCT,0,3620,101
/content/data/Preprocessed CT scans/nCT/nCT6803.jpg,nCT,0,6803,249
/content/data/Preprocessed CT scans/nCT/nCT156.jpg,nCT,0,156,136
/content/data/Preprocessed CT scans/nCT/nCT9751.jpg,nCT,0,9751,286
/content/data/Preprocessed CT scans/nCT/nCT4615.jpg,nCT,0,4615,272
/content/data/Preprocessed CT scans/nCT/nCT3816.jpg,nCT,0,3816,197
/content/data/Preprocessed CT scans/nCT/nCT2974.jpg,nCT,0,2974,390
/content/data/Preprocessed CT scans/nCT/nCT7998.jpg,nCT,0,7998,253
/content/data/Preprocessed CT scans/nCT/nCT4834.jpg,nCT,0,4834,98
/content/data/Preprocessed CT scans/nCT/nCT8616.jpg,nCT,0,8616,19
/content/data/Preprocessed CT scans/nCT/nCT1019.jpg,nCT,0,1019,186
/content/data/Preprocessed CT scans/nCT/nCT8394.jpg,nCT,0,8394,149
/content/data/Preprocessed CT scans/nCT/nCT7327.jpg,nCT,0,7327,75
/content/data/Preprocessed CT scans/nCT/nCT6074.jpg,nCT,0,6074,95
/content/data/Preprocessed CT scans/nCT/nCT5901.jpg,nCT,0,5901,2
/content/data/Preprocessed CT scans/nCT/nCT7035.jpg,nCT,0,7035,333
/content/data/Preprocessed CT scans/nCT/nCT9506.jpg,nCT,0,9506,171
/content/data/Preprocessed CT scans/nCT/nCT4243.jpg,nCT,0,4243,339
/content/data/Preprocessed CT scans/nCT/nCT3676.jpg,nCT,0,3676,244
/content/data/Preprocessed CT scans/nCT/nCT4075.jpg,nCT,0,4075,311
/content/data/Preprocessed CT scans/nCT/nCT4408.jpg,nCT,0,4408,316
/content/data/Preprocessed CT scans/nCT/nCT4375.jpg,nCT,0,4375,230
/content/data/Preprocessed CT scans/nCT/nCT1715.jpg,nCT,0,1715,208
/content/data/Preprocessed CT scans/nCT/nCT6236.jpg,nCT,0,6236,334
/content/data/Preprocessed CT scans/nCT/nCT5400.jpg,nCT,0,5400,208
/content/data/Preprocessed CT scans/nCT/nCT5104.jpg,nCT,0,5104,195
/content/data/Preprocessed CT scans/nCT/nCT4178.jpg,nCT,0,4178,271
/content/data/Preprocessed CT scans/nCT/nCT9102.jpg,nCT,0,9102,247
/content/data/Preprocessed CT scans/nCT/nCT2415.jpg,nCT,0,2415,347
/content/data/Preprocessed CT scans/nCT/nCT8515.jpg,nCT,0,8515,242
/content/data/Preprocessed CT scans/nCT/nCT9913.jpg,nCT,0,9913,78
/content/data/Preprocessed CT scans/nCT/nCT6369.jpg,nCT,0,6369,2
/content/data/Preprocessed CT scans/nCT/nCT6854.jpg,nCT,0,6854,9
/content/data/Preprocessed CT scans/nCT/nCT5975.jpg,nCT,0,5975,47
/content/data/Preprocessed CT scans/nCT/nCT5943.jpg,nCT,0,5943,101
/content/data/Preprocessed CT scans/nCT/nCT8455.jpg,nCT,0,8455,103
/content/data/Preprocessed CT scans/nCT/nCT4832.jpg,nCT,0,4832,165
/content/data/Preprocessed CT scans/nCT/nCT6661.jpg,nCT,0,6661,217
/content/data/Preprocessed CT scans/nCT/nCT6403.jpg,nCT,0,6403,382
/content/data/Preprocessed CT scans/nCT/nCT7439.jpg,nCT,0,7439,133
/content/data/Preprocessed CT scans/nCT/nCT6173.jpg,nCT,0,6173,95
/content/data/Preprocessed CT scans/nCT/nCT2150.jpg,nCT,0,2150,252
/content/data/Preprocessed CT scans/nCT/nCT357.jpg,nCT,0,357,217
/content/data/Preprocessed CT scans/nCT/nCT327.jpg,nCT,0,327,240
/content/data/Preprocessed CT scans/nCT/nCT4475.jpg,nCT,0,4475,165
/content/data/Preprocessed CT scans/nCT/nCT9746.jpg,nCT,0,9746,38
/content/data/Preprocessed CT scans/nCT/nCT643.jpg,nCT,0,643,341
/content/data/Preprocessed CT scans/nCT/nCT7799.jpg,nCT,0,7799,149
/content/data/Preprocessed CT scans/nCT/nCT8631.jpg,nCT,0,8631,19
/content/data/Preprocessed CT scans/nCT/nCT377.jpg,nCT,0,377,58
/content/data/Preprocessed CT scans/nCT/nCT1601.jpg,nCT,0,1601,62
/content/data/Preprocessed CT scans/nCT/nCT9399.jpg,nCT,0,9399,112
/content/data/Preprocessed CT scans/nCT/nCT698.jpg,nCT,0,698,231
/content/data/Preprocessed CT scans/nCT/nCT7872.jpg,nCT,0,7872,41
/content/data/Preprocessed CT scans/nCT/nCT9795.jpg,nCT,0,9795,188
/content/data/Preprocessed CT scans/nCT/nCT6890.jpg,nCT,0,6890,233
/content/data/Preprocessed CT scans/nCT/nCT3673.jpg,nCT,0,3673,47
/content/data/Preprocessed CT scans/nCT/nCT9443.jpg,nCT,0,9443,65
/content/data/Preprocessed CT scans/nCT/nCT1738.jpg,nCT,0,1738,335
/content/data/Preprocessed CT scans/nCT/nCT1272.jpg,nCT,0,1272,40
/content/data/Preprocessed CT scans/nCT/nCT5640.jpg,nCT,0,5640,224
/content/data/Preprocessed CT scans/nCT/nCT3972.jpg,nCT,0,3972,305
/content/data/Preprocessed CT scans/nCT/nCT4373.jpg,nCT,0,4373,110
/content/data/Preprocessed CT scans/nCT/nCT6239.jpg,nCT,0,6239,393
/content/data/Preprocessed CT scans/nCT/nCT3552.jpg,nCT,0,3552,100
/content/data/Preprocessed CT scans/nCT/nCT1603.jpg,nCT,0,1603,143
/content/data/Preprocessed CT scans/nCT/nCT2093.jpg,nCT,0,2093,141
/content/data/Preprocessed CT scans/nCT/nCT8347.jpg,nCT,0,8347,164
/content/data/Preprocessed CT scans/nCT/nCT5343.jpg,nCT,0,5343,355
/content/data/Preprocessed CT scans/nCT/nCT4900.jpg,nCT,0,4900,386
/content/data/Preprocessed CT scans/nCT/nCT8834.jpg,nCT,0,8834,135
/content/data/Preprocessed CT scans/nCT/nCT7794.jpg,nCT,0,7794,149
/content/data/Preprocessed CT scans/nCT/nCT7997.jpg,nCT,0,7997,253
/content/data/Preprocessed CT scans/nCT/nCT3360.jpg,nCT,0,3360,275
/content/data/Preprocessed CT scans/nCT/nCT6973.jpg,nCT,0,6973,56
/content/data/Preprocessed CT scans/nCT/nCT133.jpg,nCT,0,133,328
/content/data/Preprocessed CT scans/nCT/nCT9727.jpg,nCT,0,9727,192
/content/data/Preprocessed CT scans/nCT/nCT9444.jpg,nCT,0,9444,65
/content/data/Preprocessed CT scans/nCT/nCT3528.jpg,nCT,0,3528,276
/content/data/Preprocessed CT scans/nCT/nCT2740.jpg,nCT,0,2740,27
/content/data/Preprocessed CT scans/nCT/nCT5700.jpg,nCT,0,5700,209
/content/data/Preprocessed CT scans/nCT/nCT5739.jpg,nCT,0,5739,293
/content/data/Preprocessed CT scans/nCT/nCT3519.jpg,nCT,0,3519,277
/content/data/Preprocessed CT scans/nCT/nCT5842.jpg,nCT,0,5842,80
/content/data/Preprocessed CT scans/nCT/nCT7831.jpg,nCT,0,7831,70
/content/data/Preprocessed CT scans/nCT/nCT8321.jpg,nCT,0,8321,164
/content/data/Preprocessed CT scans/nCT/nCT1144.jpg,nCT,0,1144,331
/content/data/Preprocessed CT scans/nCT/nCT5900.jpg,nCT,0,5900,158
/content/data/Preprocessed CT scans/nCT/nCT8160.jpg,nCT,0,8160,190
/content/data/Preprocessed CT scans/nCT/nCT5360.jpg,nCT,0,5360,165
/content/data/Preprocessed CT scans/nCT/nCT7228.jpg,nCT,0,7228,277
/content/data/Preprocessed CT scans/nCT/nCT9774.jpg,nCT,0,9774,3
/content/data/Preprocessed CT scans/nCT/nCT5455.jpg,nCT,0,5455,300
/content/data/Preprocessed CT scans/nCT/nCT1722.jpg,nCT,0,1722,367
/content/data/Preprocessed CT scans/nCT/nCT3137.jpg,nCT,0,3137,25
/content/data/Preprocessed CT scans/nCT/nCT3842.jpg,nCT,0,3842,334
/content/data/Preprocessed CT scans/nCT/nCT2417.jpg,nCT,0,2417,79
/content/data/Preprocessed CT scans/nCT/nCT7404.jpg,nCT,0,7404,386
/content/data/Preprocessed CT scans/nCT/nCT4777.jpg,nCT,0,4777,350
/content/data/Preprocessed CT scans/nCT/nCT2498.jpg,nCT,0,2498,81
/content/data/Preprocessed CT scans/nCT/nCT3260.jpg,nCT,0,3260,354
/content/data/Preprocessed CT scans/nCT/nCT6952.jpg,nCT,0,6952,276
/content/data/Preprocessed CT scans/nCT/nCT9419.jpg,nCT,0,9419,88
/content/data/Preprocessed CT scans/nCT/nCT1970.jpg,nCT,0,1970,268
/content/data/Preprocessed CT scans/nCT/nCT718.jpg,nCT,0,718,142
/content/data/Preprocessed CT scans/nCT/nCT8432.jpg,nCT,0,8432,70
/content/data/Preprocessed CT scans/nCT/nCT6822.jpg,nCT,0,6822,199
/content/data/Preprocessed CT scans/nCT/nCT2381.jpg,nCT,0,2381,79
/content/data/Preprocessed CT scans/nCT/nCT4228.jpg,nCT,0,4228,316
/content/data/Preprocessed CT scans/nCT/nCT1282.jpg,nCT,0,1282,249
/content/data/Preprocessed CT scans/nCT/nCT3459.jpg,nCT,0,3459,277
/content/data/Preprocessed CT scans/nCT/nCT7018.jpg,nCT,0,7018,56
/content/data/Preprocessed CT scans/nCT/nCT4804.jpg,nCT,0,4804,305
/content/data/Preprocessed CT scans/nCT/nCT513.jpg,nCT,0,513,108
/content/data/Preprocessed CT scans/nCT/nCT2872.jpg,nCT,0,2872,354
/content/data/Preprocessed CT scans/nCT/nCT5781.jpg,nCT,0,5781,105
/content/data/Preprocessed CT scans/nCT/nCT1857.jpg,nCT,0,1857,24
/content/data/Preprocessed CT scans/nCT/nCT4953.jpg,nCT,0,4953,197
/content/data/Preprocessed CT scans/nCT/nCT149.jpg,nCT,0,149,156
/content/data/Preprocessed CT scans/nCT/nCT9045.jpg,nCT,0,9045,256
/content/data/Preprocessed CT scans/nCT/nCT2361.jpg,nCT,0,2361,79
/content/data/Preprocessed CT scans/nCT/nCT4674.jpg,nCT,0,4674,272
/content/data/Preprocessed CT scans/nCT/nCT146.jpg,nCT,0,146,240
/content/data/Preprocessed CT scans/nCT/nCT8459.jpg,nCT,0,8459,103
/content/data/Preprocessed CT scans/nCT/nCT7961.jpg,nCT,0,7961,242
/content/data/Preprocessed CT scans/nCT/nCT279.jpg,nCT,0,279,328
/content/data/Preprocessed CT scans/nCT/nCT3175.jpg,nCT,0,3175,339
/content/data/Preprocessed CT scans/nCT/nCT3549.jpg,nCT,0,3549,354
/content/data/Preprocessed CT scans/nCT/nCT9119.jpg,nCT,0,9119,247
/content/data/Preprocessed CT scans/nCT/nCT3760.jpg,nCT,0,3760,47
/content/data/Preprocessed CT scans/nCT/nCT6355.jpg,nCT,0,6355,355
/content/data/Preprocessed CT scans/nCT/nCT5175.jpg,nCT,0,5175,141
/content/data/Preprocessed CT scans/nCT/nCT2907.jpg,nCT,0,2907,60
/content/data/Preprocessed CT scans/nCT/nCT8373.jpg,nCT,0,8373,137
/content/data/Preprocessed CT scans/nCT/nCT7510.jpg,nCT,0,7510,93
/content/data/Preprocessed CT scans/nCT/nCT4905.jpg,nCT,0,4905,165
/content/data/Preprocessed CT scans/nCT/nCT2950.jpg,nCT,0,2950,291
/content/data/Preprocessed CT scans/nCT/nCT9353.jpg,nCT,0,9353,179
/content/data/Preprocessed CT scans/nCT/nCT3987.jpg,nCT,0,3987,271
/content/data/Preprocessed CT scans/nCT/nCT6555.jpg,nCT,0,6555,236
/content/data/Preprocessed CT scans/nCT/nCT8250.jpg,nCT,0,8250,41
/content/data/Preprocessed CT scans/nCT/nCT6221.jpg,nCT,0,6221,276
/content/data/Preprocessed CT scans/nCT/nCT9074.jpg,nCT,0,9074,267
/content/data/Preprocessed CT scans/nCT/nCT9296.jpg,nCT,0,9296,292
/content/data/Preprocessed CT scans/nCT/nCT1827.jpg,nCT,0,1827,120
/content/data/Preprocessed CT scans/nCT/nCT8912.jpg,nCT,0,8912,373
/content/data/Preprocessed CT scans/nCT/nCT5001.jpg,nCT,0,5001,261
/content/data/Preprocessed CT scans/nCT/nCT7413.jpg,nCT,0,7413,108
/content/data/Preprocessed CT scans/nCT/nCT4847.jpg,nCT,0,4847,305
/content/data/Preprocessed CT scans/nCT/nCT8068.jpg,nCT,0,8068,88
/content/data/Preprocessed CT scans/nCT/nCT2744.jpg,nCT,0,2744,96
/content/data/Preprocessed CT scans/nCT/nCT3387.jpg,nCT,0,3387,108
/content/data/Preprocessed CT scans/nCT/nCT7727.jpg,nCT,0,7727,151
/content/data/Preprocessed CT scans/nCT/nCT4563.jpg,nCT,0,4563,230
/content/data/Preprocessed CT scans/nCT/nCT4126.jpg,nCT,0,4126,22
/content/data/Preprocessed CT scans/nCT/nCT2844.jpg,nCT,0,2844,350
/content/data/Preprocessed CT scans/nCT/nCT2096.jpg,nCT,0,2096,144
/content/data/Preprocessed CT scans/nCT/nCT2330.jpg,nCT,0,2330,142
/content/data/Preprocessed CT scans/nCT/nCT3853.jpg,nCT,0,3853,102
/content/data/Preprocessed CT scans/nCT/nCT4698.jpg,nCT,0,4698,197
/content/data/Preprocessed CT scans/nCT/nCT4682.jpg,nCT,0,4682,390
/content/data/Preprocessed CT scans/nCT/nCT8919.jpg,nCT,0,8919,373
/content/data/Preprocessed CT scans/nCT/nCT3100.jpg,nCT,0,3100,34
/content/data/Preprocessed CT scans/nCT/nCT5611.jpg,nCT,0,5611,230
/content/data/Preprocessed CT scans/nCT/nCT8253.jpg,nCT,0,8253,41
/content/data/Preprocessed CT scans/nCT/nCT2410.jpg,nCT,0,2410,81
/content/data/Preprocessed CT scans/nCT/nCT5133.jpg,nCT,0,5133,130
/content/data/Preprocessed CT scans/nCT/nCT8772.jpg,nCT,0,8772,255
/content/data/Preprocessed CT scans/nCT/nCT4251.jpg,nCT,0,4251,233
/content/data/Preprocessed CT scans/nCT/nCT3678.jpg,nCT,0,3678,47
/content/data/Preprocessed CT scans/nCT/nCT7526.jpg,nCT,0,7526,185
/content/data/Preprocessed CT scans/nCT/nCT5981.jpg,nCT,0,5981,399
/content/data/Preprocessed CT scans/nCT/nCT9602.jpg,nCT,0,9602,222
/content/data/Preprocessed CT scans/nCT/nCT3254.jpg,nCT,0,3254,334
/content/data/Preprocessed CT scans/nCT/nCT4488.jpg,nCT,0,4488,34
/content/data/Preprocessed CT scans/nCT/nCT6483.jpg,nCT,0,6483,235
/content/data/Preprocessed CT scans/nCT/nCT8642.jpg,nCT,0,8642,19
/content/data/Preprocessed CT scans/nCT/nCT7587.jpg,nCT,0,7587,331
/content/data/Preprocessed CT scans/nCT/nCT3499.jpg,nCT,0,3499,244
/content/data/Preprocessed CT scans/nCT/nCT52.jpg,nCT,0,52,22
/content/data/Preprocessed CT scans/nCT/nCT4874.jpg,nCT,0,4874,83
/content/data/Preprocessed CT scans/nCT/nCT4179.jpg,nCT,0,4179,339
/content/data/Preprocessed CT scans/nCT/nCT4756.jpg,nCT,0,4756,173
/content/data/Preprocessed CT scans/nCT/nCT2756.jpg,nCT,0,2756,93
/content/data/Preprocessed CT scans/nCT/nCT4587.jpg,nCT,0,4587,98
/content/data/Preprocessed CT scans/nCT/nCT3340.jpg,nCT,0,3340,132
/content/data/Preprocessed CT scans/nCT/nCT7083.jpg,nCT,0,7083,252
/content/data/Preprocessed CT scans/nCT/nCT2151.jpg,nCT,0,2151,79
/content/data/Preprocessed CT scans/nCT/nCT5508.jpg,nCT,0,5508,355
/content/data/Preprocessed CT scans/nCT/nCT7826.jpg,nCT,0,7826,70
/content/data/Preprocessed CT scans/nCT/nCT2965.jpg,nCT,0,2965,204
/content/data/Preprocessed CT scans/nCT/nCT2850.jpg,nCT,0,2850,96
/content/data/Preprocessed CT scans/nCT/nCT340.jpg,nCT,0,340,236
/content/data/Preprocessed CT scans/nCT/nCT2949.jpg,nCT,0,2949,96
/content/data/Preprocessed CT scans/nCT/nCT2582.jpg,nCT,0,2582,4
/content/data/Preprocessed CT scans/nCT/nCT4019.jpg,nCT,0,4019,386
/content/data/Preprocessed CT scans/nCT/nCT7425.jpg,nCT,0,7425,27
/content/data/Preprocessed CT scans/nCT/nCT1938.jpg,nCT,0,1938,142
/content/data/Preprocessed CT scans/nCT/nCT9515.jpg,nCT,0,9515,171
/content/data/Preprocessed CT scans/nCT/nCT526.jpg,nCT,0,526,145
/content/data/Preprocessed CT scans/nCT/nCT1115.jpg,nCT,0,1115,354
/content/data/Preprocessed CT scans/nCT/nCT7068.jpg,nCT,0,7068,93
/content/data/Preprocessed CT scans/nCT/nCT8383.jpg,nCT,0,8383,137
/content/data/Preprocessed CT scans/nCT/nCT6212.jpg,nCT,0,6212,96
/content/data/Preprocessed CT scans/nCT/nCT1686.jpg,nCT,0,1686,62
/content/data/Preprocessed CT scans/nCT/nCT5754.jpg,nCT,0,5754,355
/content/data/Preprocessed CT scans/nCT/nCT3379.jpg,nCT,0,3379,129
/content/data/Preprocessed CT scans/nCT/nCT9349.jpg,nCT,0,9349,179
/content/data/Preprocessed CT scans/nCT/nCT2651.jpg,nCT,0,2651,27
/content/data/Preprocessed CT scans/nCT/nCT4098.jpg,nCT,0,4098,360
/content/data/Preprocessed CT scans/nCT/nCT6763.jpg,nCT,0,6763,9
/content/data/Preprocessed CT scans/nCT/nCT8458.jpg,nCT,0,8458,103
/content/data/Preprocessed CT scans/nCT/nCT6549.jpg,nCT,0,6549,270
/content/data/Preprocessed CT scans/nCT/nCT7300.jpg,nCT,0,7300,25
/content/data/Preprocessed CT scans/nCT/nCT6372.jpg,nCT,0,6372,102
/content/data/Preprocessed CT scans/nCT/nCT1698.jpg,nCT,0,1698,230
/content/data/Preprocessed CT scans/nCT/nCT731.jpg,nCT,0,731,360
/content/data/Preprocessed CT scans/nCT/nCT2347.jpg,nCT,0,2347,206
/content/data/Preprocessed CT scans/nCT/nCT8886.jpg,nCT,0,8886,373
/content/data/Preprocessed CT scans/nCT/nCT1521.jpg,nCT,0,1521,175
/content/data/Preprocessed CT scans/nCT/nCT3879.jpg,nCT,0,3879,300
/content/data/Preprocessed CT scans/nCT/nCT8235.jpg,nCT,0,8235,187
/content/data/Preprocessed CT scans/nCT/nCT3323.jpg,nCT,0,3323,275
/content/data/Preprocessed CT scans/nCT/nCT2267.jpg,nCT,0,2267,206
/content/data/Preprocessed CT scans/nCT/nCT3489.jpg,nCT,0,3489,291
/content/data/Preprocessed CT scans/nCT/nCT7443.jpg,nCT,0,7443,250
/content/data/Preprocessed CT scans/nCT/nCT7729.jpg,nCT,0,7729,151
/content/data/Preprocessed CT scans/nCT/nCT6871.jpg,nCT,0,6871,17
/content/data/Preprocessed CT scans/nCT/nCT2806.jpg,nCT,0,2806,47
/content/data/Preprocessed CT scans/nCT/nCT2511.jpg,nCT,0,2511,306
/content/data/Preprocessed CT scans/nCT/nCT8920.jpg,nCT,0,8920,373
/content/data/Preprocessed CT scans/nCT/nCT5306.jpg,nCT,0,5306,42
/content/data/Preprocessed CT scans/nCT/nCT8487.jpg,nCT,0,8487,253
/content/data/Preprocessed CT scans/nCT/nCT1949.jpg,nCT,0,1949,216
/content/data/Preprocessed CT scans/nCT/nCT9276.jpg,nCT,0,9276,61
/content/data/Preprocessed CT scans/nCT/nCT5260.jpg,nCT,0,5260,357
/content/data/Preprocessed CT scans/nCT/nCT329.jpg,nCT,0,329,6
/content/data/Preprocessed CT scans/nCT/nCT631.jpg,nCT,0,631,231
/content/data/Preprocessed CT scans/nCT/nCT5790.jpg,nCT,0,5790,204
/content/data/Preprocessed CT scans/nCT/nCT7389.jpg,nCT,0,7389,27
/content/data/Preprocessed CT scans/nCT/nCT9617.jpg,nCT,0,9617,365
/content/data/Preprocessed CT scans/nCT/nCT4399.jpg,nCT,0,4399,13
/content/data/Preprocessed CT scans/nCT/nCT2679.jpg,nCT,0,2679,206
/content/data/Preprocessed CT scans/nCT/nCT8777.jpg,nCT,0,8777,255
/content/data/Preprocessed CT scans/nCT/nCT8205.jpg,nCT,0,8205,30
/content/data/Preprocessed CT scans/nCT/nCT1599.jpg,nCT,0,1599,367
/content/data/Preprocessed CT scans/nCT/nCT2478.jpg,nCT,0,2478,79
/content/data/Preprocessed CT scans/nCT/nCT1922.jpg,nCT,0,1922,142
/content/data/Preprocessed CT scans/nCT/nCT4303.jpg,nCT,0,4303,354
/content/data/Preprocessed CT scans/nCT/nCT7193.jpg,nCT,0,7193,68
/content/data/Preprocessed CT scans/nCT/nCT4926.jpg,nCT,0,4926,305
/content/data/Preprocessed CT scans/nCT/nCT4653.jpg,nCT,0,4653,316
/content/data/Preprocessed CT scans/nCT/nCT9387.jpg,nCT,0,9387,390
/content/data/Preprocessed CT scans/nCT/nCT3622.jpg,nCT,0,3622,316
/content/data/Preprocessed CT scans/nCT/nCT1302.jpg,nCT,0,1302,331
/content/data/Preprocessed CT scans/nCT/nCT7647.jpg,nCT,0,7647,365
/content/data/Preprocessed CT scans/nCT/nCT9127.jpg,nCT,0,9127,247
/content/data/Preprocessed CT scans/nCT/nCT8710.jpg,nCT,0,8710,255
/content/data/Preprocessed CT scans/nCT/nCT9253.jpg,nCT,0,9253,61
/content/data/Preprocessed CT scans/nCT/nCT2601.jpg,nCT,0,2601,347
/content/data/Preprocessed CT scans/nCT/nCT8563.jpg,nCT,0,8563,361
/content/data/Preprocessed CT scans/nCT/nCT477.jpg,nCT,0,477,56
/content/data/Preprocessed CT scans/nCT/nCT4619.jpg,nCT,0,4619,197
/content/data/Preprocessed CT scans/nCT/nCT916.jpg,nCT,0,916,345
/content/data/Preprocessed CT scans/nCT/nCT8630.jpg,nCT,0,8630,19
/content/data/Preprocessed CT scans/nCT/nCT7333.jpg,nCT,0,7333,147
/content/data/Preprocessed CT scans/nCT/nCT7772.jpg,nCT,0,7772,253
/content/data/Preprocessed CT scans/nCT/nCT1888.jpg,nCT,0,1888,142
/content/data/Preprocessed CT scans/nCT/nCT8318.jpg,nCT,0,8318,164
/content/data/Preprocessed CT scans/nCT/nCT979.jpg,nCT,0,979,120
/content/data/Preprocessed CT scans/nCT/nCT4677.jpg,nCT,0,4677,197
/content/data/Preprocessed CT scans/nCT/nCT3014.jpg,nCT,0,3014,234
/content/data/Preprocessed CT scans/nCT/nCT6861.jpg,nCT,0,6861,276
/content/data/Preprocessed CT scans/nCT/nCT3891.jpg,nCT,0,3891,100
/content/data/Preprocessed CT scans/nCT/nCT1381.jpg,nCT,0,1381,268
/content/data/Preprocessed CT scans/nCT/nCT4959.jpg,nCT,0,4959,355
/content/data/Preprocessed CT scans/nCT/nCT2884.jpg,nCT,0,2884,129
/content/data/Preprocessed CT scans/nCT/nCT6086.jpg,nCT,0,6086,282
/content/data/Preprocessed CT scans/nCT/nCT6250.jpg,nCT,0,6250,334
/content/data/Preprocessed CT scans/nCT/nCT4671.jpg,nCT,0,4671,390
/content/data/Preprocessed CT scans/nCT/nCT6840.jpg,nCT,0,6840,392
/content/data/Preprocessed CT scans/nCT/nCT6020.jpg,nCT,0,6020,357
/content/data/Preprocessed CT scans/nCT/nCT3055.jpg,nCT,0,3055,185
/content/data/Preprocessed CT scans/nCT/nCT1047.jpg,nCT,0,1047,34
/content/data/Preprocessed CT scans/nCT/nCT550.jpg,nCT,0,550,316
/content/data/Preprocessed CT scans/nCT/nCT5641.jpg,nCT,0,5641,2
/content/data/Preprocessed CT scans/nCT/nCT2967.jpg,nCT,0,2967,98
/content/data/Preprocessed CT scans/nCT/nCT9036.jpg,nCT,0,9036,256
/content/data/Preprocessed CT scans/nCT/nCT9319.jpg,nCT,0,9319,292
/content/data/Preprocessed CT scans/nCT/nCT8252.jpg,nCT,0,8252,41
/content/data/Preprocessed CT scans/nCT/nCT2411.jpg,nCT,0,2411,27
/content/data/Preprocessed CT scans/nCT/nCT5169.jpg,nCT,0,5169,229
/content/data/Preprocessed CT scans/nCT/nCT4571.jpg,nCT,0,4571,98
/content/data/Preprocessed CT scans/nCT/nCT7329.jpg,nCT,0,7329,112
/content/data/Preprocessed CT scans/nCT/nCT4335.jpg,nCT,0,4335,13
/content/data/Preprocessed CT scans/nCT/nCT5717.jpg,nCT,0,5717,133
/content/data/Preprocessed CT scans/nCT/nCT3021.jpg,nCT,0,3021,204
/content/data/Preprocessed CT scans/nCT/nCT3818.jpg,nCT,0,3818,300
/content/data/Preprocessed CT scans/nCT/nCT992.jpg,nCT,0,992,204
/content/data/Preprocessed CT scans/nCT/nCT1838.jpg,nCT,0,1838,136
/content/data/Preprocessed CT scans/nCT/nCT3892.jpg,nCT,0,3892,275
/content/data/Preprocessed CT scans/nCT/nCT1875.jpg,nCT,0,1875,211
/content/data/Preprocessed CT scans/nCT/nCT3930.jpg,nCT,0,3930,316
/content/data/Preprocessed CT scans/nCT/nCT4894.jpg,nCT,0,4894,229
/content/data/Preprocessed CT scans/nCT/nCT3357.jpg,nCT,0,3357,272
/content/data/Preprocessed CT scans/nCT/nCT8147.jpg,nCT,0,8147,190
/content/data/Preprocessed CT scans/nCT/nCT5942.jpg,nCT,0,5942,162
/content/data/Preprocessed CT scans/nCT/nCT8260.jpg,nCT,0,8260,41
/content/data/Preprocessed CT scans/nCT/nCT5023.jpg,nCT,0,5023,335
/content/data/Preprocessed CT scans/nCT/nCT2223.jpg,nCT,0,2223,323
/content/data/Preprocessed CT scans/nCT/nCT6832.jpg,nCT,0,6832,105
/content/data/Preprocessed CT scans/nCT/nCT6071.jpg,nCT,0,6071,235
/content/data/Preprocessed CT scans/nCT/nCT7076.jpg,nCT,0,7076,339
/content/data/Preprocessed CT scans/nCT/nCT5832.jpg,nCT,0,5832,156
/content/data/Preprocessed CT scans/nCT/nCT7042.jpg,nCT,0,7042,276
/content/data/Preprocessed CT scans/nCT/nCT7555.jpg,nCT,0,7555,291
/content/data/Preprocessed CT scans/nCT/nCT2099.jpg,nCT,0,2099,79
/content/data/Preprocessed CT scans/nCT/nCT5619.jpg,nCT,0,5619,282
/content/data/Preprocessed CT scans/nCT/nCT4594.jpg,nCT,0,4594,316
/content/data/Preprocessed CT scans/nCT/nCT1808.jpg,nCT,0,1808,230
/content/data/Preprocessed CT scans/nCT/nCT3679.jpg,nCT,0,3679,68
/content/data/Preprocessed CT scans/nCT/nCT1158.jpg,nCT,0,1158,249
/content/data/Preprocessed CT scans/nCT/nCT7942.jpg,nCT,0,7942,5
/content/data/Preprocessed CT scans/nCT/nCT4123.jpg,nCT,0,4123,58
/content/data/Preprocessed CT scans/nCT/nCT35.jpg,nCT,0,35,199
/content/data/Preprocessed CT scans/nCT/nCT9876.jpg,nCT,0,9876,387
/content/data/Preprocessed CT scans/nCT/nCT3182.jpg,nCT,0,3182,298
/content/data/Preprocessed CT scans/nCT/nCT6918.jpg,nCT,0,6918,156
/content/data/Preprocessed CT scans/nCT/nCT635.jpg,nCT,0,635,101
/content/data/Preprocessed CT scans/nCT/nCT7546.jpg,nCT,0,7546,250
/content/data/Preprocessed CT scans/nCT/nCT2161.jpg,nCT,0,2161,79
/content/data/Preprocessed CT scans/nCT/nCT726.jpg,nCT,0,726,34
/content/data/Preprocessed CT scans/nCT/nCT5447.jpg,nCT,0,5447,141
/content/data/Preprocessed CT scans/nCT/nCT4427.jpg,nCT,0,4427,165
/content/data/Preprocessed CT scans/nCT/nCT2313.jpg,nCT,0,2313,27
/content/data/Preprocessed CT scans/nCT/nCT2317.jpg,nCT,0,2317,206
/content/data/Preprocessed CT scans/nCT/nCT3134.jpg,nCT,0,3134,98
/content/data/Preprocessed CT scans/nCT/nCT3767.jpg,nCT,0,3767,34
/content/data/Preprocessed CT scans/nCT/nCT5578.jpg,nCT,0,5578,234
/content/data/Preprocessed CT scans/nCT/nCT9433.jpg,nCT,0,9433,65
/content/data/Preprocessed CT scans/nCT/nCT9802.jpg,nCT,0,9802,188
/content/data/Preprocessed CT scans/nCT/nCT4675.jpg,nCT,0,4675,83
/content/data/Preprocessed CT scans/nCT/nCT9034.jpg,nCT,0,9034,256
/content/data/Preprocessed CT scans/nCT/nCT8558.jpg,nCT,0,8558,361
/content/data/Preprocessed CT scans/nCT/nCT9875.jpg,nCT,0,9875,387
/content/data/Preprocessed CT scans/nCT/nCT9315.jpg,nCT,0,9315,292
/content/data/Preprocessed CT scans/nCT/nCT2007.jpg,nCT,0,2007,158
/content/data/Preprocessed CT scans/nCT/nCT5741.jpg,nCT,0,5741,334
/content/data/Preprocessed CT scans/nCT/nCT8083.jpg,nCT,0,8083,88
/content/data/Preprocessed CT scans/nCT/nCT4402.jpg,nCT,0,4402,233
/content/data/Preprocessed CT scans/nCT/nCT8895.jpg,nCT,0,8895,373
/content/data/Preprocessed CT scans/nCT/nCT5585.jpg,nCT,0,5585,233
/content/data/Preprocessed CT scans/nCT/nCT6962.jpg,nCT,0,6962,6
/content/data/Preprocessed CT scans/nCT/nCT5445.jpg,nCT,0,5445,165
/content/data/Preprocessed CT scans/nCT/nCT3801.jpg,nCT,0,3801,279
/content/data/Preprocessed CT scans/nCT/nCT4400.jpg,nCT,0,4400,98
/content/data/Preprocessed CT scans/nCT/nCT7368.jpg,nCT,0,7368,316
/content/data/Preprocessed CT scans/nCT/nCT5727.jpg,nCT,0,5727,339
/content/data/Preprocessed CT scans/nCT/nCT1755.jpg,nCT,0,1755,120
/content/data/Preprocessed CT scans/nCT/nCT6292.jpg,nCT,0,6292,208
/content/data/Preprocessed CT scans/nCT/nCT5498.jpg,nCT,0,5498,229
/content/data/Preprocessed CT scans/nCT/nCT1414.jpg,nCT,0,1414,335
/content/data/Preprocessed CT scans/nCT/nCT9791.jpg,nCT,0,9791,52
/content/data/Preprocessed CT scans/nCT/nCT4841.jpg,nCT,0,4841,346
/content/data/Preprocessed CT scans/nCT/nCT1624.jpg,nCT,0,1624,143
/content/data/Preprocessed CT scans/nCT/nCT3590.jpg,nCT,0,3590,272
/content/data/Preprocessed CT scans/nCT/nCT9109.jpg,nCT,0,9109,247
/content/data/Preprocessed CT scans/nCT/nCT2561.jpg,nCT,0,2561,347
/content/data/Preprocessed CT scans/nCT/nCT6300.jpg,nCT,0,6300,24
/content/data/Preprocessed CT scans/nCT/nCT823.jpg,nCT,0,823,93
/content/data/Preprocessed CT scans/nCT/nCT8207.jpg,nCT,0,8207,92
/content/data/Preprocessed CT scans/nCT/nCT9435.jpg,nCT,0,9435,65
/content/data/Preprocessed CT scans/nCT/nCT3561.jpg,nCT,0,3561,350
/content/data/Preprocessed CT scans/nCT/nCT1355.jpg,nCT,0,1355,249
/content/data/Preprocessed CT scans/nCT/nCT7653.jpg,nCT,0,7653,41
/content/data/Preprocessed CT scans/nCT/nCT1300.jpg,nCT,0,1300,62
/content/data/Preprocessed CT scans/nCT/nCT516.jpg,nCT,0,516,301
/content/data/Preprocessed CT scans/nCT/nCT2526.jpg,nCT,0,2526,81
/content/data/Preprocessed CT scans/nCT/nCT4348.jpg,nCT,0,4348,244
/content/data/Preprocessed CT scans/nCT/nCT813.jpg,nCT,0,813,108
/content/data/Preprocessed CT scans/nCT/nCT2786.jpg,nCT,0,2786,339
/content/data/Preprocessed CT scans/nCT/nCT5401.jpg,nCT,0,5401,300
/content/data/Preprocessed CT scans/nCT/nCT695.jpg,nCT,0,695,23
/content/data/Preprocessed CT scans/nCT/nCT5392.jpg,nCT,0,5392,95
/content/data/Preprocessed CT scans/nCT/nCT6511.jpg,nCT,0,6511,236
/content/data/Preprocessed CT scans/nCT/nCT3595.jpg,nCT,0,3595,100
/content/data/Preprocessed CT scans/nCT/nCT3322.jpg,nCT,0,3322,129
/content/data/Preprocessed CT scans/nCT/nCT9314.jpg,nCT,0,9314,292
/content/data/Preprocessed CT scans/nCT/nCT7868.jpg,nCT,0,7868,41
/content/data/Preprocessed CT scans/nCT/nCT6322.jpg,nCT,0,6322,27
/content/data/Preprocessed CT scans/nCT/nCT7503.jpg,nCT,0,7503,108
/content/data/Preprocessed CT scans/nCT/nCT1651.jpg,nCT,0,1651,268
/content/data/Preprocessed CT scans/nCT/nCT990.jpg,nCT,0,990,24
/content/data/Preprocessed CT scans/nCT/nCT8309.jpg,nCT,0,8309,164
/content/data/Preprocessed CT scans/nCT/nCT5632.jpg,nCT,0,5632,234
/content/data/Preprocessed CT scans/nCT/nCT1464.jpg,nCT,0,1464,26
/content/data/Preprocessed CT scans/nCT/nCT9458.jpg,nCT,0,9458,28
/content/data/Preprocessed CT scans/nCT/nCT5534.jpg,nCT,0,5534,109
/content/data/Preprocessed CT scans/nCT/nCT5672.jpg,nCT,0,5672,130
/content/data/Preprocessed CT scans/nCT/nCT7773.jpg,nCT,0,7773,253
/content/data/Preprocessed CT scans/nCT/nCT3399.jpg,nCT,0,3399,339
/content/data/Preprocessed CT scans/nCT/nCT7005.jpg,nCT,0,7005,199
/content/data/Preprocessed CT scans/nCT/nCT7843.jpg,nCT,0,7843,391
/content/data/Preprocessed CT scans/nCT/nCT4039.jpg,nCT,0,4039,316
/content/data/Preprocessed CT scans/nCT/nCT3109.jpg,nCT,0,3109,185
/content/data/Preprocessed CT scans/nCT/nCT3729.jpg,nCT,0,3729,25
/content/data/Preprocessed CT scans/nCT/nCT2455.jpg,nCT,0,2455,79
/content/data/Preprocessed CT scans/nCT/nCT2378.jpg,nCT,0,2378,347
/content/data/Preprocessed CT scans/nCT/nCT2562.jpg,nCT,0,2562,4
/content/data/Preprocessed CT scans/nCT/nCT527.jpg,nCT,0,527,217
/content/data/Preprocessed CT scans/nCT/nCT9654.jpg,nCT,0,9654,241
/content/data/Preprocessed CT scans/nCT/nCT1725.jpg,nCT,0,1725,143
/content/data/Preprocessed CT scans/nCT/nCT4997.jpg,nCT,0,4997,47
/content/data/Preprocessed CT scans/nCT/nCT6347.jpg,nCT,0,6347,195
/content/data/Preprocessed CT scans/nCT/nCT4657.jpg,nCT,0,4657,156
/content/data/Preprocessed CT scans/nCT/nCT5759.jpg,nCT,0,5759,357
/content/data/Preprocessed CT scans/nCT/nCT744.jpg,nCT,0,744,56
/content/data/Preprocessed CT scans/nCT/nCT3703.jpg,nCT,0,3703,386
/content/data/Preprocessed CT scans/nCT/nCT3201.jpg,nCT,0,3201,93
/content/data/Preprocessed CT scans/nCT/nCT5062.jpg,nCT,0,5062,346
/content/data/Preprocessed CT scans/nCT/nCT4208.jpg,nCT,0,4208,334
/content/data/Preprocessed CT scans/nCT/nCT343.jpg,nCT,0,343,34
/content/data/Preprocessed CT scans/nCT/nCT1181.jpg,nCT,0,1181,275
/content/data/Preprocessed CT scans/nCT/nCT8395.jpg,nCT,0,8395,149
/content/data/Preprocessed CT scans/nCT/nCT3644.jpg,nCT,0,3644,298
/content/data/Preprocessed CT scans/nCT/nCT1326.jpg,nCT,0,1326,56
/content/data/Preprocessed CT scans/nCT/nCT8307.jpg,nCT,0,8307,28
/content/data/Preprocessed CT scans/nCT/nCT7987.jpg,nCT,0,7987,253
/content/data/Preprocessed CT scans/nCT/nCT5630.jpg,nCT,0,5630,162
/content/data/Preprocessed CT scans/nCT/nCT1532.jpg,nCT,0,1532,367
/content/data/Preprocessed CT scans/nCT/nCT5257.jpg,nCT,0,5257,272
/content/data/Preprocessed CT scans/nCT/nCT6245.jpg,nCT,0,6245,21
/content/data/Preprocessed CT scans/nCT/nCT8229.jpg,nCT,0,8229,314
/content/data/Preprocessed CT scans/nCT/nCT8430.jpg,nCT,0,8430,70
/content/data/Preprocessed CT scans/nCT/nCT3952.jpg,nCT,0,3952,100
/content/data/Preprocessed CT scans/nCT/nCT965.jpg,nCT,0,965,249
/content/data/Preprocessed CT scans/nCT/nCT5067.jpg,nCT,0,5067,386
/content/data/Preprocessed CT scans/nCT/nCT2491.jpg,nCT,0,2491,81
/content/data/Preprocessed CT scans/nCT/nCT7821.jpg,nCT,0,7821,92
/content/data/Preprocessed CT scans/nCT/nCT5849.jpg,nCT,0,5849,96
/content/data/Preprocessed CT scans/nCT/nCT1424.jpg,nCT,0,1424,275
/content/data/Preprocessed CT scans/nCT/nCT1318.jpg,nCT,0,1318,304
/content/data/Preprocessed CT scans/nCT/nCT2849.jpg,nCT,0,2849,98
/content/data/Preprocessed CT scans/nCT/nCT8702.jpg,nCT,0,8702,255
/content/data/Preprocessed CT scans/nCT/nCT3108.jpg,nCT,0,3108,318
/content/data/Preprocessed CT scans/nCT/nCT2494.jpg,nCT,0,2494,79
/content/data/Preprocessed CT scans/nCT/nCT3269.jpg,nCT,0,3269,68
/content/data/Preprocessed CT scans/nCT/nCT8406.jpg,nCT,0,8406,92
/content/data/Preprocessed CT scans/nCT/nCT542.jpg,nCT,0,542,56
/content/data/Preprocessed CT scans/nCT/nCT9103.jpg,nCT,0,9103,247
/content/data/Preprocessed CT scans/nCT/nCT8390.jpg,nCT,0,8390,149
/content/data/Preprocessed CT scans/nCT/nCT9702.jpg,nCT,0,9702,267
/content/data/Preprocessed CT scans/nCT/nCT8343.jpg,nCT,0,8343,164
/content/data/Preprocessed CT scans/nCT/nCT6493.jpg,nCT,0,6493,96
/content/data/Preprocessed CT scans/nCT/nCT3131.jpg,nCT,0,3131,25
/content/data/Preprocessed CT scans/nCT/nCT6155.jpg,nCT,0,6155,2
/content/data/Preprocessed CT scans/nCT/nCT8679.jpg,nCT,0,8679,361
/content/data/Preprocessed CT scans/nCT/nCT3492.jpg,nCT,0,3492,112
/content/data/Preprocessed CT scans/nCT/nCT9711.jpg,nCT,0,9711,267
/content/data/Preprocessed CT scans/nCT/nCT9599.jpg,nCT,0,9599,222
/content/data/Preprocessed CT scans/nCT/nCT1506.jpg,nCT,0,1506,304
/content/data/Preprocessed CT scans/nCT/nCT9762.jpg,nCT,0,9762,203
/content/data/Preprocessed CT scans/nCT/nCT7125.jpg,nCT,0,7125,339
/content/data/Preprocessed CT scans/nCT/nCT1148.jpg,nCT,0,1148,193
/content/data/Preprocessed CT scans/nCT/nCT3451.jpg,nCT,0,3451,339
/content/data/Preprocessed CT scans/nCT/nCT1834.jpg,nCT,0,1834,143
/content/data/Preprocessed CT scans/nCT/nCT9787.jpg,nCT,0,9787,3
/content/data/Preprocessed CT scans/nCT/nCT1223.jpg,nCT,0,1223,193
/content/data/Preprocessed CT scans/nCT/nCT7531.jpg,nCT,0,7531,75
/content/data/Preprocessed CT scans/nCT/nCT4762.jpg,nCT,0,4762,261
/content/data/Preprocessed CT scans/nCT/nCT4272.jpg,nCT,0,4272,390
/content/data/Preprocessed CT scans/nCT/nCT5602.jpg,nCT,0,5602,357
/content/data/Preprocessed CT scans/nCT/nCT4461.jpg,nCT,0,4461,217
/content/data/Preprocessed CT scans/nCT/nCT8706.jpg,nCT,0,8706,255
/content/data/Preprocessed CT scans/nCT/nCT8305.jpg,nCT,0,8305,28
/content/data/Preprocessed CT scans/nCT/nCT2200.jpg,nCT,0,2200,252
/content/data/Preprocessed CT scans/nCT/nCT2416.jpg,nCT,0,2416,269
/content/data/Preprocessed CT scans/nCT/nCT9739.jpg,nCT,0,9739,38
/content/data/Preprocessed CT scans/nCT/nCT6348.jpg,nCT,0,6348,2
/content/data/Preprocessed CT scans/nCT/nCT1548.jpg,nCT,0,1548,304
/content/data/Preprocessed CT scans/nCT/nCT6138.jpg,nCT,0,6138,390
/content/data/Preprocessed CT scans/nCT/nCT4774.jpg,nCT,0,4774,334
/content/data/Preprocessed CT scans/nCT/nCT2375.jpg,nCT,0,2375,282
/content/data/Preprocessed CT scans/nCT/nCT7891.jpg,nCT,0,7891,241
/content/data/Preprocessed CT scans/nCT/nCT7391.jpg,nCT,0,7391,91
/content/data/Preprocessed CT scans/nCT/nCT7841.jpg,nCT,0,7841,391
/content/data/Preprocessed CT scans/nCT/nCT2959.jpg,nCT,0,2959,298
/content/data/Preprocessed CT scans/nCT/nCT8572.jpg,nCT,0,8572,188
/content/data/Preprocessed CT scans/nCT/nCT2016.jpg,nCT,0,2016,14
/content/data/Preprocessed CT scans/nCT/nCT584.jpg,nCT,0,584,261
/content/data/Preprocessed CT scans/nCT/nCT4418.jpg,nCT,0,4418,109
/content/data/Preprocessed CT scans/nCT/nCT6291.jpg,nCT,0,6291,58
/content/data/Preprocessed CT scans/nCT/nCT931.jpg,nCT,0,931,56
/content/data/Preprocessed CT scans/nCT/nCT4973.jpg,nCT,0,4973,236
/content/data/Preprocessed CT scans/nCT/nCT5599.jpg,nCT,0,5599,250
/content/data/Preprocessed CT scans/nCT/nCT9300.jpg,nCT,0,9300,292
/content/data/Preprocessed CT scans/nCT/nCT1458.jpg,nCT,0,1458,208
/content/data/Preprocessed CT scans/nCT/nCT8931.jpg,nCT,0,8931,11
/content/data/Preprocessed CT scans/nCT/nCT3790.jpg,nCT,0,3790,47
/content/data/Preprocessed CT scans/nCT/nCT6980.jpg,nCT,0,6980,22
/content/data/Preprocessed CT scans/nCT/nCT621.jpg,nCT,0,621,231
/content/data/Preprocessed CT scans/nCT/nCT4579.jpg,nCT,0,4579,197
/content/data/Preprocessed CT scans/nCT/nCT8313.jpg,nCT,0,8313,164
/content/data/Preprocessed CT scans/nCT/nCT6750.jpg,nCT,0,6750,236
/content/data/Preprocessed CT scans/nCT/nCT7535.jpg,nCT,0,7535,167
/content/data/Preprocessed CT scans/nCT/nCT4469.jpg,nCT,0,4469,174
/content/data/Preprocessed CT scans/nCT/nCT4711.jpg,nCT,0,4711,101
/content/data/Preprocessed CT scans/nCT/nCT7390.jpg,nCT,0,7390,339
/content/data/Preprocessed CT scans/nCT/nCT7115.jpg,nCT,0,7115,172
/content/data/Preprocessed CT scans/nCT/nCT8257.jpg,nCT,0,8257,41
/content/data/Preprocessed CT scans/nCT/nCT875.jpg,nCT,0,875,58
/content/data/Preprocessed CT scans/nCT/nCT6654.jpg,nCT,0,6654,230
/content/data/Preprocessed CT scans/nCT/nCT2742.jpg,nCT,0,2742,91
/content/data/Preprocessed CT scans/nCT/nCT5344.jpg,nCT,0,5344,208
/content/data/Preprocessed CT scans/nCT/nCT1789.jpg,nCT,0,1789,234
/content/data/Preprocessed CT scans/nCT/nCT6671.jpg,nCT,0,6671,339
/content/data/Preprocessed CT scans/nCT/nCT6094.jpg,nCT,0,6094,209
/content/data/Preprocessed CT scans/nCT/nCT4767.jpg,nCT,0,4767,197
/content/data/Preprocessed CT scans/nCT/nCT5089.jpg,nCT,0,5089,42
/content/data/Preprocessed CT scans/nCT/nCT7222.jpg,nCT,0,7222,34
/content/data/Preprocessed CT scans/nCT/nCT3503.jpg,nCT,0,3503,316
/content/data/Preprocessed CT scans/nCT/nCT2123.jpg,nCT,0,2123,323
/content/data/Preprocessed CT scans/nCT/nCT1569.jpg,nCT,0,1569,208
/content/data/Preprocessed CT scans/nCT/nCT9251.jpg,nCT,0,9251,332
/content/data/Preprocessed CT scans/nCT/nCT6191.jpg,nCT,0,6191,393
/content/data/Preprocessed CT scans/nCT/nCT3278.jpg,nCT,0,3278,75
/content/data/Preprocessed CT scans/nCT/nCT8169.jpg,nCT,0,8169,380
/content/data/Preprocessed CT scans/nCT/nCT7110.jpg,nCT,0,7110,98
/content/data/Preprocessed CT scans/nCT/nCT4504.jpg,nCT,0,4504,22
/content/data/Preprocessed CT scans/nCT/nCT5167.jpg,nCT,0,5167,250
/content/data/Preprocessed CT scans/nCT/nCT2464.jpg,nCT,0,2464,306
/content/data/Preprocessed CT scans/nCT/nCT7092.jpg,nCT,0,7092,167
/content/data/Preprocessed CT scans/nCT/nCT6470.jpg,nCT,0,6470,173
/content/data/Preprocessed CT scans/nCT/nCT1923.jpg,nCT,0,1923,136
/content/data/Preprocessed CT scans/nCT/nCT8623.jpg,nCT,0,8623,19
/content/data/Preprocessed CT scans/nCT/nCT4371.jpg,nCT,0,4371,172
/content/data/Preprocessed CT scans/nCT/nCT6430.jpg,nCT,0,6430,293
/content/data/Preprocessed CT scans/nCT/nCT5706.jpg,nCT,0,5706,357
/content/data/Preprocessed CT scans/nCT/nCT320.jpg,nCT,0,320,129
/content/data/Preprocessed CT scans/nCT/nCT5096.jpg,nCT,0,5096,80
/content/data/Preprocessed CT scans/nCT/nCT6509.jpg,nCT,0,6509,34
/content/data/Preprocessed CT scans/nCT/nCT8443.jpg,nCT,0,8443,182
/content/data/Preprocessed CT scans/nCT/nCT9616.jpg,nCT,0,9616,365
/content/data/Preprocessed CT scans/nCT/nCT5840.jpg,nCT,0,5840,234
/content/data/Preprocessed CT scans/nCT/nCT1156.jpg,nCT,0,1156,275
/content/data/Preprocessed CT scans/nCT/nCT7678.jpg,nCT,0,7678,241
/content/data/Preprocessed CT scans/nCT/nCT6929.jpg,nCT,0,6929,21
/content/data/Preprocessed CT scans/nCT/nCT4825.jpg,nCT,0,4825,195
/content/data/Preprocessed CT scans/nCT/nCT176.jpg,nCT,0,176,145
/content/data/Preprocessed CT scans/nCT/nCT5509.jpg,nCT,0,5509,208
/content/data/Preprocessed CT scans/nCT/nCT7991.jpg,nCT,0,7991,253
/content/data/Preprocessed CT scans/nCT/nCT891.jpg,nCT,0,891,231
/content/data/Preprocessed CT scans/nCT/nCT9741.jpg,nCT,0,9741,38
/content/data/Preprocessed CT scans/nCT/nCT9351.jpg,nCT,0,9351,179
/content/data/Preprocessed CT scans/nCT/nCT6226.jpg,nCT,0,6226,252
/content/data/Preprocessed CT scans/nCT/nCT4424.jpg,nCT,0,4424,271
/content/data/Preprocessed CT scans/nCT/nCT9832.jpg,nCT,0,9832,256
/content/data/Preprocessed CT scans/nCT/nCT3103.jpg,nCT,0,3103,68
/content/data/Preprocessed CT scans/nCT/nCT5815.jpg,nCT,0,5815,390
/content/data/Preprocessed CT scans/nCT/nCT9095.jpg,nCT,0,9095,373
/content/data/Preprocessed CT scans/nCT/nCT2846.jpg,nCT,0,2846,234
/content/data/Preprocessed CT scans/nCT/nCT2992.jpg,nCT,0,2992,275
/content/data/Preprocessed CT scans/nCT/nCT978.jpg,nCT,0,978,47
/content/data/Preprocessed CT scans/nCT/nCT9758.jpg,nCT,0,9758,203
/content/data/Preprocessed CT scans/nCT/nCT2071.jpg,nCT,0,2071,81
/content/data/Preprocessed CT scans/nCT/nCT5042.jpg,nCT,0,5042,109
/content/data/Preprocessed CT scans/nCT/nCT8255.jpg,nCT,0,8255,41
/content/data/Preprocessed CT scans/nCT/nCT7080.jpg,nCT,0,7080,75
/content/data/Preprocessed CT scans/nCT/nCT1401.jpg,nCT,0,1401,275
/content/data/Preprocessed CT scans/nCT/nCT6751.jpg,nCT,0,6751,291
/content/data/Preprocessed CT scans/nCT/nCT814.jpg,nCT,0,814,58
/content/data/Preprocessed CT scans/nCT/nCT5737.jpg,nCT,0,5737,204
/content/data/Preprocessed CT scans/nCT/nCT8146.jpg,nCT,0,8146,190
/content/data/Preprocessed CT scans/nCT/nCT5422.jpg,nCT,0,5422,80
/content/data/Preprocessed CT scans/nCT/nCT2622.jpg,nCT,0,2622,142
/content/data/Preprocessed CT scans/nCT/nCT5830.jpg,nCT,0,5830,197
/content/data/Preprocessed CT scans/nCT/nCT1979.jpg,nCT,0,1979,143
/content/data/Preprocessed CT scans/nCT/nCT2358.jpg,nCT,0,2358,347
/content/data/Preprocessed CT scans/nCT/nCT9710.jpg,nCT,0,9710,267
/content/data/Preprocessed CT scans/nCT/nCT7477.jpg,nCT,0,7477,386
/content/data/Preprocessed CT scans/nCT/nCT7803.jpg,nCT,0,7803,149
/content/data/Preprocessed CT scans/nCT/nCT5126.jpg,nCT,0,5126,355
/content/data/Preprocessed CT scans/nCT/nCT9548.jpg,nCT,0,9548,11
/content/data/Preprocessed CT scans/nCT/nCT5960.jpg,nCT,0,5960,230
/content/data/Preprocessed CT scans/nCT/nCT8036.jpg,nCT,0,8036,70
/content/data/Preprocessed CT scans/nCT/nCT1137.jpg,nCT,0,1137,93
/content/data/Preprocessed CT scans/nCT/nCT4525.jpg,nCT,0,4525,98
/content/data/Preprocessed CT scans/nCT/nCT7407.jpg,nCT,0,7407,60
/content/data/Preprocessed CT scans/nCT/nCT2649.jpg,nCT,0,2649,206
/content/data/Preprocessed CT scans/nCT/nCT7363.jpg,nCT,0,7363,108
/content/data/Preprocessed CT scans/nCT/nCT9269.jpg,nCT,0,9269,61
/content/data/Preprocessed CT scans/nCT/nCT728.jpg,nCT,0,728,320
/content/data/Preprocessed CT scans/nCT/nCT3705.jpg,nCT,0,3705,276
/content/data/Preprocessed CT scans/nCT/nCT723.jpg,nCT,0,723,334
/content/data/Preprocessed CT scans/nCT/nCT668.jpg,nCT,0,668,120
/content/data/Preprocessed CT scans/nCT/nCT4862.jpg,nCT,0,4862,156
/content/data/Preprocessed CT scans/nCT/nCT8869.jpg,nCT,0,8869,192
/content/data/Preprocessed CT scans/nCT/nCT1943.jpg,nCT,0,1943,211
/content/data/Preprocessed CT scans/nCT/nCT4835.jpg,nCT,0,4835,333
/content/data/Preprocessed CT scans/nCT/nCT7470.jpg,nCT,0,7470,316
/content/data/Preprocessed CT scans/nCT/nCT1585.jpg,nCT,0,1585,268
/content/data/Preprocessed CT scans/nCT/nCT738.jpg,nCT,0,738,351
/content/data/Preprocessed CT scans/nCT/nCT268.jpg,nCT,0,268,392
/content/data/Preprocessed CT scans/nCT/nCT825.jpg,nCT,0,825,345
/content/data/Preprocessed CT scans/nCT/nCT6254.jpg,nCT,0,6254,195
/content/data/Preprocessed CT scans/nCT/nCT5111.jpg,nCT,0,5111,98
/content/data/Preprocessed CT scans/nCT/nCT7687.jpg,nCT,0,7687,241
/content/data/Preprocessed CT scans/nCT/nCT3947.jpg,nCT,0,3947,233
/content/data/Preprocessed CT scans/nCT/nCT6830.jpg,nCT,0,6830,108
/content/data/Preprocessed CT scans/nCT/nCT5228.jpg,nCT,0,5228,141
/content/data/Preprocessed CT scans/nCT/nCT5774.jpg,nCT,0,5774,102
/content/data/Preprocessed CT scans/nCT/nCT196.jpg,nCT,0,196,236
/content/data/Preprocessed CT scans/nCT/nCT9653.jpg,nCT,0,9653,241
/content/data/Preprocessed CT scans/nCT/nCT8426.jpg,nCT,0,8426,149
/content/data/Preprocessed CT scans/nCT/nCT562.jpg,nCT,0,562,217
/content/data/Preprocessed CT scans/nCT/nCT9165.jpg,nCT,0,9165,222
/content/data/Preprocessed CT scans/nCT/nCT5835.jpg,nCT,0,5835,393
/content/data/Preprocessed CT scans/nCT/nCT8636.jpg,nCT,0,8636,19
/content/data/Preprocessed CT scans/nCT/nCT7331.jpg,nCT,0,7331,91
/content/data/Preprocessed CT scans/nCT/nCT8354.jpg,nCT,0,8354,137
/content/data/Preprocessed CT scans/nCT/nCT2602.jpg,nCT,0,2602,4
/content/data/Preprocessed CT scans/nCT/nCT9610.jpg,nCT,0,9610,3
/content/data/Preprocessed CT scans/nCT/nCT7840.jpg,nCT,0,7840,391
/content/data/Preprocessed CT scans/nCT/nCT8297.jpg,nCT,0,8297,28
/content/data/Preprocessed CT scans/nCT/nCT5244.jpg,nCT,0,5244,167
/content/data/Preprocessed CT scans/nCT/nCT6301.jpg,nCT,0,6301,195
/content/data/Preprocessed CT scans/nCT/nCT1183.jpg,nCT,0,1183,249
/content/data/Preprocessed CT scans/nCT/nCT8174.jpg,nCT,0,8174,380
/content/data/Preprocessed CT scans/nCT/nCT8149.jpg,nCT,0,8149,190
/content/data/Preprocessed CT scans/nCT/nCT1751.jpg,nCT,0,1751,214
/content/data/Preprocessed CT scans/nCT/nCT7332.jpg,nCT,0,7332,329
/content/data/Preprocessed CT scans/nCT/nCT1533.jpg,nCT,0,1533,62
/content/data/Preprocessed CT scans/nCT/nCT1008.jpg,nCT,0,1008,120
/content/data/Preprocessed CT scans/nCT/nCT1046.jpg,nCT,0,1046,186
/content/data/Preprocessed CT scans/nCT/nCT2917.jpg,nCT,0,2917,197
/content/data/Preprocessed CT scans/nCT/nCT8872.jpg,nCT,0,8872,150
/content/data/Preprocessed CT scans/nCT/nCT8653.jpg,nCT,0,8653,247
/content/data/Preprocessed CT scans/nCT/nCT6888.jpg,nCT,0,6888,217
/content/data/Preprocessed CT scans/nCT/nCT2289.jpg,nCT,0,2289,269
/content/data/Preprocessed CT scans/nCT/nCT2914.jpg,nCT,0,2914,25
/content/data/Preprocessed CT scans/nCT/nCT8916.jpg,nCT,0,8916,373
/content/data/Preprocessed CT scans/nCT/nCT8403.jpg,nCT,0,8403,92
/content/data/Preprocessed CT scans/nCT/nCT5679.jpg,nCT,0,5679,173
/content/data/Preprocessed CT scans/nCT/nCT3869.jpg,nCT,0,3869,204
/content/data/Preprocessed CT scans/nCT/nCT4520.jpg,nCT,0,4520,100
/content/data/Preprocessed CT scans/nCT/nCT1306.jpg,nCT,0,1306,249
/content/data/Preprocessed CT scans/nCT/nCT5069.jpg,nCT,0,5069,98
/content/data/Preprocessed CT scans/nCT/nCT6144.jpg,nCT,0,6144,162
/content/data/Preprocessed CT scans/nCT/nCT4294.jpg,nCT,0,4294,96
/content/data/Preprocessed CT scans/nCT/nCT345.jpg,nCT,0,345,316
/content/data/Preprocessed CT scans/nCT/nCT7474.jpg,nCT,0,7474,185
/content/data/Preprocessed CT scans/nCT/nCT3780.jpg,nCT,0,3780,100
/content/data/Preprocessed CT scans/nCT/nCT7649.jpg,nCT,0,7649,41
/content/data/Preprocessed CT scans/nCT/nCT3043.jpg,nCT,0,3043,316
/content/data/Preprocessed CT scans/nCT/nCT4006.jpg,nCT,0,4006,233
/content/data/Preprocessed CT scans/nCT/nCT2789.jpg,nCT,0,2789,350
/content/data/Preprocessed CT scans/nCT/nCT9307.jpg,nCT,0,9307,292
/content/data/Preprocessed CT scans/nCT/nCT7615.jpg,nCT,0,7615,167
/content/data/Preprocessed CT scans/nCT/nCT8590.jpg,nCT,0,8590,255
/content/data/Preprocessed CT scans/nCT/nCT490.jpg,nCT,0,490,333
/content/data/Preprocessed CT scans/nCT/nCT8187.jpg,nCT,0,8187,30
/content/data/Preprocessed CT scans/nCT/nCT13.jpg,nCT,0,13,22
/content/data/Preprocessed CT scans/nCT/nCT7480.jpg,nCT,0,7480,75
/content/data/Preprocessed CT scans/nCT/nCT3366.jpg,nCT,0,3366,25
/content/data/Preprocessed CT scans/nCT/nCT5999.jpg,nCT,0,5999,204
/content/data/Preprocessed CT scans/nCT/nCT4534.jpg,nCT,0,4534,101
/content/data/Preprocessed CT scans/nCT/nCT2759.jpg,nCT,0,2759,112
/content/data/Preprocessed CT scans/nCT/nCT312.jpg,nCT,0,312,14
/content/data/Preprocessed CT scans/nCT/nCT8438.jpg,nCT,0,8438,182
/content/data/Preprocessed CT scans/nCT/nCT9089.jpg,nCT,0,9089,387
/content/data/Preprocessed CT scans/nCT/nCT6603.jpg,nCT,0,6603,308
/content/data/Preprocessed CT scans/nCT/nCT3713.jpg,nCT,0,3713,233
/content/data/Preprocessed CT scans/nCT/nCT9971.jpg,nCT,0,9971,120
/content/data/Preprocessed CT scans/nCT/nCT2171.jpg,nCT,0,2171,79
/content/data/Preprocessed CT scans/nCT/nCT8557.jpg,nCT,0,8557,52
/content/data/Preprocessed CT scans/nCT/nCT2286.jpg,nCT,0,2286,141
/content/data/Preprocessed CT scans/nCT/nCT475.jpg,nCT,0,475,72
/content/data/Preprocessed CT scans/nCT/nCT7735.jpg,nCT,0,7735,160
/content/data/Preprocessed CT scans/nCT/nCT8620.jpg,nCT,0,8620,19
/content/data/Preprocessed CT scans/nCT/nCT4626.jpg,nCT,0,4626,22
/content/data/Preprocessed CT scans/nCT/nCT8780.jpg,nCT,0,8780,255
/content/data/Preprocessed CT scans/nCT/nCT5303.jpg,nCT,0,5303,393
/content/data/Preprocessed CT scans/nCT/nCT9803.jpg,nCT,0,9803,188
/content/data/Preprocessed CT scans/nCT/nCT4336.jpg,nCT,0,4336,91
/content/data/Preprocessed CT scans/nCT/nCT2938.jpg,nCT,0,2938,132
/content/data/Preprocessed CT scans/nCT/nCT893.jpg,nCT,0,893,120
/content/data/Preprocessed CT scans/nCT/nCT9236.jpg,nCT,0,9236,332
/content/data/Preprocessed CT scans/nCT/nCT3049.jpg,nCT,0,3049,96
/content/data/Preprocessed CT scans/nCT/nCT6619.jpg,nCT,0,6619,101
/content/data/Preprocessed CT scans/nCT/nCT6513.jpg,nCT,0,6513,105
/content/data/Preprocessed CT scans/nCT/nCT3832.jpg,nCT,0,3832,100
/content/data/Preprocessed CT scans/nCT/nCT1084.jpg,nCT,0,1084,254
/content/data/Preprocessed CT scans/nCT/nCT8854.jpg,nCT,0,8854,135
/content/data/Preprocessed CT scans/nCT/nCT2251.jpg,nCT,0,2251,79
/content/data/Preprocessed CT scans/nCT/nCT4401.jpg,nCT,0,4401,235
/content/data/Preprocessed CT scans/nCT/nCT7127.jpg,nCT,0,7127,167
/content/data/Preprocessed CT scans/nCT/nCT1384.jpg,nCT,0,1384,45
/content/data/Preprocessed CT scans/nCT/nCT6705.jpg,nCT,0,6705,334
/content/data/Preprocessed CT scans/nCT/nCT5689.jpg,nCT,0,5689,109
/content/data/Preprocessed CT scans/nCT/nCT6425.jpg,nCT,0,6425,234
/content/data/Preprocessed CT scans/nCT/nCT4310.jpg,nCT,0,4310,110
/content/data/Preprocessed CT scans/nCT/nCT4554.jpg,nCT,0,4554,80
/content/data/Preprocessed CT scans/nCT/nCT9698.jpg,nCT,0,9698,373
/content/data/Preprocessed CT scans/nCT/nCT1342.jpg,nCT,0,1342,335
/content/data/Preprocessed CT scans/nCT/nCT4950.jpg,nCT,0,4950,209
/content/data/Preprocessed CT scans/nCT/nCT5800.jpg,nCT,0,5800,58
/content/data/Preprocessed CT scans/nCT/nCT1039.jpg,nCT,0,1039,193
/content/data/Preprocessed CT scans/nCT/nCT3534.jpg,nCT,0,3534,98
/content/data/Preprocessed CT scans/nCT/nCT8664.jpg,nCT,0,8664,121
/content/data/Preprocessed CT scans/nCT/nCT4105.jpg,nCT,0,4105,305
/content/data/Preprocessed CT scans/nCT/nCT429.jpg,nCT,0,429,23
/content/data/Preprocessed CT scans/nCT/nCT6473.jpg,nCT,0,6473,101
/content/data/Preprocessed CT scans/nCT/nCT4717.jpg,nCT,0,4717,335
/content/data/Preprocessed CT scans/nCT/nCT7778.jpg,nCT,0,7778,149
/content/data/Preprocessed CT scans/nCT/nCT9505.jpg,nCT,0,9505,171
/content/data/Preprocessed CT scans/nCT/nCT2392.jpg,nCT,0,2392,81
/content/data/Preprocessed CT scans/nCT/nCT8490.jpg,nCT,0,8490,253
/content/data/Preprocessed CT scans/nCT/nCT2010.jpg,nCT,0,2010,136
/content/data/Preprocessed CT scans/nCT/nCT8370.jpg,nCT,0,8370,137
/content/data/Preprocessed CT scans/nCT/nCT3062.jpg,nCT,0,3062,96
/content/data/Preprocessed CT scans/nCT/nCT2741.jpg,nCT,0,2741,339
/content/data/Preprocessed CT scans/nCT/nCT8628.jpg,nCT,0,8628,19
/content/data/Preprocessed CT scans/nCT/nCT6115.jpg,nCT,0,6115,110
/content/data/Preprocessed CT scans/nCT/nCT9239.jpg,nCT,0,9239,332
/content/data/Preprocessed CT scans/nCT/nCT8387.jpg,nCT,0,8387,149
/content/data/Preprocessed CT scans/nCT/nCT9441.jpg,nCT,0,9441,41
/content/data/Preprocessed CT scans/nCT/nCT8046.jpg,nCT,0,8046,182
/content/data/Preprocessed CT scans/nCT/nCT6024.jpg,nCT,0,6024,142
/content/data/Preprocessed CT scans/nCT/nCT2776.jpg,nCT,0,2776,331
/content/data/Preprocessed CT scans/nCT/nCT1056.jpg,nCT,0,1056,320
/content/data/Preprocessed CT scans/nCT/nCT3728.jpg,nCT,0,3728,120
/content/data/Preprocessed CT scans/nCT/nCT4150.jpg,nCT,0,4150,233
/content/data/Preprocessed CT scans/nCT/nCT9044.jpg,nCT,0,9044,256
/content/data/Preprocessed CT scans/nCT/nCT5718.jpg,nCT,0,5718,17
/content/data/Preprocessed CT scans/nCT/nCT4288.jpg,nCT,0,4288,195
/content/data/Preprocessed CT scans/nCT/nCT2428.jpg,nCT,0,2428,341
/content/data/Preprocessed CT scans/nCT/nCT2186.jpg,nCT,0,2186,141
/content/data/Preprocessed CT scans/nCT/nCT4266.jpg,nCT,0,4266,60
/content/data/Preprocessed CT scans/nCT/nCT3899.jpg,nCT,0,3899,386
/content/data/Preprocessed CT scans/nCT/nCT341.jpg,nCT,0,341,58
/content/data/Preprocessed CT scans/nCT/nCT3747.jpg,nCT,0,3747,271
/content/data/Preprocessed CT scans/nCT/nCT8641.jpg,nCT,0,8641,19
/content/data/Preprocessed CT scans/nCT/nCT7948.jpg,nCT,0,7948,242
/content/data/Preprocessed CT scans/nCT/nCT8050.jpg,nCT,0,8050,182
/content/data/Preprocessed CT scans/nCT/nCT7131.jpg,nCT,0,7131,167
/content/data/Preprocessed CT scans/nCT/nCT6784.jpg,nCT,0,6784,108
/content/data/Preprocessed CT scans/nCT/nCT570.jpg,nCT,0,570,105
/content/data/Preprocessed CT scans/nCT/nCT1697.jpg,nCT,0,1697,208
/content/data/Preprocessed CT scans/nCT/nCT2022.jpg,nCT,0,2022,224
/content/data/Preprocessed CT scans/nCT/nCT3635.jpg,nCT,0,3635,271
/content/data/Preprocessed CT scans/nCT/nCT5358.jpg,nCT,0,5358,393
/content/data/Preprocessed CT scans/nCT/nCT4650.jpg,nCT,0,4650,300
/content/data/Preprocessed CT scans/nCT/nCT2902.jpg,nCT,0,2902,234
/content/data/Preprocessed CT scans/nCT/nCT6228.jpg,nCT,0,6228,133
/content/data/Preprocessed CT scans/nCT/nCT5045.jpg,nCT,0,5045,252
/content/data/Preprocessed CT scans/nCT/nCT3306.jpg,nCT,0,3306,331
/content/data/Preprocessed CT scans/nCT/nCT8437.jpg,nCT,0,8437,182
/content/data/Preprocessed CT scans/nCT/nCT8488.jpg,nCT,0,8488,253
/content/data/Preprocessed CT scans/nCT/nCT2894.jpg,nCT,0,2894,60
/content/data/Preprocessed CT scans/nCT/nCT9976.jpg,nCT,0,9976,158
/content/data/Preprocessed CT scans/nCT/nCT3582.jpg,nCT,0,3582,261
/content/data/Preprocessed CT scans/nCT/nCT5342.jpg,nCT,0,5342,355
/content/data/Preprocessed CT scans/nCT/nCT5891.jpg,nCT,0,5891,334
/content/data/Preprocessed CT scans/nCT/nCT3376.jpg,nCT,0,3376,96
/content/data/Preprocessed CT scans/nCT/nCT4395.jpg,nCT,0,4395,47
/content/data/Preprocessed CT scans/nCT/nCT8382.jpg,nCT,0,8382,137
/content/data/Preprocessed CT scans/nCT/nCT8874.jpg,nCT,0,8874,150
/content/data/Preprocessed CT scans/nCT/nCT3431.jpg,nCT,0,3431,291
/content/data/Preprocessed CT scans/nCT/nCT3078.jpg,nCT,0,3078,112
/content/data/Preprocessed CT scans/nCT/nCT6139.jpg,nCT,0,6139,334
/content/data/Preprocessed CT scans/nCT/nCT6178.jpg,nCT,0,6178,252
/content/data/Preprocessed CT scans/nCT/nCT6084.jpg,nCT,0,6084,399
/content/data/Preprocessed CT scans/nCT/nCT5426.jpg,nCT,0,5426,224
/content/data/Preprocessed CT scans/nCT/nCT6196.jpg,nCT,0,6196,58
/content/data/Preprocessed CT scans/nCT/nCT4638.jpg,nCT,0,4638,209
/content/data/Preprocessed CT scans/nCT/nCT3696.jpg,nCT,0,3696,96
/content/data/Preprocessed CT scans/nCT/nCT6614.jpg,nCT,0,6614,58
/content/data/Preprocessed CT scans/nCT/nCT8647.jpg,nCT,0,8647,121
/content/data/Preprocessed CT scans/nCT/nCT3236.jpg,nCT,0,3236,277
/content/data/Preprocessed CT scans/nCT/nCT7467.jpg,nCT,0,7467,25
/content/data/Preprocessed CT scans/nCT/nCT8668.jpg,nCT,0,8668,121
/content/data/Preprocessed CT scans/nCT/nCT9763.jpg,nCT,0,9763,203
/content/data/Preprocessed CT scans/nCT/nCT4715.jpg,nCT,0,4715,60
/content/data/Preprocessed CT scans/nCT/nCT4732.jpg,nCT,0,4732,80
/content/data/Preprocessed CT scans/nCT/nCT5809.jpg,nCT,0,5809,304
/content/data/Preprocessed CT scans/nCT/nCT7478.jpg,nCT,0,7478,339
/content/data/Preprocessed CT scans/nCT/nCT1059.jpg,nCT,0,1059,208
/content/data/Preprocessed CT scans/nCT/nCT8734.jpg,nCT,0,8734,19
/content/data/Preprocessed CT scans/nCT/nCT1077.jpg,nCT,0,1077,249
/content/data/Preprocessed CT scans/nCT/nCT2000.jpg,nCT,0,2000,144
/content/data/Preprocessed CT scans/nCT/nCT2457.jpg,nCT,0,2457,306
/content/data/Preprocessed CT scans/nCT/nCT9719.jpg,nCT,0,9719,192
/content/data/Preprocessed CT scans/nCT/nCT4736.jpg,nCT,0,4736,261
/content/data/Preprocessed CT scans/nCT/nCT3289.jpg,nCT,0,3289,300
/content/data/Preprocessed CT scans/nCT/nCT9706.jpg,nCT,0,9706,267
/content/data/Preprocessed CT scans/nCT/nCT1178.jpg,nCT,0,1178,56
/content/data/Preprocessed CT scans/nCT/nCT657.jpg,nCT,0,657,22
/content/data/Preprocessed CT scans/nCT/nCT6879.jpg,nCT,0,6879,230
/content/data/Preprocessed CT scans/nCT/nCT4966.jpg,nCT,0,4966,130
/content/data/Preprocessed CT scans/nCT/nCT3491.jpg,nCT,0,3491,132
/content/data/Preprocessed CT scans/nCT/nCT895.jpg,nCT,0,895,351
/content/data/Preprocessed CT scans/nCT/nCT1817.jpg,nCT,0,1817,62
/content/data/Preprocessed CT scans/nCT/nCT3921.jpg,nCT,0,3921,284
/content/data/Preprocessed CT scans/nCT/nCT9247.jpg,nCT,0,9247,332
/content/data/Preprocessed CT scans/nCT/nCT1870.jpg,nCT,0,1870,142
/content/data/Preprocessed CT scans/nCT/nCT9123.jpg,nCT,0,9123,247
/content/data/Preprocessed CT scans/nCT/nCT5177.jpg,nCT,0,5177,386
/content/data/Preprocessed CT scans/nCT/nCT6123.jpg,nCT,0,6123,95
/content/data/Preprocessed CT scans/nCT/nCT1118.jpg,nCT,0,1118,335
/content/data/Preprocessed CT scans/nCT/nCT1208.jpg,nCT,0,1208,249
/content/data/Preprocessed CT scans/nCT/nCT2997.jpg,nCT,0,2997,108
/content/data/Preprocessed CT scans/nCT/nCT1103.jpg,nCT,0,1103,273
/content/data/Preprocessed CT scans/nCT/nCT5240.jpg,nCT,0,5240,282
/content/data/Preprocessed CT scans/nCT/nCT1650.jpg,nCT,0,1650,165
/content/data/Preprocessed CT scans/nCT/nCT537.jpg,nCT,0,537,105
/content/data/Preprocessed CT scans/nCT/nCT8453.jpg,nCT,0,8453,103
/content/data/Preprocessed CT scans/nCT/nCT5108.jpg,nCT,0,5108,204
/content/data/Preprocessed CT scans/nCT/nCT9789.jpg,nCT,0,9789,52
/content/data/Preprocessed CT scans/nCT/nCT8057.jpg,nCT,0,8057,65
/content/data/Preprocessed CT scans/nCT/nCT1807.jpg,nCT,0,1807,345
/content/data/Preprocessed CT scans/nCT/nCT4085.jpg,nCT,0,4085,91
/content/data/Preprocessed CT scans/nCT/nCT4066.jpg,nCT,0,4066,233
/content/data/Preprocessed CT scans/nCT/nCT2141.jpg,nCT,0,2141,79
/content/data/Preprocessed CT scans/nCT/nCT7213.jpg,nCT,0,7213,96
/content/data/Preprocessed CT scans/nCT/nCT4046.jpg,nCT,0,4046,173
/content/data/Preprocessed CT scans/nCT/nCT4826.jpg,nCT,0,4826,291
/content/data/Preprocessed CT scans/nCT/nCT2681.jpg,nCT,0,2681,206
/content/data/Preprocessed CT scans/nCT/nCT3275.jpg,nCT,0,3275,318
/content/data/Preprocessed CT scans/nCT/nCT9750.jpg,nCT,0,9750,286
/content/data/Preprocessed CT scans/nCT/nCT8478.jpg,nCT,0,8478,103
/content/data/Preprocessed CT scans/nCT/nCT6631.jpg,nCT,0,6631,235
/content/data/Preprocessed CT scans/nCT/nCT9564.jpg,nCT,0,9564,389
/content/data/Preprocessed CT scans/nCT/nCT4476.jpg,nCT,0,4476,101
/content/data/Preprocessed CT scans/nCT/nCT7234.jpg,nCT,0,7234,68
/content/data/Preprocessed CT scans/nCT/nCT2412.jpg,nCT,0,2412,62
/content/data/Preprocessed CT scans/nCT/nCT3608.jpg,nCT,0,3608,13
/content/data/Preprocessed CT scans/nCT/nCT4241.jpg,nCT,0,4241,80
/content/data/Preprocessed CT scans/nCT/nCT8930.jpg,nCT,0,8930,373
/content/data/Preprocessed CT scans/nCT/nCT4656.jpg,nCT,0,4656,244
/content/data/Preprocessed CT scans/nCT/nCT1133.jpg,nCT,0,1133,234
/content/data/Preprocessed CT scans/nCT/nCT6569.jpg,nCT,0,6569,217
/content/data/Preprocessed CT scans/nCT/nCT920.jpg,nCT,0,920,47
/content/data/Preprocessed CT scans/nCT/nCT8444.jpg,nCT,0,8444,182
/content/data/Preprocessed CT scans/nCT/nCT1660.jpg,nCT,0,1660,335
/content/data/Preprocessed CT scans/nCT/nCT8570.jpg,nCT,0,8570,188
/content/data/Preprocessed CT scans/nCT/nCT5728.jpg,nCT,0,5728,236
/content/data/Preprocessed CT scans/nCT/nCT897.jpg,nCT,0,897,193
/content/data/Preprocessed CT scans/nCT/nCT6664.jpg,nCT,0,6664,233
/content/data/Preprocessed CT scans/nCT/nCT5597.jpg,nCT,0,5597,209
/content/data/Preprocessed CT scans/nCT/nCT9336.jpg,nCT,0,9336,389
/content/data/Preprocessed CT scans/nCT/nCT4273.jpg,nCT,0,4273,13
/content/data/Preprocessed CT scans/nCT/nCT9590.jpg,nCT,0,9590,370
/content/data/Preprocessed CT scans/nCT/nCT5702.jpg,nCT,0,5702,250
/content/data/Preprocessed CT scans/nCT/nCT2848.jpg,nCT,0,2848,27
/content/data/Preprocessed CT scans/nCT/nCT7536.jpg,nCT,0,7536,329
/content/data/Preprocessed CT scans/nCT/nCT175.jpg,nCT,0,175,129
/content/data/Preprocessed CT scans/nCT/nCT9696.jpg,nCT,0,9696,192
/content/data/Preprocessed CT scans/nCT/nCT3467.jpg,nCT,0,3467,276
/content/data/Preprocessed CT scans/nCT/nCT5768.jpg,nCT,0,5768,133
/content/data/Preprocessed CT scans/nCT/nCT9500.jpg,nCT,0,9500,274
/content/data/Preprocessed CT scans/nCT/nCT370.jpg,nCT,0,370,72
/content/data/Preprocessed CT scans/nCT/nCT8648.jpg,nCT,0,8648,121
/content/data/Preprocessed CT scans/nCT/nCT7999.jpg,nCT,0,7999,253
/content/data/Preprocessed CT scans/nCT/nCT5612.jpg,nCT,0,5612,355
/content/data/Preprocessed CT scans/nCT/nCT7408.jpg,nCT,0,7408,112
/content/data/Preprocessed CT scans/nCT/nCT888.jpg,nCT,0,888,34
/content/data/Preprocessed CT scans/nCT/nCT9708.jpg,nCT,0,9708,267
/content/data/Preprocessed CT scans/nCT/nCT4960.jpg,nCT,0,4960,165
/content/data/Preprocessed CT scans/nCT/nCT690.jpg,nCT,0,690,22
/content/data/Preprocessed CT scans/nCT/nCT5013.jpg,nCT,0,5013,355
/content/data/Preprocessed CT scans/nCT/nCT5605.jpg,nCT,0,5605,208
/content/data/Preprocessed CT scans/nCT/nCT6641.jpg,nCT,0,6641,208
/content/data/Preprocessed CT scans/nCT/nCT2424.jpg,nCT,0,2424,79
/content/data/Preprocessed CT scans/nCT/nCT3719.jpg,nCT,0,3719,112
/content/data/Preprocessed CT scans/nCT/nCT5051.jpg,nCT,0,5051,45
/content/data/Preprocessed CT scans/nCT/nCT3154.jpg,nCT,0,3154,316
/content/data/Preprocessed CT scans/nCT/nCT9667.jpg,nCT,0,9667,243
/content/data/Preprocessed CT scans/nCT/nCT4661.jpg,nCT,0,4661,105
/content/data/Preprocessed CT scans/nCT/nCT3151.jpg,nCT,0,3151,209
/content/data/Preprocessed CT scans/nCT/nCT7359.jpg,nCT,0,7359,378
/content/data/Preprocessed CT scans/nCT/nCT7824.jpg,nCT,0,7824,70
/content/data/Preprocessed CT scans/nCT/nCT9846.jpg,nCT,0,9846,101
/content/data/Preprocessed CT scans/nCT/nCT9049.jpg,nCT,0,9049,256
/content/data/Preprocessed CT scans/nCT/nCT7231.jpg,nCT,0,7231,91
/content/data/Preprocessed CT scans/nCT/nCT1439.jpg,nCT,0,1439,40
/content/data/Preprocessed CT scans/nCT/nCT9558.jpg,nCT,0,9558,11
/content/data/Preprocessed CT scans/nCT/nCT7308.jpg,nCT,0,7308,378
/content/data/Preprocessed CT scans/nCT/nCT9592.jpg,nCT,0,9592,370
/content/data/Preprocessed CT scans/nCT/nCT3611.jpg,nCT,0,3611,25
/content/data/Preprocessed CT scans/nCT/nCT2291.jpg,nCT,0,2291,79
/content/data/Preprocessed CT scans/nCT/nCT1909.jpg,nCT,0,1909,214
/content/data/Preprocessed CT scans/nCT/nCT9600.jpg,nCT,0,9600,222
/content/data/Preprocessed CT scans/nCT/nCT8308.jpg,nCT,0,8308,164
/content/data/Preprocessed CT scans/nCT/nCT5562.jpg,nCT,0,5562,17
/content/data/Preprocessed CT scans/nCT/nCT4354.jpg,nCT,0,4354,316
/content/data/Preprocessed CT scans/nCT/nCT9193.jpg,nCT,0,9193,91
/content/data/Preprocessed CT scans/nCT/nCT5076.jpg,nCT,0,5076,102
/content/data/Preprocessed CT scans/nCT/nCT7341.jpg,nCT,0,7341,91
/content/data/Preprocessed CT scans/nCT/nCT9090.jpg,nCT,0,9090,387
/content/data/Preprocessed CT scans/nCT/nCT8420.jpg,nCT,0,8420,92
/content/data/Preprocessed CT scans/nCT/nCT5990.jpg,nCT,0,5990,393
/content/data/Preprocessed CT scans/nCT/nCT3440.jpg,nCT,0,3440,275
/content/data/Preprocessed CT scans/nCT/nCT1965.jpg,nCT,0,1965,216
/content/data/Preprocessed CT scans/nCT/nCT2119.jpg,nCT,0,2119,143
/content/data/Preprocessed CT scans/nCT/nCT1996.jpg,nCT,0,1996,230
/content/data/Preprocessed CT scans/nCT/nCT9551.jpg,nCT,0,9551,11
/content/data/Preprocessed CT scans/nCT/nCT3768.jpg,nCT,0,3768,329
/content/data/Preprocessed CT scans/nCT/nCT5691.jpg,nCT,0,5691,2
/content/data/Preprocessed CT scans/nCT/nCT7320.jpg,nCT,0,7320,13
/content/data/Preprocessed CT scans/nCT/nCT4918.jpg,nCT,0,4918,393
/content/data/Preprocessed CT scans/nCT/nCT8456.jpg,nCT,0,8456,103
/content/data/Preprocessed CT scans/nCT/nCT419.jpg,nCT,0,419,249
/content/data/Preprocessed CT scans/nCT/nCT7588.jpg,nCT,0,7588,316
/content/data/Preprocessed CT scans/nCT/nCT3245.jpg,nCT,0,3245,98
/content/data/Preprocessed CT scans/nCT/nCT6508.jpg,nCT,0,6508,102
/content/data/Preprocessed CT scans/nCT/nCT789.jpg,nCT,0,789,214
/content/data/Preprocessed CT scans/nCT/nCT5626.jpg,nCT,0,5626,105
/content/data/Preprocessed CT scans/nCT/nCT8997.jpg,nCT,0,8997,106
/content/data/Preprocessed CT scans/nCT/nCT2373.jpg,nCT,0,2373,27
/content/data/Preprocessed CT scans/nCT/nCT4669.jpg,nCT,0,4669,233
/content/data/Preprocessed CT scans/nCT/nCT8302.jpg,nCT,0,8302,28
/content/data/Preprocessed CT scans/nCT/nCT1932.jpg,nCT,0,1932,101
/content/data/Preprocessed CT scans/nCT/nCT1205.jpg,nCT,0,1205,37
/content/data/Preprocessed CT scans/nCT/nCT8264.jpg,nCT,0,8264,41
/content/data/Preprocessed CT scans/nCT/nCT5669.jpg,nCT,0,5669,102
/content/data/Preprocessed CT scans/nCT/nCT9250.jpg,nCT,0,9250,332
/content/data/Preprocessed CT scans/nCT/nCT3636.jpg,nCT,0,3636,339
/content/data/Preprocessed CT scans/nCT/nCT6642.jpg,nCT,0,6642,399
/content/data/Preprocessed CT scans/nCT/nCT2273.jpg,nCT,0,2273,27
/content/data/Preprocessed CT scans/nCT/nCT8103.jpg,nCT,0,8103,274
/content/data/Preprocessed CT scans/nCT/nCT6930.jpg,nCT,0,6930,293
/content/data/Preprocessed CT scans/nCT/nCT4975.jpg,nCT,0,4975,173
/content/data/Preprocessed CT scans/nCT/nCT2353.jpg,nCT,0,2353,27
/content/data/Preprocessed CT scans/nCT/nCT5657.jpg,nCT,0,5657,165
/content/data/Preprocessed CT scans/nCT/nCT9625.jpg,nCT,0,9625,65
/content/data/Preprocessed CT scans/nCT/nCT6462.jpg,nCT,0,6462,399
/content/data/Preprocessed CT scans/nCT/nCT6329.jpg,nCT,0,6329,236
/content/data/Preprocessed CT scans/nCT/nCT1398.jpg,nCT,0,1398,331
/content/data/Preprocessed CT scans/nCT/nCT9524.jpg,nCT,0,9524,171
/content/data/Preprocessed CT scans/nCT/nCT4491.jpg,nCT,0,4491,80
/content/data/Preprocessed CT scans/nCT/nCT4159.jpg,nCT,0,4159,156
/content/data/Preprocessed CT scans/nCT/nCT322.jpg,nCT,0,322,217
/content/data/Preprocessed CT scans/nCT/nCT8037.jpg,nCT,0,8037,70
/content/data/Preprocessed CT scans/nCT/nCT8615.jpg,nCT,0,8615,19
/content/data/Preprocessed CT scans/nCT/nCT6231.jpg,nCT,0,6231,399
/content/data/Preprocessed CT scans/nCT/nCT8360.jpg,nCT,0,8360,137
/content/data/Preprocessed CT scans/nCT/nCT6034.jpg,nCT,0,6034,282
/content/data/Preprocessed CT scans/nCT/nCT5156.jpg,nCT,0,5156,119
/content/data/Preprocessed CT scans/nCT/nCT1176.jpg,nCT,0,1176,37
/content/data/Preprocessed CT scans/nCT/nCT6610.jpg,nCT,0,6610,21
/content/data/Preprocessed CT scans/nCT/nCT8827.jpg,nCT,0,8827,391
/content/data/Preprocessed CT scans/nCT/nCT9694.jpg,nCT,0,9694,192
/content/data/Preprocessed CT scans/nCT/nCT6273.jpg,nCT,0,6273,229
/content/data/Preprocessed CT scans/nCT/nCT5518.jpg,nCT,0,5518,167
/content/data/Preprocessed CT scans/nCT/nCT5451.jpg,nCT,0,5451,230
/content/data/Preprocessed CT scans/nCT/nCT5281.jpg,nCT,0,5281,165
/content/data/Preprocessed CT scans/nCT/nCT675.jpg,nCT,0,675,56
/content/data/Preprocessed CT scans/nCT/nCT4705.jpg,nCT,0,4705,13
/content/data/Preprocessed CT scans/nCT/nCT9469.jpg,nCT,0,9469,88
/content/data/Preprocessed CT scans/nCT/nCT3082.jpg,nCT,0,3082,25
/content/data/Preprocessed CT scans/nCT/nCT1761.jpg,nCT,0,1761,40
/content/data/Preprocessed CT scans/nCT/nCT5588.jpg,nCT,0,5588,2
/content/data/Preprocessed CT scans/nCT/nCT9081.jpg,nCT,0,9081,19
/content/data/Preprocessed CT scans/nCT/nCT6049.jpg,nCT,0,6049,25
/content/data/Preprocessed CT scans/nCT/nCT7066.jpg,nCT,0,7066,132
/content/data/Preprocessed CT scans/nCT/nCT7894.jpg,nCT,0,7894,241
/content/data/Preprocessed CT scans/nCT/nCT4183.jpg,nCT,0,4183,305
/content/data/Preprocessed CT scans/nCT/nCT12.jpg,nCT,0,12,9
/content/data/Preprocessed CT scans/nCT/nCT8223.jpg,nCT,0,8223,27
/content/data/Preprocessed CT scans/nCT/nCT1083.jpg,nCT,0,1083,93
/content/data/Preprocessed CT scans/nCT/nCT845.jpg,nCT,0,845,58
/content/data/Preprocessed CT scans/nCT/nCT953.jpg,nCT,0,953,335
/content/data/Preprocessed CT scans/nCT/nCT6719.jpg,nCT,0,6719,333
/content/data/Preprocessed CT scans/nCT/nCT9402.jpg,nCT,0,9402,65
/content/data/Preprocessed CT scans/nCT/nCT9779.jpg,nCT,0,9779,3
/content/data/Preprocessed CT scans/nCT/nCT5301.jpg,nCT,0,5301,236
/content/data/Preprocessed CT scans/nCT/nCT1848.jpg,nCT,0,1848,40
/content/data/Preprocessed CT scans/nCT/nCT3345.jpg,nCT,0,3345,277
/content/data/Preprocessed CT scans/nCT/nCT9778.jpg,nCT,0,9778,3
/content/data/Preprocessed CT scans/nCT/nCT1085.jpg,nCT,0,1085,345
/content/data/Preprocessed CT scans/nCT/nCT8038.jpg,nCT,0,8038,70
/content/data/Preprocessed CT scans/nCT/nCT319.jpg,nCT,0,319,217
/content/data/Preprocessed CT scans/nCT/nCT7675.jpg,nCT,0,7675,241
/content/data/Preprocessed CT scans/nCT/nCT7379.jpg,nCT,0,7379,112
/content/data/Preprocessed CT scans/nCT/nCT1256.jpg,nCT,0,1256,273
/content/data/Preprocessed CT scans/nCT/nCT6487.jpg,nCT,0,6487,145
/content/data/Preprocessed CT scans/nCT/nCT2050.jpg,nCT,0,2050,224
/content/data/Preprocessed CT scans/nCT/nCT3981.jpg,nCT,0,3981,271
/content/data/Preprocessed CT scans/nCT/nCT3882.jpg,nCT,0,3882,386
/content/data/Preprocessed CT scans/nCT/nCT9166.jpg,nCT,0,9166,222
/content/data/Preprocessed CT scans/nCT/nCT1454.jpg,nCT,0,1454,254
/content/data/Preprocessed CT scans/nCT/nCT1136.jpg,nCT,0,1136,45
/content/data/Preprocessed CT scans/nCT/nCT1241.jpg,nCT,0,1241,208
/content/data/Preprocessed CT scans/nCT/nCT3835.jpg,nCT,0,3835,311
/content/data/Preprocessed CT scans/nCT/nCT8496.jpg,nCT,0,8496,253
/content/data/Preprocessed CT scans/nCT/nCT6923.jpg,nCT,0,6923,308
/content/data/Preprocessed CT scans/nCT/nCT6208.jpg,nCT,0,6208,2
/content/data/Preprocessed CT scans/nCT/nCT191.jpg,nCT,0,191,162
/content/data/Preprocessed CT scans/nCT/nCT4878.jpg,nCT,0,4878,2
/content/data/Preprocessed CT scans/nCT/nCT2086.jpg,nCT,0,2086,79
/content/data/Preprocessed CT scans/nCT/nCT1805.jpg,nCT,0,1805,14
/content/data/Preprocessed CT scans/nCT/nCT254.jpg,nCT,0,254,231
/content/data/Preprocessed CT scans/nCT/nCT3316.jpg,nCT,0,3316,60
/content/data/Preprocessed CT scans/nCT/nCT1203.jpg,nCT,0,1203,62
/content/data/Preprocessed CT scans/nCT/nCT654.jpg,nCT,0,654,24
/content/data/Preprocessed CT scans/nCT/nCT8311.jpg,nCT,0,8311,164
/content/data/Preprocessed CT scans/nCT/nCT5666.jpg,nCT,0,5666,17
/content/data/Preprocessed CT scans/nCT/nCT7566.jpg,nCT,0,7566,34
/content/data/Preprocessed CT scans/nCT/nCT8350.jpg,nCT,0,8350,164
/content/data/Preprocessed CT scans/nCT/nCT6350.jpg,nCT,0,6350,249
/content/data/Preprocessed CT scans/nCT/nCT2474.jpg,nCT,0,2474,341
/content/data/Preprocessed CT scans/nCT/nCT5225.jpg,nCT,0,5225,334
/content/data/Preprocessed CT scans/nCT/nCT968.jpg,nCT,0,968,301
/content/data/Preprocessed CT scans/nCT/nCT4291.jpg,nCT,0,4291,316
/content/data/Preprocessed CT scans/nCT/nCT8178.jpg,nCT,0,8178,380
/content/data/Preprocessed CT scans/nCT/nCT6081.jpg,nCT,0,6081,17
/content/data/Preprocessed CT scans/nCT/nCT9743.jpg,nCT,0,9743,38
/content/data/Preprocessed CT scans/nCT/nCT6828.jpg,nCT,0,6828,291
/content/data/Preprocessed CT scans/nCT/nCT4247.jpg,nCT,0,4247,300
/content/data/Preprocessed CT scans/nCT/nCT7709.jpg,nCT,0,7709,151
/content/data/Preprocessed CT scans/nCT/nCT9121.jpg,nCT,0,9121,247
/content/data/Preprocessed CT scans/nCT/nCT1854.jpg,nCT,0,1854,136
/content/data/Preprocessed CT scans/nCT/nCT2009.jpg,nCT,0,2009,230
/content/data/Preprocessed CT scans/nCT/nCT6207.jpg,nCT,0,6207,195
/content/data/Preprocessed CT scans/nCT/nCT5755.jpg,nCT,0,5755,354
/content/data/Preprocessed CT scans/nCT/nCT2545.jpg,nCT,0,2545,347
/content/data/Preprocessed CT scans/nCT/nCT9113.jpg,nCT,0,9113,247
/content/data/Preprocessed CT scans/nCT/nCT4512.jpg,nCT,0,4512,209
/content/data/Preprocessed CT scans/nCT/nCT446.jpg,nCT,0,446,108
/content/data/Preprocessed CT scans/nCT/nCT2362.jpg,nCT,0,2362,81
/content/data/Preprocessed CT scans/nCT/nCT4760.jpg,nCT,0,4760,98
/content/data/Preprocessed CT scans/nCT/nCT1182.jpg,nCT,0,1182,273
/content/data/Preprocessed CT scans/nCT/nCT5574.jpg,nCT,0,5574,393
/content/data/Preprocessed CT scans/nCT/nCT8333.jpg,nCT,0,8333,164
/content/data/Preprocessed CT scans/nCT/nCT4481.jpg,nCT,0,4481,284
/content/data/Preprocessed CT scans/nCT/nCT6041.jpg,nCT,0,6041,393
/content/data/Preprocessed CT scans/nCT/nCT2696.jpg,nCT,0,2696,206
/content/data/Preprocessed CT scans/nCT/nCT3979.jpg,nCT,0,3979,316
/content/data/Preprocessed CT scans/nCT/nCT8231.jpg,nCT,0,8231,314
/content/data/Preprocessed CT scans/nCT/nCT9009.jpg,nCT,0,9009,188
/content/data/Preprocessed CT scans/nCT/nCT126.jpg,nCT,0,126,22
/content/data/Preprocessed CT scans/nCT/nCT7427.jpg,nCT,0,7427,329
/content/data/Preprocessed CT scans/nCT/nCT8400.jpg,nCT,0,8400,149
/content/data/Preprocessed CT scans/nCT/nCT2493.jpg,nCT,0,2493,269
/content/data/Preprocessed CT scans/nCT/nCT6352.jpg,nCT,0,6352,145
/content/data/Preprocessed CT scans/nCT/nCT1810.jpg,nCT,0,1810,120
/content/data/Preprocessed CT scans/nCT/nCT3929.jpg,nCT,0,3929,25
/content/data/Preprocessed CT scans/nCT/nCT3079.jpg,nCT,0,3079,98
/content/data/Preprocessed CT scans/nCT/nCT6448.jpg,nCT,0,6448,382
/content/data/Preprocessed CT scans/nCT/nCT6692.jpg,nCT,0,6692,105
/content/data/Preprocessed CT scans/nCT/nCT5701.jpg,nCT,0,5701,354
/content/data/Preprocessed CT scans/nCT/nCT1873.jpg,nCT,0,1873,14
/content/data/Preprocessed CT scans/nCT/nCT3198.jpg,nCT,0,3198,390
/content/data/Preprocessed CT scans/nCT/nCT499.jpg,nCT,0,499,47
/content/data/Preprocessed CT scans/nCT/nCT4496.jpg,nCT,0,4496,210
/content/data/Preprocessed CT scans/nCT/nCT4807.jpg,nCT,0,4807,156
/content/data/Preprocessed CT scans/nCT/nCT4350.jpg,nCT,0,4350,360
/content/data/Preprocessed CT scans/nCT/nCT8410.jpg,nCT,0,8410,92
/content/data/Preprocessed CT scans/nCT/nCT9567.jpg,nCT,0,9567,78
/content/data/Preprocessed CT scans/nCT/nCT9278.jpg,nCT,0,9278,292
/content/data/Preprocessed CT scans/nCT/nCT4539.jpg,nCT,0,4539,101
/content/data/Preprocessed CT scans/nCT/nCT1364.jpg,nCT,0,1364,208
/content/data/Preprocessed CT scans/nCT/nCT2809.jpg,nCT,0,2809,386
/content/data/Preprocessed CT scans/nCT/nCT1442.jpg,nCT,0,1442,367
/content/data/Preprocessed CT scans/nCT/nCT2540.jpg,nCT,0,2540,347
/content/data/Preprocessed CT scans/nCT/nCT5443.jpg,nCT,0,5443,229
/content/data/Preprocessed CT scans/nCT/nCT2369.jpg,nCT,0,2369,269
/content/data/Preprocessed CT scans/nCT/nCT2179.jpg,nCT,0,2179,143
/content/data/Preprocessed CT scans/nCT/nCT2156.jpg,nCT,0,2156,141
/content/data/Preprocessed CT scans/nCT/nCT2772.jpg,nCT,0,2772,60
/content/data/Preprocessed CT scans/nCT/nCT8419.jpg,nCT,0,8419,92
/content/data/Preprocessed CT scans/nCT/nCT6131.jpg,nCT,0,6131,17
/content/data/Preprocessed CT scans/nCT/nCT9768.jpg,nCT,0,9768,3
/content/data/Preprocessed CT scans/nCT/nCT1826.jpg,nCT,0,1826,136
/content/data/Preprocessed CT scans/nCT/nCT2998.jpg,nCT,0,2998,318
/content/data/Preprocessed CT scans/nCT/nCT8942.jpg,nCT,0,8942,78
/content/data/Preprocessed CT scans/nCT/nCT5639.jpg,nCT,0,5639,109
/content/data/Preprocessed CT scans/nCT/nCT1503.jpg,nCT,0,1503,24
/content/data/Preprocessed CT scans/nCT/nCT768.jpg,nCT,0,768,333
/content/data/Preprocessed CT scans/nCT/nCT2536.jpg,nCT,0,2536,347
/content/data/Preprocessed CT scans/nCT/nCT2816.jpg,nCT,0,2816,305
/content/data/Preprocessed CT scans/nCT/nCT5853.jpg,nCT,0,5853,58
/content/data/Preprocessed CT scans/nCT/nCT1982.jpg,nCT,0,1982,214
/content/data/Preprocessed CT scans/nCT/nCT7574.jpg,nCT,0,7574,316
/content/data/Preprocessed CT scans/nCT/nCT7577.jpg,nCT,0,7577,305
/content/data/Preprocessed CT scans/nCT/nCT9603.jpg,nCT,0,9603,222
/content/data/Preprocessed CT scans/nCT/nCT326.jpg,nCT,0,326,231
/content/data/Preprocessed CT scans/nCT/nCT9571.jpg,nCT,0,9571,78
/content/data/Preprocessed CT scans/nCT/nCT8850.jpg,nCT,0,8850,135
/content/data/Preprocessed CT scans/nCT/nCT6696.jpg,nCT,0,6696,162
/content/data/Preprocessed CT scans/nCT/nCT5680.jpg,nCT,0,5680,162
/content/data/Preprocessed CT scans/nCT/nCT4561.jpg,nCT,0,4561,110
/content/data/Preprocessed CT scans/nCT/nCT5671.jpg,nCT,0,5671,277
/content/data/Preprocessed CT scans/nCT/nCT693.jpg,nCT,0,693,145
/content/data/Preprocessed CT scans/nCT/nCT3297.jpg,nCT,0,3297,34
/content/data/Preprocessed CT scans/nCT/nCT2733.jpg,nCT,0,2733,167
/content/data/Preprocessed CT scans/nCT/nCT6675.jpg,nCT,0,6675,235
/content/data/Preprocessed CT scans/nCT/nCT5539.jpg,nCT,0,5539,195
/content/data/Preprocessed CT scans/nCT/nCT5998.jpg,nCT,0,5998,293
/content/data/Preprocessed CT scans/nCT/nCT4944.jpg,nCT,0,4944,98
/content/data/Preprocessed CT scans/nCT/nCT96.jpg,nCT,0,96,328
/content/data/Preprocessed CT scans/nCT/nCT6855.jpg,nCT,0,6855,333
/content/data/Preprocessed CT scans/nCT/nCT8337.jpg,nCT,0,8337,164
/content/data/Preprocessed CT scans/nCT/nCT9091.jpg,nCT,0,9091,387
/content/data/Preprocessed CT scans/nCT/nCT2191.jpg,nCT,0,2191,79
/content/data/Preprocessed CT scans/nCT/nCT3498.jpg,nCT,0,3498,98
/content/data/Preprocessed CT scans/nCT/nCT313.jpg,nCT,0,313,231
/content/data/Preprocessed CT scans/nCT/nCT4610.jpg,nCT,0,4610,383
/content/data/Preprocessed CT scans/nCT/nCT4411.jpg,nCT,0,4411,244
/content/data/Preprocessed CT scans/nCT/nCT9397.jpg,nCT,0,9397,112
/content/data/Preprocessed CT scans/nCT/nCT2080.jpg,nCT,0,2080,141
/content/data/Preprocessed CT scans/nCT/nCT3901.jpg,nCT,0,3901,334
/content/data/Preprocessed CT scans/nCT/nCT3955.jpg,nCT,0,3955,311
/content/data/Preprocessed CT scans/nCT/nCT7440.jpg,nCT,0,7440,339
/content/data/Preprocessed CT scans/nCT/nCT8025.jpg,nCT,0,8025,92
/content/data/Preprocessed CT scans/nCT/nCT7673.jpg,nCT,0,7673,28
/content/data/Preprocessed CT scans/nCT/nCT6722.jpg,nCT,0,6722,235
/content/data/Preprocessed CT scans/nCT/nCT592.jpg,nCT,0,592,145
/content/data/Preprocessed CT scans/nCT/nCT9470.jpg,nCT,0,9470,88
/content/data/Preprocessed CT scans/nCT/nCT1912.jpg,nCT,0,1912,136
/content/data/Preprocessed CT scans/nCT/nCT66.jpg,nCT,0,66,145
/content/data/Preprocessed CT scans/nCT/nCT2941.jpg,nCT,0,2941,318
/content/data/Preprocessed CT scans/nCT/nCT9960.jpg,nCT,0,9960,129
/content/data/Preprocessed CT scans/nCT/nCT2779.jpg,nCT,0,2779,277
/content/data/Preprocessed CT scans/nCT/nCT3204.jpg,nCT,0,3204,153
/content/data/Preprocessed CT scans/nCT/nCT7570.jpg,nCT,0,7570,34
/content/data/Preprocessed CT scans/nCT/nCT6510.jpg,nCT,0,6510,156
/content/data/Preprocessed CT scans/nCT/nCT642.jpg,nCT,0,642,56
/content/data/Preprocessed CT scans/nCT/nCT7040.jpg,nCT,0,7040,235
/content/data/Preprocessed CT scans/nCT/nCT5172.jpg,nCT,0,5172,112
/content/data/Preprocessed CT scans/nCT/nCT1274.jpg,nCT,0,1274,367
/content/data/Preprocessed CT scans/nCT/nCT2190.jpg,nCT,0,2190,252
/content/data/Preprocessed CT scans/nCT/nCT155.jpg,nCT,0,155,72
/content/data/Preprocessed CT scans/nCT/nCT3436.jpg,nCT,0,3436,60
/content/data/Preprocessed CT scans/nCT/nCT7204.jpg,nCT,0,7204,339
/content/data/Preprocessed CT scans/nCT/nCT6974.jpg,nCT,0,6974,119
/content/data/Preprocessed CT scans/nCT/nCT5102.jpg,nCT,0,5102,252
/content/data/Preprocessed CT scans/nCT/nCT9692.jpg,nCT,0,9692,192
/content/data/Preprocessed CT scans/nCT/nCT2231.jpg,nCT,0,2231,79
/content/data/Preprocessed CT scans/nCT/nCT6625.jpg,nCT,0,6625,9
/content/data/Preprocessed CT scans/nCT/nCT1138.jpg,nCT,0,1138,254
/content/data/Preprocessed CT scans/nCT/nCT700.jpg,nCT,0,700,120
/content/data/Preprocessed CT scans/nCT/nCT3.jpg,nCT,0,3,308
/content/data/Preprocessed CT scans/nCT/nCT1012.jpg,nCT,0,1012,193
/content/data/Preprocessed CT scans/nCT/nCT4623.jpg,nCT,0,4623,304
/content/data/Preprocessed CT scans/nCT/nCT7434.jpg,nCT,0,7434,329
/content/data/Preprocessed CT scans/nCT/nCT8831.jpg,nCT,0,8831,135
/content/data/Preprocessed CT scans/nCT/nCT4417.jpg,nCT,0,4417,316
/content/data/Preprocessed CT scans/nCT/nCT8649.jpg,nCT,0,8649,121
/content/data/Preprocessed CT scans/nCT/nCT5843.jpg,nCT,0,5843,204
/content/data/Preprocessed CT scans/nCT/nCT9940.jpg,nCT,0,9940,222
/content/data/Preprocessed CT scans/nCT/nCT3217.jpg,nCT,0,3217,68
/content/data/Preprocessed CT scans/nCT/nCT6657.jpg,nCT,0,6657,236
/content/data/Preprocessed CT scans/nCT/nCT1397.jpg,nCT,0,1397,56
/content/data/Preprocessed CT scans/nCT/nCT6434.jpg,nCT,0,6434,217
/content/data/Preprocessed CT scans/nCT/nCT4021.jpg,nCT,0,4021,334
/content/data/Preprocessed CT scans/nCT/nCT323.jpg,nCT,0,323,110
/content/data/Preprocessed CT scans/nCT/nCT3066.jpg,nCT,0,3066,390
/content/data/Preprocessed CT scans/nCT/nCT3571.jpg,nCT,0,3571,209
/content/data/Preprocessed CT scans/nCT/nCT4464.jpg,nCT,0,4464,235
/content/data/Preprocessed CT scans/nCT/nCT7885.jpg,nCT,0,7885,28
/content/data/Preprocessed CT scans/nCT/nCT3999.jpg,nCT,0,3999,300
/content/data/Preprocessed CT scans/nCT/nCT2163.jpg,nCT,0,2163,323
/content/data/Preprocessed CT scans/nCT/nCT5151.jpg,nCT,0,5151,83
/content/data/Preprocessed CT scans/nCT/nCT1835.jpg,nCT,0,1835,62
/content/data/Preprocessed CT scans/nCT/nCT1457.jpg,nCT,0,1457,24
/content/data/Preprocessed CT scans/nCT/nCT8238.jpg,nCT,0,8238,314
/content/data/Preprocessed CT scans/nCT/nCT6594.jpg,nCT,0,6594,2
/content/data/Preprocessed CT scans/nCT/nCT7081.jpg,nCT,0,7081,390
/content/data/Preprocessed CT scans/nCT/nCT8494.jpg,nCT,0,8494,253
/content/data/Preprocessed CT scans/nCT/nCT1140.jpg,nCT,0,1140,341
/content/data/Preprocessed CT scans/nCT/nCT2671.jpg,nCT,0,2671,206
/content/data/Preprocessed CT scans/nCT/nCT2637.jpg,nCT,0,2637,347
/content/data/Preprocessed CT scans/nCT/nCT9094.jpg,nCT,0,9094,387
/content/data/Preprocessed CT scans/nCT/nCT3965.jpg,nCT,0,3965,235
/content/data/Preprocessed CT scans/nCT/nCT2689.jpg,nCT,0,2689,206
/content/data/Preprocessed CT scans/nCT/nCT859.jpg,nCT,0,859,208
/content/data/Preprocessed CT scans/nCT/nCT3303.jpg,nCT,0,3303,272
/content/data/Preprocessed CT scans/nCT/nCT3913.jpg,nCT,0,3913,244
/content/data/Preprocessed CT scans/nCT/nCT86.jpg,nCT,0,86,293
/content/data/Preprocessed CT scans/nCT/nCT5201.jpg,nCT,0,5201,80
/content/data/Preprocessed CT scans/nCT/nCT8047.jpg,nCT,0,8047,182
/content/data/Preprocessed CT scans/nCT/nCT2002.jpg,nCT,0,2002,79
/content/data/Preprocessed CT scans/nCT/nCT4115.jpg,nCT,0,4115,271
/content/data/Preprocessed CT scans/nCT/nCT1609.jpg,nCT,0,1609,175
/content/data/Preprocessed CT scans/nCT/nCT6374.jpg,nCT,0,6374,156
/content/data/Preprocessed CT scans/nCT/nCT1705.jpg,nCT,0,1705,143
/content/data/Preprocessed CT scans/nCT/nCT2047.jpg,nCT,0,2047,14
/content/data/Preprocessed CT scans/nCT/nCT9260.jpg,nCT,0,9260,61
/content/data/Preprocessed CT scans/nCT/nCT8330.jpg,nCT,0,8330,164
/content/data/Preprocessed CT scans/nCT/nCT171.jpg,nCT,0,171,333
/content/data/Preprocessed CT scans/nCT/nCT5903.jpg,nCT,0,5903,195
/content/data/Preprocessed CT scans/nCT/nCT3505.jpg,nCT,0,3505,305
/content/data/Preprocessed CT scans/nCT/nCT8665.jpg,nCT,0,8665,121
/content/data/Preprocessed CT scans/nCT/nCT8172.jpg,nCT,0,8172,380
/content/data/Preprocessed CT scans/nCT/nCT2129.jpg,nCT,0,2129,143
/content/data/Preprocessed CT scans/nCT/nCT7609.jpg,nCT,0,7609,93
/content/data/Preprocessed CT scans/nCT/nCT9261.jpg,nCT,0,9261,61
/content/data/Preprocessed CT scans/nCT/nCT506.jpg,nCT,0,506,105
/content/data/Preprocessed CT scans/nCT/nCT9742.jpg,nCT,0,9742,38
/content/data/Preprocessed CT scans/nCT/nCT378.jpg,nCT,0,378,22
/content/data/Preprocessed CT scans/nCT/nCT8029.jpg,nCT,0,8029,92
/content/data/Preprocessed CT scans/nCT/nCT9104.jpg,nCT,0,9104,247
/content/data/Preprocessed CT scans/nCT/nCT8755.jpg,nCT,0,8755,188
/content/data/Preprocessed CT scans/nCT/nCT1371.jpg,nCT,0,1371,367
/content/data/Preprocessed CT scans/nCT/nCT464.jpg,nCT,0,464,360
/content/data/Preprocessed CT scans/nCT/nCT6742.jpg,nCT,0,6742,308
/content/data/Preprocessed CT scans/nCT/nCT2886.jpg,nCT,0,2886,185
/content/data/Preprocessed CT scans/nCT/nCT7699.jpg,nCT,0,7699,368
/content/data/Preprocessed CT scans/nCT/nCT1630.jpg,nCT,0,1630,14
/content/data/Preprocessed CT scans/nCT/nCT8000.jpg,nCT,0,8000,253
/content/data/Preprocessed CT scans/nCT/nCT3766.jpg,nCT,0,3766,34
/content/data/Preprocessed CT scans/nCT/nCT6370.jpg,nCT,0,6370,399
/content/data/Preprocessed CT scans/nCT/nCT9318.jpg,nCT,0,9318,292
/content/data/Preprocessed CT scans/nCT/nCT6965.jpg,nCT,0,6965,108
/content/data/Preprocessed CT scans/nCT/nCT4801.jpg,nCT,0,4801,130
/content/data/Preprocessed CT scans/nCT/nCT1634.jpg,nCT,0,1634,214
/content/data/Preprocessed CT scans/nCT/nCT5510.jpg,nCT,0,5510,300
/content/data/Preprocessed CT scans/nCT/nCT5896.jpg,nCT,0,5896,204
/content/data/Preprocessed CT scans/nCT/nCT1349.jpg,nCT,0,1349,56
/content/data/Preprocessed CT scans/nCT/nCT2343.jpg,nCT,0,2343,27
/content/data/Preprocessed CT scans/nCT/nCT159.jpg,nCT,0,159,392
/content/data/Preprocessed CT scans/nCT/nCT6893.jpg,nCT,0,6893,252
/content/data/Preprocessed CT scans/nCT/nCT8732.jpg,nCT,0,8732,19
/content/data/Preprocessed CT scans/nCT/nCT8518.jpg,nCT,0,8518,242
/content/data/Preprocessed CT scans/nCT/nCT3243.jpg,nCT,0,3243,204
/content/data/Preprocessed CT scans/nCT/nCT2770.jpg,nCT,0,2770,68
/content/data/Preprocessed CT scans/nCT/nCT869.jpg,nCT,0,869,72
/content/data/Preprocessed CT scans/nCT/nCT7676.jpg,nCT,0,7676,241
/content/data/Preprocessed CT scans/nCT/nCT5026.jpg,nCT,0,5026,291
/content/data/Preprocessed CT scans/nCT/nCT6271.jpg,nCT,0,6271,399
/content/data/Preprocessed CT scans/nCT/nCT2130.jpg,nCT,0,2130,252
/content/data/Preprocessed CT scans/nCT/nCT3300.jpg,nCT,0,3300,98
/content/data/Preprocessed CT scans/nCT/nCT5070.jpg,nCT,0,5070,355
/content/data/Preprocessed CT scans/nCT/nCT7278.jpg,nCT,0,7278,316
/content/data/Preprocessed CT scans/nCT/nCT1610.jpg,nCT,0,1610,345
/content/data/Preprocessed CT scans/nCT/nCT8847.jpg,nCT,0,8847,135
/content/data/Preprocessed CT scans/nCT/nCT4346.jpg,nCT,0,4346,101
/content/data/Preprocessed CT scans/nCT/nCT2199.jpg,nCT,0,2199,269
/content/data/Preprocessed CT scans/nCT/nCT2863.jpg,nCT,0,2863,390
/content/data/Preprocessed CT scans/nCT/nCT8267.jpg,nCT,0,8267,41
/content/data/Preprocessed CT scans/nCT/nCT5615.jpg,nCT,0,5615,300
/content/data/Preprocessed CT scans/nCT/nCT1266.jpg,nCT,0,1266,341
/content/data/Preprocessed CT scans/nCT/nCT5616.jpg,nCT,0,5616,230
/content/data/Preprocessed CT scans/nCT/nCT9201.jpg,nCT,0,9201,41
/content/data/Preprocessed CT scans/nCT/nCT4250.jpg,nCT,0,4250,252
/content/data/Preprocessed CT scans/nCT/nCT1767.jpg,nCT,0,1767,136
/content/data/Preprocessed CT scans/nCT/nCT9943.jpg,nCT,0,9943,222
/content/data/Preprocessed CT scans/nCT/nCT2004.jpg,nCT,0,2004,143
/content/data/Preprocessed CT scans/nCT/nCT9866.jpg,nCT,0,9866,387
/content/data/Preprocessed CT scans/nCT/nCT6706.jpg,nCT,0,6706,217
/content/data/Preprocessed CT scans/nCT/nCT9864.jpg,nCT,0,9864,387
/content/data/Preprocessed CT scans/nCT/nCT3632.jpg,nCT,0,3632,96
/content/data/Preprocessed CT scans/nCT/nCT108.jpg,nCT,0,108,231
/content/data/Preprocessed CT scans/nCT/nCT8804.jpg,nCT,0,8804,19
/content/data/Preprocessed CT scans/nCT/nCT6672.jpg,nCT,0,6672,333
/content/data/Preprocessed CT scans/nCT/nCT3739.jpg,nCT,0,3739,68
/content/data/Preprocessed CT scans/nCT/nCT6484.jpg,nCT,0,6484,304
/content/data/Preprocessed CT scans/nCT/nCT2808.jpg,nCT,0,2808,390
/content/data/Preprocessed CT scans/nCT/nCT8745.jpg,nCT,0,8745,52
/content/data/Preprocessed CT scans/nCT/nCT4706.jpg,nCT,0,4706,98
/content/data/Preprocessed CT scans/nCT/nCT5165.jpg,nCT,0,5165,98
/content/data/Preprocessed CT scans/nCT/nCT9361.jpg,nCT,0,9361,179
/content/data/Preprocessed CT scans/nCT/nCT7062.jpg,nCT,0,7062,386
/content/data/Preprocessed CT scans/nCT/nCT6121.jpg,nCT,0,6121,235
/content/data/Preprocessed CT scans/nCT/nCT6905.jpg,nCT,0,6905,276
/content/data/Preprocessed CT scans/nCT/nCT6503.jpg,nCT,0,6503,133
/content/data/Preprocessed CT scans/nCT/nCT603.jpg,nCT,0,603,105
/content/data/Preprocessed CT scans/nCT/nCT3895.jpg,nCT,0,3895,311
/content/data/Preprocessed CT scans/nCT/nCT1067.jpg,nCT,0,1067,193
/content/data/Preprocessed CT scans/nCT/nCT3022.jpg,nCT,0,3022,112
/content/data/Preprocessed CT scans/nCT/nCT9868.jpg,nCT,0,9868,387
/content/data/Preprocessed CT scans/nCT/nCT1900.jpg,nCT,0,1900,216
/content/data/Preprocessed CT scans/nCT/nCT43.jpg,nCT,0,43,308
/content/data/Preprocessed CT scans/nCT/nCT7603.jpg,nCT,0,7603,96
/content/data/Preprocessed CT scans/nCT/nCT8331.jpg,nCT,0,8331,164
/content/data/Preprocessed CT scans/nCT/nCT3490.jpg,nCT,0,3490,25
/content/data/Preprocessed CT scans/nCT/nCT1641.jpg,nCT,0,1641,26
/content/data/Preprocessed CT scans/nCT/nCT92.jpg,nCT,0,92,129
/content/data/Preprocessed CT scans/nCT/nCT8757.jpg,nCT,0,8757,188
/content/data/Preprocessed CT scans/nCT/nCT1466.jpg,nCT,0,1466,367
/content/data/Preprocessed CT scans/nCT/nCT5.jpg,nCT,0,5,208
/content/data/Preprocessed CT scans/nCT/nCT6919.jpg,nCT,0,6919,108
/content/data/Preprocessed CT scans/nCT/nCT7119.jpg,nCT,0,7119,75
/content/data/Preprocessed CT scans/nCT/nCT8731.jpg,nCT,0,8731,19
/content/data/Preprocessed CT scans/nCT/nCT4913.jpg,nCT,0,4913,167
/content/data/Preprocessed CT scans/nCT/nCT4588.jpg,nCT,0,4588,235
/content/data/Preprocessed CT scans/nCT/nCT9031.jpg,nCT,0,9031,256
/content/data/Preprocessed CT scans/nCT/nCT2003.jpg,nCT,0,2003,14
/content/data/Preprocessed CT scans/nCT/nCT552.jpg,nCT,0,552,14
/content/data/Preprocessed CT scans/nCT/nCT1407.jpg,nCT,0,1407,120
/content/data/Preprocessed CT scans/nCT/nCT7704.jpg,nCT,0,7704,151
/content/data/Preprocessed CT scans/nCT/nCT2966.jpg,nCT,0,2966,390
/content/data/Preprocessed CT scans/nCT/nCT7980.jpg,nCT,0,7980,253
/content/data/Preprocessed CT scans/nCT/nCT8968.jpg,nCT,0,8968,222
/content/data/Preprocessed CT scans/nCT/nCT4212.jpg,nCT,0,4212,233
/content/data/Preprocessed CT scans/nCT/nCT9485.jpg,nCT,0,9485,274
/content/data/Preprocessed CT scans/nCT/nCT880.jpg,nCT,0,880,214
/content/data/Preprocessed CT scans/nCT/nCT8806.jpg,nCT,0,8806,19
/content/data/Preprocessed CT scans/nCT/nCT6881.jpg,nCT,0,6881,119
/content/data/Preprocessed CT scans/nCT/nCT730.jpg,nCT,0,730,23
/content/data/Preprocessed CT scans/nCT/nCT8472.jpg,nCT,0,8472,103
/content/data/Preprocessed CT scans/nCT/nCT4580.jpg,nCT,0,4580,231
/content/data/Preprocessed CT scans/nCT/nCT188.jpg,nCT,0,188,72
/content/data/Preprocessed CT scans/nCT/nCT901.jpg,nCT,0,901,56
/content/data/Preprocessed CT scans/nCT/nCT798.jpg,nCT,0,798,208
/content/data/Preprocessed CT scans/nCT/nCT1762.jpg,nCT,0,1762,26
/content/data/Preprocessed CT scans/nCT/nCT9688.jpg,nCT,0,9688,192
/content/data/Preprocessed CT scans/nCT/nCT6684.jpg,nCT,0,6684,199
/content/data/Preprocessed CT scans/nCT/nCT3570.jpg,nCT,0,3570,339
/content/data/Preprocessed CT scans/nCT/nCT4742.jpg,nCT,0,4742,233
/content/data/Preprocessed CT scans/nCT/nCT2036.jpg,nCT,0,2036,224
/content/data/Preprocessed CT scans/nCT/nCT4217.jpg,nCT,0,4217,316
/content/data/Preprocessed CT scans/nCT/nCT5324.jpg,nCT,0,5324,204
/content/data/Preprocessed CT scans/nCT/nCT111.jpg,nCT,0,111,6
/content/data/Preprocessed CT scans/nCT/nCT5922.jpg,nCT,0,5922,47
/content/data/Preprocessed CT scans/nCT/nCT3464.jpg,nCT,0,3464,334
/content/data/Preprocessed CT scans/nCT/nCT3715.jpg,nCT,0,3715,60
/content/data/Preprocessed CT scans/nCT/nCT4376.jpg,nCT,0,4376,347
/content/data/Preprocessed CT scans/nCT/nCT3330.jpg,nCT,0,3330,318
/content/data/Preprocessed CT scans/nCT/nCT1631.jpg,nCT,0,1631,175
/content/data/Preprocessed CT scans/nCT/nCT8500.jpg,nCT,0,8500,149
/content/data/Preprocessed CT scans/nCT/nCT9043.jpg,nCT,0,9043,256
/content/data/Preprocessed CT scans/nCT/nCT8833.jpg,nCT,0,8833,135
/content/data/Preprocessed CT scans/nCT/nCT6258.jpg,nCT,0,6258,97
/content/data/Preprocessed CT scans/nCT/nCT8705.jpg,nCT,0,8705,255
/content/data/Preprocessed CT scans/nCT/nCT4601.jpg,nCT,0,4601,271
/content/data/Preprocessed CT scans/nCT/nCT3081.jpg,nCT,0,3081,272
/content/data/Preprocessed CT scans/nCT/nCT6690.jpg,nCT,0,6690,236
/content/data/Preprocessed CT scans/nCT/nCT6711.jpg,nCT,0,6711,249
/content/data/Preprocessed CT scans/nCT/nCT5335.jpg,nCT,0,5335,165
/content/data/Preprocessed CT scans/nCT/nCT8841.jpg,nCT,0,8841,135
/content/data/Preprocessed CT scans/nCT/nCT9962.jpg,nCT,0,9962,129
/content/data/Preprocessed CT scans/nCT/nCT9563.jpg,nCT,0,9563,389
/content/data/Preprocessed CT scans/nCT/nCT4521.jpg,nCT,0,4521,386
/content/data/Preprocessed CT scans/nCT/nCT4793.jpg,nCT,0,4793,13
/content/data/Preprocessed CT scans/nCT/nCT2470.jpg,nCT,0,2470,79
/content/data/Preprocessed CT scans/nCT/nCT8911.jpg,nCT,0,8911,373
/content/data/Preprocessed CT scans/nCT/nCT59.jpg,nCT,0,59,328
/content/data/Preprocessed CT scans/nCT/nCT4313.jpg,nCT,0,4313,252
/content/data/Preprocessed CT scans/nCT/nCT8990.jpg,nCT,0,8990,106
/content/data/Preprocessed CT scans/nCT/nCT9660.jpg,nCT,0,9660,241
/content/data/Preprocessed CT scans/nCT/nCT9867.jpg,nCT,0,9867,387
/content/data/Preprocessed CT scans/nCT/nCT8685.jpg,nCT,0,8685,188
/content/data/Preprocessed CT scans/nCT/nCT1126.jpg,nCT,0,1126,56
/content/data/Preprocessed CT scans/nCT/nCT9344.jpg,nCT,0,9344,179
/content/data/Preprocessed CT scans/nCT/nCT7562.jpg,nCT,0,7562,112
/content/data/Preprocessed CT scans/nCT/nCT636.jpg,nCT,0,636,351
/content/data/Preprocessed CT scans/nCT/nCT2831.jpg,nCT,0,2831,185
/content/data/Preprocessed CT scans/nCT/nCT518.jpg,nCT,0,518,91
/content/data/Preprocessed CT scans/nCT/nCT8638.jpg,nCT,0,8638,19
/content/data/Preprocessed CT scans/nCT/nCT509.jpg,nCT,0,509,72
/content/data/Preprocessed CT scans/nCT/nCT8846.jpg,nCT,0,8846,135
/content/data/Preprocessed CT scans/nCT/nCT8863.jpg,nCT,0,8863,150
/content/data/Preprocessed CT scans/nCT/nCT6192.jpg,nCT,0,6192,173
/content/data/Preprocessed CT scans/nCT/nCT608.jpg,nCT,0,608,341
/content/data/Preprocessed CT scans/nCT/nCT1699.jpg,nCT,0,1699,304
/content/data/Preprocessed CT scans/nCT/nCT5744.jpg,nCT,0,5744,2
/content/data/Preprocessed CT scans/nCT/nCT1535.jpg,nCT,0,1535,143
/content/data/Preprocessed CT scans/nCT/nCT8195.jpg,nCT,0,8195,30
/content/data/Preprocessed CT scans/nCT/nCT9523.jpg,nCT,0,9523,171
/content/data/Preprocessed CT scans/nCT/nCT7686.jpg,nCT,0,7686,241
/content/data/Preprocessed CT scans/nCT/nCT4603.jpg,nCT,0,4603,284
/content/data/Preprocessed CT scans/nCT/nCT6172.jpg,nCT,0,6172,329
/content/data/Preprocessed CT scans/nCT/nCT6801.jpg,nCT,0,6801,233
/content/data/Preprocessed CT scans/nCT/nCT8569.jpg,nCT,0,8569,188
/content/data/Preprocessed CT scans/nCT/nCT9272.jpg,nCT,0,9272,61
/content/data/Preprocessed CT scans/nCT/nCT7575.jpg,nCT,0,7575,318
/content/data/Preprocessed CT scans/nCT/nCT9162.jpg,nCT,0,9162,222
/content/data/Preprocessed CT scans/nCT/nCT5771.jpg,nCT,0,5771,209
/content/data/Preprocessed CT scans/nCT/nCT8162.jpg,nCT,0,8162,190
/content/data/Preprocessed CT scans/nCT/nCT298.jpg,nCT,0,298,72
/content/data/Preprocessed CT scans/nCT/nCT9345.jpg,nCT,0,9345,179
/content/data/Preprocessed CT scans/nCT/nCT3749.jpg,nCT,0,3749,96
/content/data/Preprocessed CT scans/nCT/nCT8639.jpg,nCT,0,8639,19
/content/data/Preprocessed CT scans/nCT/nCT1659.jpg,nCT,0,1659,136
/content/data/Preprocessed CT scans/nCT/nCT6779.jpg,nCT,0,6779,399
/content/data/Preprocessed CT scans/nCT/nCT1139.jpg,nCT,0,1139,345
/content/data/Preprocessed CT scans/nCT/nCT8031.jpg,nCT,0,8031,92
/content/data/Preprocessed CT scans/nCT/nCT8564.jpg,nCT,0,8564,361
/content/data/Preprocessed CT scans/nCT/nCT8892.jpg,nCT,0,8892,373
/content/data/Preprocessed CT scans/nCT/nCT3690.jpg,nCT,0,3690,204
/content/data/Preprocessed CT scans/nCT/nCT1150.jpg,nCT,0,1150,367
/content/data/Preprocessed CT scans/nCT/nCT4565.jpg,nCT,0,4565,334
/content/data/Preprocessed CT scans/nCT/nCT4627.jpg,nCT,0,4627,165
/content/data/Preprocessed CT scans/nCT/nCT4236.jpg,nCT,0,4236,279
/content/data/Preprocessed CT scans/nCT/nCT4995.jpg,nCT,0,4995,204
/content/data/Preprocessed CT scans/nCT/nCT332.jpg,nCT,0,332,105
/content/data/Preprocessed CT scans/nCT/nCT7251.jpg,nCT,0,7251,91
/content/data/Preprocessed CT scans/nCT/nCT3828.jpg,nCT,0,3828,60
/content/data/Preprocessed CT scans/nCT/nCT1359.jpg,nCT,0,1359,120
/content/data/Preprocessed CT scans/nCT/nCT9310.jpg,nCT,0,9310,292
/content/data/Preprocessed CT scans/nCT/nCT4989.jpg,nCT,0,4989,252
/content/data/Preprocessed CT scans/nCT/nCT595.jpg,nCT,0,595,360
/content/data/Preprocessed CT scans/nCT/nCT3256.jpg,nCT,0,3256,93
/content/data/Preprocessed CT scans/nCT/nCT5888.jpg,nCT,0,5888,173
/content/data/Preprocessed CT scans/nCT/nCT5262.jpg,nCT,0,5262,224
/content/data/Preprocessed CT scans/nCT/nCT6054.jpg,nCT,0,6054,334
/content/data/Preprocessed CT scans/nCT/nCT9122.jpg,nCT,0,9122,247
/content/data/Preprocessed CT scans/nCT/nCT5189.jpg,nCT,0,5189,167
/content/data/Preprocessed CT scans/nCT/nCT7738.jpg,nCT,0,7738,160
/content/data/Preprocessed CT scans/nCT/nCT829.jpg,nCT,0,829,47
/content/data/Preprocessed CT scans/nCT/nCT1329.jpg,nCT,0,1329,351
/content/data/Preprocessed CT scans/nCT/nCT3700.jpg,nCT,0,3700,300
/content/data/Preprocessed CT scans/nCT/nCT9352.jpg,nCT,0,9352,179
/content/data/Preprocessed CT scans/nCT/nCT816.jpg,nCT,0,816,301
/content/data/Preprocessed CT scans/nCT/nCT2365.jpg,nCT,0,2365,282
/content/data/Preprocessed CT scans/nCT/nCT1906.jpg,nCT,0,1906,136
/content/data/Preprocessed CT scans/nCT/nCT2230.jpg,nCT,0,2230,252
/content/data/Preprocessed CT scans/nCT/nCT7051.jpg,nCT,0,7051,199
/content/data/Preprocessed CT scans/nCT/nCT2734.jpg,nCT,0,2734,329
/content/data/Preprocessed CT scans/nCT/nCT9609.jpg,nCT,0,9609,3
/content/data/Preprocessed CT scans/nCT/nCT7334.jpg,nCT,0,7334,298
/content/data/Preprocessed CT scans/nCT/nCT4245.jpg,nCT,0,4245,197
/content/data/Preprocessed CT scans/nCT/nCT5000.jpg,nCT,0,5000,250
/content/data/Preprocessed CT scans/nCT/nCT7822.jpg,nCT,0,7822,92
/content/data/Preprocessed CT scans/nCT/nCT5483.jpg,nCT,0,5483,341
/content/data/Preprocessed CT scans/nCT/nCT5794.jpg,nCT,0,5794,334
/content/data/Preprocessed CT scans/nCT/nCT1065.jpg,nCT,0,1065,351
/content/data/Preprocessed CT scans/nCT/nCT2413.jpg,nCT,0,2413,341
/content/data/Preprocessed CT scans/nCT/nCT8352.jpg,nCT,0,8352,164
/content/data/Preprocessed CT scans/nCT/nCT8652.jpg,nCT,0,8652,121
/content/data/Preprocessed CT scans/nCT/nCT9340.jpg,nCT,0,9340,389
/content/data/Preprocessed CT scans/nCT/nCT2282.jpg,nCT,0,2282,81
/content/data/Preprocessed CT scans/nCT/nCT5053.jpg,nCT,0,5053,246
/content/data/Preprocessed CT scans/nCT/nCT1249.jpg,nCT,0,1249,367
/content/data/Preprocessed CT scans/nCT/nCT3994.jpg,nCT,0,3994,165
/content/data/Preprocessed CT scans/nCT/nCT2695.jpg,nCT,0,2695,206
/content/data/Preprocessed CT scans/nCT/nCT6009.jpg,nCT,0,6009,45
/content/data/Preprocessed CT scans/nCT/nCT3091.jpg,nCT,0,3091,93
/content/data/Preprocessed CT scans/nCT/nCT3773.jpg,nCT,0,3773,291
/content/data/Preprocessed CT scans/nCT/nCT7781.jpg,nCT,0,7781,149
/content/data/Preprocessed CT scans/nCT/nCT8813.jpg,nCT,0,8813,19
/content/data/Preprocessed CT scans/nCT/nCT9128.jpg,nCT,0,9128,247
/content/data/Preprocessed CT scans/nCT/nCT5438.jpg,nCT,0,5438,112
/content/data/Preprocessed CT scans/nCT/nCT8568.jpg,nCT,0,8568,188
/content/data/Preprocessed CT scans/nCT/nCT8898.jpg,nCT,0,8898,128
/content/data/Preprocessed CT scans/nCT/nCT3331.jpg,nCT,0,3331,284
/content/data/Preprocessed CT scans/nCT/nCT2838.jpg,nCT,0,2838,91
/content/data/Preprocessed CT scans/nCT/nCT669.jpg,nCT,0,669,335
/content/data/Preprocessed CT scans/nCT/nCT861.jpg,nCT,0,861,231
/content/data/Preprocessed CT scans/nCT/nCT6376.jpg,nCT,0,6376,334
/content/data/Preprocessed CT scans/nCT/nCT7256.jpg,nCT,0,7256,91
/content/data/Preprocessed CT scans/nCT/nCT8368.jpg,nCT,0,8368,137
/content/data/Preprocessed CT scans/nCT/nCT6795.jpg,nCT,0,6795,293
/content/data/Preprocessed CT scans/nCT/nCT1505.jpg,nCT,0,1505,165
/content/data/Preprocessed CT scans/nCT/nCT1954.jpg,nCT,0,1954,142
/content/data/Preprocessed CT scans/nCT/nCT5822.jpg,nCT,0,5822,17
/content/data/Preprocessed CT scans/nCT/nCT6724.jpg,nCT,0,6724,22
/content/data/Preprocessed CT scans/nCT/nCT7072.jpg,nCT,0,7072,96
/content/data/Preprocessed CT scans/nCT/nCT3637.jpg,nCT,0,3637,96
/content/data/Preprocessed CT scans/nCT/nCT9075.jpg,nCT,0,9075,19
/content/data/Preprocessed CT scans/nCT/nCT396.jpg,nCT,0,396,47
/content/data/Preprocessed CT scans/nCT/nCT761.jpg,nCT,0,761,45
/content/data/Preprocessed CT scans/nCT/nCT6308.jpg,nCT,0,6308,9
/content/data/Preprocessed CT scans/nCT/nCT9668.jpg,nCT,0,9668,243
/content/data/Preprocessed CT scans/nCT/nCT1109.jpg,nCT,0,1109,45
/content/data/Preprocessed CT scans/nCT/nCT4460.jpg,nCT,0,4460,60
/content/data/Preprocessed CT scans/nCT/nCT5351.jpg,nCT,0,5351,130
/content/data/Preprocessed CT scans/nCT/nCT7508.jpg,nCT,0,7508,60
/content/data/Preprocessed CT scans/nCT/nCT5269.jpg,nCT,0,5269,204
/content/data/Preprocessed CT scans/nCT/nCT7645.jpg,nCT,0,7645,365
/content/data/Preprocessed CT scans/nCT/nCT8738.jpg,nCT,0,8738,19
/content/data/Preprocessed CT scans/nCT/nCT53.jpg,nCT,0,53,9
/content/data/Preprocessed CT scans/nCT/nCT8053.jpg,nCT,0,8053,65
/content/data/Preprocessed CT scans/nCT/nCT585.jpg,nCT,0,585,331
/content/data/Preprocessed CT scans/nCT/nCT8288.jpg,nCT,0,8288,28
/content/data/Preprocessed CT scans/nCT/nCT9771.jpg,nCT,0,9771,3
/content/data/Preprocessed CT scans/nCT/nCT4082.jpg,nCT,0,4082,334
/content/data/Preprocessed CT scans/nCT/nCT4277.jpg,nCT,0,4277,100
/content/data/Preprocessed CT scans/nCT/nCT6950.jpg,nCT,0,6950,235
/content/data/Preprocessed CT scans/nCT/nCT3351.jpg,nCT,0,3351,276
/content/data/Preprocessed CT scans/nCT/nCT9037.jpg,nCT,0,9037,256
/content/data/Preprocessed CT scans/nCT/nCT1934.jpg,nCT,0,1934,216
/content/data/Preprocessed CT scans/nCT/nCT3298.jpg,nCT,0,3298,204
/content/data/Preprocessed CT scans/nCT/nCT6466.jpg,nCT,0,6466,236
/content/data/Preprocessed CT scans/nCT/nCT123.jpg,nCT,0,123,293
/content/data/Preprocessed CT scans/nCT/nCT1201.jpg,nCT,0,1201,367
/content/data/Preprocessed CT scans/nCT/nCT2566.jpg,nCT,0,2566,4
/content/data/Preprocessed CT scans/nCT/nCT4280.jpg,nCT,0,4280,174
/content/data/Preprocessed CT scans/nCT/nCT8795.jpg,nCT,0,8795,325
/content/data/Preprocessed CT scans/nCT/nCT8769.jpg,nCT,0,8769,255
/content/data/Preprocessed CT scans/nCT/nCT2866.jpg,nCT,0,2866,93
/content/data/Preprocessed CT scans/nCT/nCT3139.jpg,nCT,0,3139,350
/content/data/Preprocessed CT scans/nCT/nCT5414.jpg,nCT,0,5414,173
/content/data/Preprocessed CT scans/nCT/nCT4917.jpg,nCT,0,4917,236
/content/data/Preprocessed CT scans/nCT/nCT8832.jpg,nCT,0,8832,135
/content/data/Preprocessed CT scans/nCT/nCT169.jpg,nCT,0,169,328
/content/data/Preprocessed CT scans/nCT/nCT7006.jpg,nCT,0,7006,240
/content/data/Preprocessed CT scans/nCT/nCT6985.jpg,nCT,0,6985,249
/content/data/Preprocessed CT scans/nCT/nCT4295.jpg,nCT,0,4295,284
/content/data/Preprocessed CT scans/nCT/nCT6931.jpg,nCT,0,6931,236
/content/data/Preprocessed CT scans/nCT/nCT9297.jpg,nCT,0,9297,292
/content/data/Preprocessed CT scans/nCT/nCT4456.jpg,nCT,0,4456,197
/content/data/Preprocessed CT scans/nCT/nCT3697.jpg,nCT,0,3697,34
/content/data/Preprocessed CT scans/nCT/nCT3784.jpg,nCT,0,3784,13
/content/data/Preprocessed CT scans/nCT/nCT9161.jpg,nCT,0,9161,222
/content/data/Preprocessed CT scans/nCT/nCT4301.jpg,nCT,0,4301,133
/content/data/Preprocessed CT scans/nCT/nCT151.jpg,nCT,0,151,105
/content/data/Preprocessed CT scans/nCT/nCT8681.jpg,nCT,0,8681,361
/content/data/Preprocessed CT scans/nCT/nCT9685.jpg,nCT,0,9685,243
/content/data/Preprocessed CT scans/nCT/nCT1614.jpg,nCT,0,1614,230
/content/data/Preprocessed CT scans/nCT/nCT4200.jpg,nCT,0,4200,311
/content/data/Preprocessed CT scans/nCT/nCT5561.jpg,nCT,0,5561,355
/content/data/Preprocessed CT scans/nCT/nCT9099.jpg,nCT,0,9099,267
/content/data/Preprocessed CT scans/nCT/nCT2508.jpg,nCT,0,2508,347
/content/data/Preprocessed CT scans/nCT/nCT1313.jpg,nCT,0,1313,254
/content/data/Preprocessed CT scans/nCT/nCT6520.jpg,nCT,0,6520,252
/content/data/Preprocessed CT scans/nCT/nCT7695.jpg,nCT,0,7695,368
/content/data/Preprocessed CT scans/nCT/nCT929.jpg,nCT,0,929,72
/content/data/Preprocessed CT scans/nCT/nCT9076.jpg,nCT,0,9076,128
/content/data/Preprocessed CT scans/nCT/nCT6689.jpg,nCT,0,6689,156
/content/data/Preprocessed CT scans/nCT/nCT3682.jpg,nCT,0,3682,275
/content/data/Preprocessed CT scans/nCT/nCT3735.jpg,nCT,0,3735,244
/content/data/Preprocessed CT scans/nCT/nCT963.jpg,nCT,0,963,34
/content/data/Preprocessed CT scans/nCT/nCT495.jpg,nCT,0,495,145
/content/data/Preprocessed CT scans/nCT/nCT1622.jpg,nCT,0,1622,62
/content/data/Preprocessed CT scans/nCT/nCT6288.jpg,nCT,0,6288,173
/content/data/Preprocessed CT scans/nCT/nCT8671.jpg,nCT,0,8671,121
/content/data/Preprocessed CT scans/nCT/nCT65.jpg,nCT,0,65,235
/content/data/Preprocessed CT scans/nCT/nCT9304.jpg,nCT,0,9304,292
/content/data/Preprocessed CT scans/nCT/nCT1185.jpg,nCT,0,1185,234
/content/data/Preprocessed CT scans/nCT/nCT6199.jpg,nCT,0,6199,293
/content/data/Preprocessed CT scans/nCT/nCT8676.jpg,nCT,0,8676,361
/content/data/Preprocessed CT scans/nCT/nCT7409.jpg,nCT,0,7409,378
/content/data/Preprocessed CT scans/nCT/nCT1908.jpg,nCT,0,1908,14
/content/data/Preprocessed CT scans/nCT/nCT4531.jpg,nCT,0,4531,174
/content/data/Preprocessed CT scans/nCT/nCT4861.jpg,nCT,0,4861,105
/content/data/Preprocessed CT scans/nCT/nCT8460.jpg,nCT,0,8460,103
/content/data/Preprocessed CT scans/nCT/nCT8612.jpg,nCT,0,8612,19
/content/data/Preprocessed CT scans/nCT/nCT1839.jpg,nCT,0,1839,268
/content/data/Preprocessed CT scans/nCT/nCT6426.jpg,nCT,0,6426,230
/content/data/Preprocessed CT scans/nCT/nCT3547.jpg,nCT,0,3547,13
/content/data/Preprocessed CT scans/nCT/nCT8338.jpg,nCT,0,8338,164
/content/data/Preprocessed CT scans/nCT/nCT997.jpg,nCT,0,997,301
/content/data/Preprocessed CT scans/nCT/nCT691.jpg,nCT,0,691,34
/content/data/Preprocessed CT scans/nCT/nCT8823.jpg,nCT,0,8823,242
/content/data/Preprocessed CT scans/nCT/nCT5113.jpg,nCT,0,5113,250
/content/data/Preprocessed CT scans/nCT/nCT9483.jpg,nCT,0,9483,241
/content/data/Preprocessed CT scans/nCT/nCT5233.jpg,nCT,0,5233,355
/content/data/Preprocessed CT scans/nCT/nCT3906.jpg,nCT,0,3906,25
/content/data/Preprocessed CT scans/nCT/nCT9332.jpg,nCT,0,9332,389
/content/data/Preprocessed CT scans/nCT/nCT3753.jpg,nCT,0,3753,271
/content/data/Preprocessed CT scans/nCT/nCT4372.jpg,nCT,0,4372,197
/content/data/Preprocessed CT scans/nCT/nCT727.jpg,nCT,0,727,316
/content/data/Preprocessed CT scans/nCT/nCT3033.jpg,nCT,0,3033,93
/content/data/Preprocessed CT scans/nCT/nCT3745.jpg,nCT,0,3745,108
/content/data/Preprocessed CT scans/nCT/nCT5521.jpg,nCT,0,5521,105
/content/data/Preprocessed CT scans/nCT/nCT265.jpg,nCT,0,265,119
/content/data/Preprocessed CT scans/nCT/nCT5286.jpg,nCT,0,5286,386
/content/data/Preprocessed CT scans/nCT/nCT232.jpg,nCT,0,232,293
/content/data/Preprocessed CT scans/nCT/nCT1374.jpg,nCT,0,1374,56
/content/data/Preprocessed CT scans/nCT/nCT6014.jpg,nCT,0,6014,355
/content/data/Preprocessed CT scans/nCT/nCT6532.jpg,nCT,0,6532,338
/content/data/Preprocessed CT scans/nCT/nCT1891.jpg,nCT,0,1891,14
/content/data/Preprocessed CT scans/nCT/nCT8152.jpg,nCT,0,8152,190
/content/data/Preprocessed CT scans/nCT/nCT5686.jpg,nCT,0,5686,80
/content/data/Preprocessed CT scans/nCT/nCT2042.jpg,nCT,0,2042,143
/content/data/Preprocessed CT scans/nCT/nCT263.jpg,nCT,0,263,308
/content/data/Preprocessed CT scans/nCT/nCT9665.jpg,nCT,0,9665,243
/content/data/Preprocessed CT scans/nCT/nCT8385.jpg,nCT,0,8385,137
/content/data/Preprocessed CT scans/nCT/nCT6457.jpg,nCT,0,6457,252
/content/data/Preprocessed CT scans/nCT/nCT3408.jpg,nCT,0,3408,98
/content/data/Preprocessed CT scans/nCT/nCT4038.jpg,nCT,0,4038,60
/content/data/Preprocessed CT scans/nCT/nCT7516.jpg,nCT,0,7516,108
/content/data/Preprocessed CT scans/nCT/nCT4946.jpg,nCT,0,4946,250
/content/data/Preprocessed CT scans/nCT/nCT3518.jpg,nCT,0,3518,339
/content/data/Preprocessed CT scans/nCT/nCT6959.jpg,nCT,0,6959,240
/content/data/Preprocessed CT scans/nCT/nCT3509.jpg,nCT,0,3509,284
/content/data/Preprocessed CT scans/nCT/nCT3179.jpg,nCT,0,3179,25
/content/data/Preprocessed CT scans/nCT/nCT9753.jpg,nCT,0,9753,286
/content/data/Preprocessed CT scans/nCT/nCT1587.jpg,nCT,0,1587,45
/content/data/Preprocessed CT scans/nCT/nCT1135.jpg,nCT,0,1135,120
/content/data/Preprocessed CT scans/nCT/nCT1643.jpg,nCT,0,1643,367
/content/data/Preprocessed CT scans/nCT/nCT289.jpg,nCT,0,289,360
/content/data/Preprocessed CT scans/nCT/nCT4503.jpg,nCT,0,4503,275
/content/data/Preprocessed CT scans/nCT/nCT4797.jpg,nCT,0,4797,300
/content/data/Preprocessed CT scans/nCT/nCT989.jpg,nCT,0,989,56
/content/data/Preprocessed CT scans/nCT/nCT5520.jpg,nCT,0,5520,236
/content/data/Preprocessed CT scans/nCT/nCT2945.jpg,nCT,0,2945,277
/content/data/Preprocessed CT scans/nCT/nCT5983.jpg,nCT,0,5983,102
/content/data/Preprocessed CT scans/nCT/nCT2533.jpg,nCT,0,2533,282
/content/data/Preprocessed CT scans/nCT/nCT8384.jpg,nCT,0,8384,137
/content/data/Preprocessed CT scans/nCT/nCT1251.jpg,nCT,0,1251,62
/content/data/Preprocessed CT scans/nCT/nCT7558.jpg,nCT,0,7558,204
/content/data/Preprocessed CT scans/nCT/nCT187.jpg,nCT,0,187,105
/content/data/Preprocessed CT scans/nCT/nCT1217.jpg,nCT,0,1217,208
/content/data/Preprocessed CT scans/nCT/nCT8409.jpg,nCT,0,8409,92
/content/data/Preprocessed CT scans/nCT/nCT9793.jpg,nCT,0,9793,52
/content/data/Preprocessed CT scans/nCT/nCT8076.jpg,nCT,0,8076,88
/content/data/Preprocessed CT scans/nCT/nCT7654.jpg,nCT,0,7654,41
/content/data/Preprocessed CT scans/nCT/nCT4808.jpg,nCT,0,4808,236
/content/data/Preprocessed CT scans/nCT/nCT7648.jpg,nCT,0,7648,41
/content/data/Preprocessed CT scans/nCT/nCT9354.jpg,nCT,0,9354,179
/content/data/Preprocessed CT scans/nCT/nCT5012.jpg,nCT,0,5012,98
/content/data/Preprocessed CT scans/nCT/nCT2690.jpg,nCT,0,2690,206
/content/data/Preprocessed CT scans/nCT/nCT3420.jpg,nCT,0,3420,311
/content/data/Preprocessed CT scans/nCT/nCT270.jpg,nCT,0,270,236
/content/data/Preprocessed CT scans/nCT/nCT5341.jpg,nCT,0,5341,304
/content/data/Preprocessed CT scans/nCT/nCT112.jpg,nCT,0,112,156
/content/data/Preprocessed CT scans/nCT/nCT3942.jpg,nCT,0,3942,119
/content/data/Preprocessed CT scans/nCT/nCT787.jpg,nCT,0,787,60
/content/data/Preprocessed CT scans/nCT/nCT3405.jpg,nCT,0,3405,209
/content/data/Preprocessed CT scans/nCT/nCT5458.jpg,nCT,0,5458,282
/content/data/Preprocessed CT scans/nCT/nCT6099.jpg,nCT,0,6099,21
/content/data/Preprocessed CT scans/nCT/nCT6970.jpg,nCT,0,6970,162
/content/data/Preprocessed CT scans/nCT/nCT525.jpg,nCT,0,525,34
/content/data/Preprocessed CT scans/nCT/nCT1867.jpg,nCT,0,1867,143
/content/data/Preprocessed CT scans/nCT/nCT3319.jpg,nCT,0,3319,96
/content/data/Preprocessed CT scans/nCT/nCT4678.jpg,nCT,0,4678,110
/content/data/Preprocessed CT scans/nCT/nCT8996.jpg,nCT,0,8996,106
/content/data/Preprocessed CT scans/nCT/nCT1991.jpg,nCT,0,1991,143
/content/data/Preprocessed CT scans/nCT/nCT1277.jpg,nCT,0,1277,56
/content/data/Preprocessed CT scans/nCT/nCT6092.jpg,nCT,0,6092,393
/content/data/Preprocessed CT scans/nCT/nCT1014.jpg,nCT,0,1014,72
/content/data/Preprocessed CT scans/nCT/nCT3150.jpg,nCT,0,3150,109
/content/data/Preprocessed CT scans/nCT/nCT8197.jpg,nCT,0,8197,30
/content/data/Preprocessed CT scans/nCT/nCT2269.jpg,nCT,0,2269,269
/content/data/Preprocessed CT scans/nCT/nCT5061.jpg,nCT,0,5061,13
/content/data/Preprocessed CT scans/nCT/nCT1904.jpg,nCT,0,1904,62
/content/data/Preprocessed CT scans/nCT/nCT5486.jpg,nCT,0,5486,58
/content/data/Preprocessed CT scans/nCT/nCT7492.jpg,nCT,0,7492,27
/content/data/Preprocessed CT scans/nCT/nCT8265.jpg,nCT,0,8265,41
/content/data/Preprocessed CT scans/nCT/nCT2810.jpg,nCT,0,2810,277
/content/data/Preprocessed CT scans/nCT/nCT2453.jpg,nCT,0,2453,347
/content/data/Preprocessed CT scans/nCT/nCT1254.jpg,nCT,0,1254,186
/content/data/Preprocessed CT scans/nCT/nCT8341.jpg,nCT,0,8341,164
/content/data/Preprocessed CT scans/nCT/nCT1878.jpg,nCT,0,1878,120
/content/data/Preprocessed CT scans/nCT/nCT4778.jpg,nCT,0,4778,47
/content/data/Preprocessed CT scans/nCT/nCT6587.jpg,nCT,0,6587,22
/content/data/Preprocessed CT scans/nCT/nCT7816.jpg,nCT,0,7816,92
/content/data/Preprocessed CT scans/nCT/nCT3597.jpg,nCT,0,3597,47
/content/data/Preprocessed CT scans/nCT/nCT2885.jpg,nCT,0,2885,318
/content/data/Preprocessed CT scans/nCT/nCT1545.jpg,nCT,0,1545,24
/content/data/Preprocessed CT scans/nCT/nCT871.jpg,nCT,0,871,56
/content/data/Preprocessed CT scans/nCT/nCT6148.jpg,nCT,0,6148,21
/content/data/Preprocessed CT scans/nCT/nCT6235.jpg,nCT,0,6235,156
/content/data/Preprocessed CT scans/nCT/nCT6069.jpg,nCT,0,6069,217
/content/data/Preprocessed CT scans/nCT/nCT5828.jpg,nCT,0,5828,282
/content/data/Preprocessed CT scans/nCT/nCT1269.jpg,nCT,0,1269,165
/content/data/Preprocessed CT scans/nCT/nCT772.jpg,nCT,0,772,335
/content/data/Preprocessed CT scans/nCT/nCT9001.jpg,nCT,0,9001,106
/content/data/Preprocessed CT scans/nCT/nCT8030.jpg,nCT,0,8030,92
/content/data/Preprocessed CT scans/nCT/nCT3556.jpg,nCT,0,3556,101
/content/data/Preprocessed CT scans/nCT/nCT6834.jpg,nCT,0,6834,308
/content/data/Preprocessed CT scans/nCT/nCT4386.jpg,nCT,0,4386,133
/content/data/Preprocessed CT scans/nCT/nCT109.jpg,nCT,0,109,240
/content/data/Preprocessed CT scans/nCT/nCT3122.jpg,nCT,0,3122,47
/content/data/Preprocessed CT scans/nCT/nCT8751.jpg,nCT,0,8751,361
/content/data/Preprocessed CT scans/nCT/nCT3274.jpg,nCT,0,3274,108
/content/data/Preprocessed CT scans/nCT/nCT3220.jpg,nCT,0,3220,129
/content/data/Preprocessed CT scans/nCT/nCT9794.jpg,nCT,0,9794,188
/content/data/Preprocessed CT scans/nCT/nCT2126.jpg,nCT,0,2126,141
/content/data/Preprocessed CT scans/nCT/nCT5953.jpg,nCT,0,5953,158
/content/data/Preprocessed CT scans/nCT/nCT9281.jpg,nCT,0,9281,292
/content/data/Preprocessed CT scans/nCT/nCT1387.jpg,nCT,0,1387,208
/content/data/Preprocessed CT scans/nCT/nCT1173.jpg,nCT,0,1173,193
/content/data/Preprocessed CT scans/nCT/nCT1033.jpg,nCT,0,1033,165
/content/data/Preprocessed CT scans/nCT/nCT3253.jpg,nCT,0,3253,390
/content/data/Preprocessed CT scans/nCT/nCT5171.jpg,nCT,0,5171,346
/content/data/Preprocessed CT scans/nCT/nCT6752.jpg,nCT,0,6752,350
/content/data/Preprocessed CT scans/nCT/nCT5924.jpg,nCT,0,5924,230
/content/data/Preprocessed CT scans/nCT/nCT2102.jpg,nCT,0,2102,331
/content/data/Preprocessed CT scans/nCT/nCT5742.jpg,nCT,0,5742,109
/content/data/Preprocessed CT scans/nCT/nCT4023.jpg,nCT,0,4023,91
/content/data/Preprocessed CT scans/nCT/nCT6194.jpg,nCT,0,6194,96
/content/data/Preprocessed CT scans/nCT/nCT2240.jpg,nCT,0,2240,252
/content/data/Preprocessed CT scans/nCT/nCT2913.jpg,nCT,0,2913,153
/content/data/Preprocessed CT scans/nCT/nCT6389.jpg,nCT,0,6389,334
/content/data/Preprocessed CT scans/nCT/nCT860.jpg,nCT,0,860,47
/content/data/Preprocessed CT scans/nCT/nCT9543.jpg,nCT,0,9543,11
/content/data/Preprocessed CT scans/nCT/nCT8225.jpg,nCT,0,8225,314
/content/data/Preprocessed CT scans/nCT/nCT7851.jpg,nCT,0,7851,365
/content/data/Preprocessed CT scans/nCT/nCT1885.jpg,nCT,0,1885,143
/content/data/Preprocessed CT scans/nCT/nCT3020.jpg,nCT,0,3020,25
/content/data/Preprocessed CT scans/nCT/nCT4663.jpg,nCT,0,4663,284
/content/data/Preprocessed CT scans/nCT/nCT8389.jpg,nCT,0,8389,149
/content/data/Preprocessed CT scans/nCT/nCT1750.jpg,nCT,0,1750,268
/content/data/Preprocessed CT scans/nCT/nCT9908.jpg,nCT,0,9908,78
/content/data/Preprocessed CT scans/nCT/nCT7406.jpg,nCT,0,7406,132
/content/data/Preprocessed CT scans/nCT/nCT6884.jpg,nCT,0,6884,293
/content/data/Preprocessed CT scans/nCT/nCT9321.jpg,nCT,0,9321,389
/content/data/Preprocessed CT scans/nCT/nCT2351.jpg,nCT,0,2351,79
/content/data/Preprocessed CT scans/nCT/nCT2479.jpg,nCT,0,2479,81
/content/data/Preprocessed CT scans/nCT/nCT3315.jpg,nCT,0,3315,291
/content/data/Preprocessed CT scans/nCT/nCT3392.jpg,nCT,0,3392,271
/content/data/Preprocessed CT scans/nCT/nCT8361.jpg,nCT,0,8361,137
/content/data/Preprocessed CT scans/nCT/nCT5962.jpg,nCT,0,5962,304
/content/data/Preprocessed CT scans/nCT/nCT6571.jpg,nCT,0,6571,13
/content/data/Preprocessed CT scans/nCT/nCT7532.jpg,nCT,0,7532,112
/content/data/Preprocessed CT scans/nCT/nCT6747.jpg,nCT,0,6747,21
/content/data/Preprocessed CT scans/nCT/nCT4837.jpg,nCT,0,4837,101
/content/data/Preprocessed CT scans/nCT/nCT6001.jpg,nCT,0,6001,334
/content/data/Preprocessed CT scans/nCT/nCT3132.jpg,nCT,0,3132,204
/content/data/Preprocessed CT scans/nCT/nCT7350.jpg,nCT,0,7350,386
/content/data/Preprocessed CT scans/nCT/nCT6170.jpg,nCT,0,6170,235
/content/data/Preprocessed CT scans/nCT/nCT9828.jpg,nCT,0,9828,256
/content/data/Preprocessed CT scans/nCT/nCT7683.jpg,nCT,0,7683,241
/content/data/Preprocessed CT scans/nCT/nCT8474.jpg,nCT,0,8474,103
/content/data/Preprocessed CT scans/nCT/nCT5638.jpg,nCT,0,5638,230
/content/data/Preprocessed CT scans/nCT/nCT2926.jpg,nCT,0,2926,109
/content/data/Preprocessed CT scans/nCT/nCT1656.jpg,nCT,0,1656,120
/content/data/Preprocessed CT scans/nCT/nCT4509.jpg,nCT,0,4509,261
/content/data/Preprocessed CT scans/nCT/nCT5789.jpg,nCT,0,5789,80
/content/data/Preprocessed CT scans/nCT/nCT9301.jpg,nCT,0,9301,292
/content/data/Preprocessed CT scans/nCT/nCT7524.jpg,nCT,0,7524,316
/content/data/Preprocessed CT scans/nCT/nCT4140.jpg,nCT,0,4140,197
/content/data/Preprocessed CT scans/nCT/nCT9703.jpg,nCT,0,9703,267
/content/data/Preprocessed CT scans/nCT/nCT7170.jpg,nCT,0,7170,91
/content/data/Preprocessed CT scans/nCT/nCT2794.jpg,nCT,0,2794,233
/content/data/Preprocessed CT scans/nCT/nCT4118.jpg,nCT,0,4118,339
/content/data/Preprocessed CT scans/nCT/nCT609.jpg,nCT,0,609,392
/content/data/Preprocessed CT scans/nCT/nCT67.jpg,nCT,0,67,276
/content/data/Preprocessed CT scans/nCT/nCT976.jpg,nCT,0,976,341
/content/data/Preprocessed CT scans/nCT/nCT3032.jpg,nCT,0,3032,133
/content/data/Preprocessed CT scans/nCT/nCT6159.jpg,nCT,0,6159,249
/content/data/Preprocessed CT scans/nCT/nCT4378.jpg,nCT,0,4378,22
/content/data/Preprocessed CT scans/nCT/nCT9088.jpg,nCT,0,9088,128
/content/data/Preprocessed CT scans/nCT/nCT3320.jpg,nCT,0,3320,129
/content/data/Preprocessed CT scans/nCT/nCT5082.jpg,nCT,0,5082,120
/content/data/Preprocessed CT scans/nCT/nCT4992.jpg,nCT,0,4992,47
/content/data/Preprocessed CT scans/nCT/nCT6179.jpg,nCT,0,6179,133
/content/data/Preprocessed CT scans/nCT/nCT4227.jpg,nCT,0,4227,209
/content/data/Preprocessed CT scans/nCT/nCT9079.jpg,nCT,0,9079,19
/content/data/Preprocessed CT scans/nCT/nCT5406.jpg,nCT,0,5406,130
/content/data/Preprocessed CT scans/nCT/nCT2131.jpg,nCT,0,2131,79
/content/data/Preprocessed CT scans/nCT/nCT945.jpg,nCT,0,945,320
/content/data/Preprocessed CT scans/nCT/nCT1296.jpg,nCT,0,1296,40
/content/data/Preprocessed CT scans/nCT/nCT7995.jpg,nCT,0,7995,253
/content/data/Preprocessed CT scans/nCT/nCT7326.jpg,nCT,0,7326,339
/content/data/Preprocessed CT scans/nCT/nCT5652.jpg,nCT,0,5652,250
/content/data/Preprocessed CT scans/nCT/nCT1369.jpg,nCT,0,1369,40
/content/data/Preprocessed CT scans/nCT/nCT4426.jpg,nCT,0,4426,233
/content/data/Preprocessed CT scans/nCT/nCT5138.jpg,nCT,0,5138,277
/content/data/Preprocessed CT scans/nCT/nCT9114.jpg,nCT,0,9114,247
/content/data/Preprocessed CT scans/nCT/nCT1187.jpg,nCT,0,1187,120
/content/data/Preprocessed CT scans/nCT/nCT1121.jpg,nCT,0,1121,193
/content/data/Preprocessed CT scans/nCT/nCT2532.jpg,nCT,0,2532,347
/content/data/Preprocessed CT scans/nCT/nCT5037.jpg,nCT,0,5037,80
/content/data/Preprocessed CT scans/nCT/nCT8233.jpg,nCT,0,8233,314
/content/data/Preprocessed CT scans/nCT/nCT9608.jpg,nCT,0,9608,3
/content/data/Preprocessed CT scans/nCT/nCT5491.jpg,nCT,0,5491,98
/content/data/Preprocessed CT scans/nCT/nCT4071.jpg,nCT,0,4071,100
/content/data/Preprocessed CT scans/nCT/nCT5875.jpg,nCT,0,5875,133
/content/data/Preprocessed CT scans/nCT/nCT445.jpg,nCT,0,445,392
/content/data/Preprocessed CT scans/nCT/nCT3429.jpg,nCT,0,3429,13
/content/data/Preprocessed CT scans/nCT/nCT4224.jpg,nCT,0,4224,195
/content/data/Preprocessed CT scans/nCT/nCT8625.jpg,nCT,0,8625,19
/content/data/Preprocessed CT scans/nCT/nCT6554.jpg,nCT,0,6554,156
/content/data/Preprocessed CT scans/nCT/nCT6416.jpg,nCT,0,6416,9
/content/data/Preprocessed CT scans/nCT/nCT8476.jpg,nCT,0,8476,103
/content/data/Preprocessed CT scans/nCT/nCT3477.jpg,nCT,0,3477,350
/content/data/Preprocessed CT scans/nCT/nCT3577.jpg,nCT,0,3577,339
/content/data/Preprocessed CT scans/nCT/nCT1571.jpg,nCT,0,1571,304
/content/data/Preprocessed CT scans/nCT/nCT1191.jpg,nCT,0,1191,345
/content/data/Preprocessed CT scans/nCT/nCT6440.jpg,nCT,0,6440,249
/content/data/Preprocessed CT scans/nCT/nCT8294.jpg,nCT,0,8294,28
/content/data/Preprocessed CT scans/nCT/nCT7563.jpg,nCT,0,7563,109
/content/data/Preprocessed CT scans/nCT/nCT3666.jpg,nCT,0,3666,13
/content/data/Preprocessed CT scans/nCT/nCT5576.jpg,nCT,0,5576,162
/content/data/Preprocessed CT scans/nCT/nCT8906.jpg,nCT,0,8906,373
/content/data/Preprocessed CT scans/nCT/nCT9019.jpg,nCT,0,9019,41
/content/data/Preprocessed CT scans/nCT/nCT900.jpg,nCT,0,900,341
/content/data/Preprocessed CT scans/nCT/nCT9432.jpg,nCT,0,9432,65
/content/data/Preprocessed CT scans/nCT/nCT4337.jpg,nCT,0,4337,235
/content/data/Preprocessed CT scans/nCT/nCT1108.jpg,nCT,0,1108,120
/content/data/Preprocessed CT scans/nCT/nCT154.jpg,nCT,0,154,308
/content/data/Preprocessed CT scans/nCT/nCT1237.jpg,nCT,0,1237,120
/content/data/Preprocessed CT scans/nCT/nCT3112.jpg,nCT,0,3112,210
/content/data/Preprocessed CT scans/nCT/nCT5618.jpg,nCT,0,5618,102
/content/data/Preprocessed CT scans/nCT/nCT5846.jpg,nCT,0,5846,334
/content/data/Preprocessed CT scans/nCT/nCT4002.jpg,nCT,0,4002,34
/content/data/Preprocessed CT scans/nCT/nCT375.jpg,nCT,0,375,293
/content/data/Preprocessed CT scans/nCT/nCT498.jpg,nCT,0,498,360
/content/data/Preprocessed CT scans/nCT/nCT5330.jpg,nCT,0,5330,250
/content/data/Preprocessed CT scans/nCT/nCT4367.jpg,nCT,0,4367,80
/content/data/Preprocessed CT scans/nCT/nCT394.jpg,nCT,0,394,110
/content/data/Preprocessed CT scans/nCT/nCT5514.jpg,nCT,0,5514,130
/content/data/Preprocessed CT scans/nCT/nCT6533.jpg,nCT,0,6533,110
/content/data/Preprocessed CT scans/nCT/nCT5173.jpg,nCT,0,5173,165
/content/data/Preprocessed CT scans/nCT/nCT1052.jpg,nCT,0,1052,301
/content/data/Preprocessed CT scans/nCT/nCT6400.jpg,nCT,0,6400,355
/content/data/Preprocessed CT scans/nCT/nCT5570.jpg,nCT,0,5570,156
/content/data/Preprocessed CT scans/nCT/nCT8794.jpg,nCT,0,8794,19
/content/data/Preprocessed CT scans/nCT/nCT6659.jpg,nCT,0,6659,58
/content/data/Preprocessed CT scans/nCT/nCT8489.jpg,nCT,0,8489,253
/content/data/Preprocessed CT scans/nCT/nCT9824.jpg,nCT,0,9824,256
/content/data/Preprocessed CT scans/nCT/nCT8853.jpg,nCT,0,8853,135
/content/data/Preprocessed CT scans/nCT/nCT6794.jpg,nCT,0,6794,21
/content/data/Preprocessed CT scans/nCT/nCT5163.jpg,nCT,0,5163,165
/content/data/Preprocessed CT scans/nCT/nCT8913.jpg,nCT,0,8913,373
/content/data/Preprocessed CT scans/nCT/nCT6872.jpg,nCT,0,6872,291
/content/data/Preprocessed CT scans/nCT/nCT8485.jpg,nCT,0,8485,253
/content/data/Preprocessed CT scans/nCT/nCT5241.jpg,nCT,0,5241,130
/content/data/Preprocessed CT scans/nCT/nCT3247.jpg,nCT,0,3247,25
/content/data/Preprocessed CT scans/nCT/nCT9508.jpg,nCT,0,9508,171
/content/data/Preprocessed CT scans/nCT/nCT4111.jpg,nCT,0,4111,279
/content/data/Preprocessed CT scans/nCT/nCT1315.jpg,nCT,0,1315,341
/content/data/Preprocessed CT scans/nCT/nCT7049.jpg,nCT,0,7049,91
/content/data/Preprocessed CT scans/nCT/nCT72.jpg,nCT,0,72,240
/content/data/Preprocessed CT scans/nCT/nCT5766.jpg,nCT,0,5766,386
/content/data/Preprocessed CT scans/nCT/nCT4970.jpg,nCT,0,4970,271
/content/data/Preprocessed CT scans/nCT/nCT6386.jpg,nCT,0,6386,21
/content/data/Preprocessed CT scans/nCT/nCT6306.jpg,nCT,0,6306,145
/content/data/Preprocessed CT scans/nCT/nCT87.jpg,nCT,0,87,236
/content/data/Preprocessed CT scans/nCT/nCT8166.jpg,nCT,0,8166,190
/content/data/Preprocessed CT scans/nCT/nCT1089.jpg,nCT,0,1089,231
/content/data/Preprocessed CT scans/nCT/nCT8910.jpg,nCT,0,8910,373
/content/data/Preprocessed CT scans/nCT/nCT349.jpg,nCT,0,349,328
/content/data/Preprocessed CT scans/nCT/nCT7842.jpg,nCT,0,7842,391
/content/data/Preprocessed CT scans/nCT/nCT3088.jpg,nCT,0,3088,209
/content/data/Preprocessed CT scans/nCT/nCT4771.jpg,nCT,0,4771,172
/content/data/Preprocessed CT scans/nCT/nCT1228.jpg,nCT,0,1228,56
/content/data/Preprocessed CT scans/nCT/nCT9544.jpg,nCT,0,9544,11
/content/data/Preprocessed CT scans/nCT/nCT359.jpg,nCT,0,359,360
/content/data/Preprocessed CT scans/nCT/nCT8159.jpg,nCT,0,8159,190
/content/data/Preprocessed CT scans/nCT/nCT2472.jpg,nCT,0,2472,306
/content/data/Preprocessed CT scans/nCT/nCT1112.jpg,nCT,0,1112,345
/content/data/Preprocessed CT scans/nCT/nCT1298.jpg,nCT,0,1298,367
/content/data/Preprocessed CT scans/nCT/nCT9533.jpg,nCT,0,9533,11
/content/data/Preprocessed CT scans/nCT/nCT4585.jpg,nCT,0,4585,217
/content/data/Preprocessed CT scans/nCT/nCT2804.jpg,nCT,0,2804,96
/content/data/Preprocessed CT scans/nCT/nCT3786.jpg,nCT,0,3786,120
/content/data/Preprocessed CT scans/nCT/nCT8298.jpg,nCT,0,8298,28
/content/data/Preprocessed CT scans/nCT/nCT1528.jpg,nCT,0,1528,335
/content/data/Preprocessed CT scans/nCT/nCT2854.jpg,nCT,0,2854,204
/content/data/Preprocessed CT scans/nCT/nCT453.jpg,nCT,0,453,14
/content/data/Preprocessed CT scans/nCT/nCT2103.jpg,nCT,0,2103,323
/content/data/Preprocessed CT scans/nCT/nCT5719.jpg,nCT,0,5719,300
/content/data/Preprocessed CT scans/nCT/nCT7544.jpg,nCT,0,7544,390
/content/data/Preprocessed CT scans/nCT/nCT6809.jpg,nCT,0,6809,9
/content/data/Preprocessed CT scans/nCT/nCT5793.jpg,nCT,0,5793,390
/content/data/Preprocessed CT scans/nCT/nCT9066.jpg,nCT,0,9066,274
/content/data/Preprocessed CT scans/nCT/nCT9291.jpg,nCT,0,9291,292
/content/data/Preprocessed CT scans/nCT/nCT6243.jpg,nCT,0,6243,58
/content/data/Preprocessed CT scans/nCT/nCT3433.jpg,nCT,0,3433,132
/content/data/Preprocessed CT scans/nCT/nCT3732.jpg,nCT,0,3732,195
/content/data/Preprocessed CT scans/nCT/nCT4680.jpg,nCT,0,4680,300
/content/data/Preprocessed CT scans/nCT/nCT2957.jpg,nCT,0,2957,272
/content/data/Preprocessed CT scans/nCT/nCT3423.jpg,nCT,0,3423,350
/content/data/Preprocessed CT scans/nCT/nCT3304.jpg,nCT,0,3304,350
/content/data/Preprocessed CT scans/nCT/nCT4151.jpg,nCT,0,4151,153
/content/data/Preprocessed CT scans/nCT/nCT1858.jpg,nCT,0,1858,211
/content/data/Preprocessed CT scans/nCT/nCT1936.jpg,nCT,0,1936,143
/content/data/Preprocessed CT scans/nCT/nCT1432.jpg,nCT,0,1432,345
/content/data/Preprocessed CT scans/nCT/nCT4887.jpg,nCT,0,4887,47
/content/data/Preprocessed CT scans/nCT/nCT6786.jpg,nCT,0,6786,105
/content/data/Preprocessed CT scans/nCT/nCT9542.jpg,nCT,0,9542,11
/content/data/Preprocessed CT scans/nCT/nCT1566.jpg,nCT,0,1566,345
/content/data/Preprocessed CT scans/nCT/nCT5063.jpg,nCT,0,5063,233
/content/data/Preprocessed CT scans/nCT/nCT421.jpg,nCT,0,421,328
/content/data/Preprocessed CT scans/nCT/nCT5553.jpg,nCT,0,5553,165
/content/data/Preprocessed CT scans/nCT/nCT4787.jpg,nCT,0,4787,360
/content/data/Preprocessed CT scans/nCT/nCT796.jpg,nCT,0,796,23
/content/data/Preprocessed CT scans/nCT/nCT7132.jpg,nCT,0,7132,204
/content/data/Preprocessed CT scans/nCT/nCT8927.jpg,nCT,0,8927,373
/content/data/Preprocessed CT scans/nCT/nCT828.jpg,nCT,0,828,208
/content/data/Preprocessed CT scans/nCT/nCT4693.jpg,nCT,0,4693,96
/content/data/Preprocessed CT scans/nCT/nCT4631.jpg,nCT,0,4631,91
/content/data/Preprocessed CT scans/nCT/nCT9611.jpg,nCT,0,9611,3
/content/data/Preprocessed CT scans/nCT/nCT7862.jpg,nCT,0,7862,41
/content/data/Preprocessed CT scans/nCT/nCT6331.jpg,nCT,0,6331,105
/content/data/Preprocessed CT scans/nCT/nCT1323.jpg,nCT,0,1323,367
/content/data/Preprocessed CT scans/nCT/nCT316.jpg,nCT,0,316,333
/content/data/Preprocessed CT scans/nCT/nCT5098.jpg,nCT,0,5098,386
/content/data/Preprocessed CT scans/nCT/nCT2395.jpg,nCT,0,2395,282
/content/data/Preprocessed CT scans/nCT/nCT8840.jpg,nCT,0,8840,135
/content/data/Preprocessed CT scans/nCT/nCT3539.jpg,nCT,0,3539,311
/content/data/Preprocessed CT scans/nCT/nCT7117.jpg,nCT,0,7117,13
/content/data/Preprocessed CT scans/nCT/nCT1141.jpg,nCT,0,1141,208
/content/data/Preprocessed CT scans/nCT/nCT8018.jpg,nCT,0,8018,92
/content/data/Preprocessed CT scans/nCT/nCT8218.jpg,nCT,0,8218,382
/content/data/Preprocessed CT scans/nCT/nCT5047.jpg,nCT,0,5047,195
/content/data/Preprocessed CT scans/nCT/nCT8358.jpg,nCT,0,8358,137
/content/data/Preprocessed CT scans/nCT/nCT9246.jpg,nCT,0,9246,332
/content/data/Preprocessed CT scans/nCT/nCT817.jpg,nCT,0,817,60
/content/data/Preprocessed CT scans/nCT/nCT8261.jpg,nCT,0,8261,41
/content/data/Preprocessed CT scans/nCT/nCT6005.jpg,nCT,0,6005,2
/content/data/Preprocessed CT scans/nCT/nCT4815.jpg,nCT,0,4815,165
/content/data/Preprocessed CT scans/nCT/nCT3126.jpg,nCT,0,3126,298
/content/data/Preprocessed CT scans/nCT/nCT4624.jpg,nCT,0,4624,208
/content/data/Preprocessed CT scans/nCT/nCT708.jpg,nCT,0,708,56
/content/data/Preprocessed CT scans/nCT/nCT3293.jpg,nCT,0,3293,98
/content/data/Preprocessed CT scans/nCT/nCT7296.jpg,nCT,0,7296,204
/content/data/Preprocessed CT scans/nCT/nCT8199.jpg,nCT,0,8199,30
/content/data/Preprocessed CT scans/nCT/nCT3411.jpg,nCT,0,3411,34
/content/data/Preprocessed CT scans/nCT/nCT2534.jpg,nCT,0,2534,306
/content/data/Preprocessed CT scans/nCT/nCT1921.jpg,nCT,0,1921,62
/content/data/Preprocessed CT scans/nCT/nCT1072.jpg,nCT,0,1072,56
/content/data/Preprocessed CT scans/nCT/nCT2055.jpg,nCT,0,2055,144
/content/data/Preprocessed CT scans/nCT/nCT9522.jpg,nCT,0,9522,171
/content/data/Preprocessed CT scans/nCT/nCT6467.jpg,nCT,0,6467,334
/content/data/Preprocessed CT scans/nCT/nCT3166.jpg,nCT,0,3166,185
/content/data/Preprocessed CT scans/nCT/nCT7073.jpg,nCT,0,7073,98
/content/data/Preprocessed CT scans/nCT/nCT3068.jpg,nCT,0,3068,25
/content/data/Preprocessed CT scans/nCT/nCT3993.jpg,nCT,0,3993,339
/content/data/Preprocessed CT scans/nCT/nCT3694.jpg,nCT,0,3694,271
/content/data/Preprocessed CT scans/nCT/nCT1124.jpg,nCT,0,1124,24
/content/data/Preprocessed CT scans/nCT/nCT4673.jpg,nCT,0,4673,80
/content/data/Preprocessed CT scans/nCT/nCT2909.jpg,nCT,0,2909,204
/content/data/Preprocessed CT scans/nCT/nCT2076.jpg,nCT,0,2076,158
/content/data/Preprocessed CT scans/nCT/nCT9598.jpg,nCT,0,9598,222
/content/data/Preprocessed CT scans/nCT/nCT1450.jpg,nCT,0,1450,165
/content/data/Preprocessed CT scans/nCT/nCT1467.jpg,nCT,0,1467,37
/content/data/Preprocessed CT scans/nCT/nCT8404.jpg,nCT,0,8404,92
/content/data/Preprocessed CT scans/nCT/nCT8158.jpg,nCT,0,8158,190
/content/data/Preprocessed CT scans/nCT/nCT7429.jpg,nCT,0,7429,75
/content/data/Preprocessed CT scans/nCT/nCT4725.jpg,nCT,0,4725,173
/content/data/Preprocessed CT scans/nCT/nCT3725.jpg,nCT,0,3725,13
/content/data/Preprocessed CT scans/nCT/nCT9870.jpg,nCT,0,9870,387
/content/data/Preprocessed CT scans/nCT/nCT7475.jpg,nCT,0,7475,37
/content/data/Preprocessed CT scans/nCT/nCT5721.jpg,nCT,0,5721,102
/content/data/Preprocessed CT scans/nCT/nCT5848.jpg,nCT,0,5848,370
/content/data/Preprocessed CT scans/nCT/nCT9270.jpg,nCT,0,9270,61
/content/data/Preprocessed CT scans/nCT/nCT273.jpg,nCT,0,273,9
/content/data/Preprocessed CT scans/nCT/nCT4978.jpg,nCT,0,4978,354
/content/data/Preprocessed CT scans/nCT/nCT5506.jpg,nCT,0,5506,304
/content/data/Preprocessed CT scans/nCT/nCT7866.jpg,nCT,0,7866,41
/content/data/Preprocessed CT scans/nCT/nCT2944.jpg,nCT,0,2944,339
/content/data/Preprocessed CT scans/nCT/nCT6427.jpg,nCT,0,6427,386
/content/data/Preprocessed CT scans/nCT/nCT9396.jpg,nCT,0,9396,112
/content/data/Preprocessed CT scans/nCT/nCT9792.jpg,nCT,0,9792,52
/content/data/Preprocessed CT scans/nCT/nCT7779.jpg,nCT,0,7779,149
/content/data/Preprocessed CT scans/nCT/nCT1915.jpg,nCT,0,1915,195
/content/data/Preprocessed CT scans/nCT/nCT3413.jpg,nCT,0,3413,272
/content/data/Preprocessed CT scans/nCT/nCT7302.jpg,nCT,0,7302,386
/content/data/Preprocessed CT scans/nCT/nCT8369.jpg,nCT,0,8369,137
/content/data/Preprocessed CT scans/nCT/nCT9172.jpg,nCT,0,9172,222
/content/data/Preprocessed CT scans/nCT/nCT5327.jpg,nCT,0,5327,13
/content/data/Preprocessed CT scans/nCT/nCT3959.jpg,nCT,0,3959,386
/content/data/Preprocessed CT scans/nCT/nCT8740.jpg,nCT,0,8740,19
/content/data/Preprocessed CT scans/nCT/nCT4542.jpg,nCT,0,4542,271
/content/data/Preprocessed CT scans/nCT/nCT3838.jpg,nCT,0,3838,47
/content/data/Preprocessed CT scans/nCT/nCT7430.jpg,nCT,0,7430,112
/content/data/Preprocessed CT scans/nCT/nCT2352.jpg,nCT,0,2352,81
/content/data/Preprocessed CT scans/nCT/nCT8879.jpg,nCT,0,8879,267
/content/data/Preprocessed CT scans/nCT/nCT9042.jpg,nCT,0,9042,256
/content/data/Preprocessed CT scans/nCT/nCT3105.jpg,nCT,0,3105,275
/content/data/Preprocessed CT scans/nCT/nCT6432.jpg,nCT,0,6432,258
/content/data/Preprocessed CT scans/nCT/nCT367.jpg,nCT,0,367,105
/content/data/Preprocessed CT scans/nCT/nCT6599.jpg,nCT,0,6599,236
/content/data/Preprocessed CT scans/nCT/nCT8559.jpg,nCT,0,8559,361
/content/data/Preprocessed CT scans/nCT/nCT1823.jpg,nCT,0,1823,175
/content/data/Preprocessed CT scans/nCT/nCT4014.jpg,nCT,0,4014,311
/content/data/Preprocessed CT scans/nCT/nCT4440.jpg,nCT,0,4440,252
/content/data/Preprocessed CT scans/nCT/nCT4041.jpg,nCT,0,4041,284
/content/data/Preprocessed CT scans/nCT/nCT213.jpg,nCT,0,213,22
/content/data/Preprocessed CT scans/nCT/nCT3525.jpg,nCT,0,3525,298
/content/data/Preprocessed CT scans/nCT/nCT725.jpg,nCT,0,725,22
/content/data/Preprocessed CT scans/nCT/nCT5868.jpg,nCT,0,5868,95
/content/data/Preprocessed CT scans/nCT/nCT2691.jpg,nCT,0,2691,206
/content/data/Preprocessed CT scans/nCT/nCT8633.jpg,nCT,0,8633,19
/content/data/Preprocessed CT scans/nCT/nCT7003.jpg,nCT,0,7003,350
/content/data/Preprocessed CT scans/nCT/nCT7703.jpg,nCT,0,7703,368
/content/data/Preprocessed CT scans/nCT/nCT1777.jpg,nCT,0,1777,335
/content/data/Preprocessed CT scans/nCT/nCT9295.jpg,nCT,0,9295,292
/content/data/Preprocessed CT scans/nCT/nCT8303.jpg,nCT,0,8303,28
/content/data/Preprocessed CT scans/nCT/nCT8812.jpg,nCT,0,8812,19
/content/data/Preprocessed CT scans/nCT/nCT6077.jpg,nCT,0,6077,47
/content/data/Preprocessed CT scans/nCT/nCT8075.jpg,nCT,0,8075,88
/content/data/Preprocessed CT scans/nCT/nCT3615.jpg,nCT,0,3615,60
/content/data/Preprocessed CT scans/nCT/nCT4962.jpg,nCT,0,4962,300
/content/data/Preprocessed CT scans/nCT/nCT9770.jpg,nCT,0,9770,3
/content/data/Preprocessed CT scans/nCT/nCT9431.jpg,nCT,0,9431,65
/content/data/Preprocessed CT scans/nCT/nCT8991.jpg,nCT,0,8991,106
/content/data/Preprocessed CT scans/nCT/nCT6205.jpg,nCT,0,6205,98
/content/data/Preprocessed CT scans/nCT/nCT8349.jpg,nCT,0,8349,164
/content/data/Preprocessed CT scans/nCT/nCT7641.jpg,nCT,0,7641,365
/content/data/Preprocessed CT scans/nCT/nCT71.jpg,nCT,0,71,231
/content/data/Preprocessed CT scans/nCT/nCT8201.jpg,nCT,0,8201,30
/content/data/Preprocessed CT scans/nCT/nCT6263.jpg,nCT,0,6263,333
/content/data/Preprocessed CT scans/nCT/nCT3221.jpg,nCT,0,3221,318
/content/data/Preprocessed CT scans/nCT/nCT9169.jpg,nCT,0,9169,222
/content/data/Preprocessed CT scans/nCT/nCT637.jpg,nCT,0,637,105
/content/data/Preprocessed CT scans/nCT/nCT4505.jpg,nCT,0,4505,209
/content/data/Preprocessed CT scans/nCT/nCT3237.jpg,nCT,0,3237,298
/content/data/Preprocessed CT scans/nCT/nCT7525.jpg,nCT,0,7525,318
/content/data/Preprocessed CT scans/nCT/nCT9948.jpg,nCT,0,9948,222
/content/data/Preprocessed CT scans/nCT/nCT4538.jpg,nCT,0,4538,275
/content/data/Preprocessed CT scans/nCT/nCT4584.jpg,nCT,0,4584,277
/content/data/Preprocessed CT scans/nCT/nCT7176.jpg,nCT,0,7176,167
/content/data/Preprocessed CT scans/nCT/nCT7424.jpg,nCT,0,7424,185
/content/data/Preprocessed CT scans/nCT/nCT9562.jpg,nCT,0,9562,389
/content/data/Preprocessed CT scans/nCT/nCT8348.jpg,nCT,0,8348,164
/content/data/Preprocessed CT scans/nCT/nCT664.jpg,nCT,0,664,333
/content/data/Preprocessed CT scans/nCT/nCT986.jpg,nCT,0,986,72
/content/data/Preprocessed CT scans/nCT/nCT1426.jpg,nCT,0,1426,249
/content/data/Preprocessed CT scans/nCT/nCT1330.jpg,nCT,0,1330,273
/content/data/Preprocessed CT scans/nCT/nCT351.jpg,nCT,0,351,333
/content/data/Preprocessed CT scans/nCT/nCT8865.jpg,nCT,0,8865,150
/content/data/Preprocessed CT scans/nCT/nCT2233.jpg,nCT,0,2233,323
/content/data/Preprocessed CT scans/nCT/nCT1558.jpg,nCT,0,1558,143
/content/data/Preprocessed CT scans/nCT/nCT510.jpg,nCT,0,510,119
/content/data/Preprocessed CT scans/nCT/nCT1190.jpg,nCT,0,1190,254
/content/data/Preprocessed CT scans/nCT/nCT5212.jpg,nCT,0,5212,58
/content/data/Preprocessed CT scans/nCT/nCT6279.jpg,nCT,0,6279,399
/content/data/Preprocessed CT scans/nCT/nCT8887.jpg,nCT,0,8887,373
/content/data/Preprocessed CT scans/nCT/nCT7552.jpg,nCT,0,7552,96
/content/data/Preprocessed CT scans/nCT/nCT9328.jpg,nCT,0,9328,389
/content/data/Preprocessed CT scans/nCT/nCT7770.jpg,nCT,0,7770,253
/content/data/Preprocessed CT scans/nCT/nCT660.jpg,nCT,0,660,145
/content/data/Preprocessed CT scans/nCT/nCT7576.jpg,nCT,0,7576,185
/content/data/Preprocessed CT scans/nCT/nCT4773.jpg,nCT,0,4773,208
/content/data/Preprocessed CT scans/nCT/nCT8339.jpg,nCT,0,8339,164
/content/data/Preprocessed CT scans/nCT/nCT5389.jpg,nCT,0,5389,229
/content/data/Preprocessed CT scans/nCT/nCT1709.jpg,nCT,0,1709,268
/content/data/Preprocessed CT scans/nCT/nCT1461.jpg,nCT,0,1461,335
/content/data/Preprocessed CT scans/nCT/nCT1579.jpg,nCT,0,1579,62
/content/data/Preprocessed CT scans/nCT/nCT7870.jpg,nCT,0,7870,41
/content/data/Preprocessed CT scans/nCT/nCT5147.jpg,nCT,0,5147,354
/content/data/Preprocessed CT scans/nCT/nCT5043.jpg,nCT,0,5043,299
/content/data/Preprocessed CT scans/nCT/nCT1152.jpg,nCT,0,1152,62
/content/data/Preprocessed CT scans/nCT/nCT4880.jpg,nCT,0,4880,195
/content/data/Preprocessed CT scans/nCT/nCT5854.jpg,nCT,0,5854,45
/content/data/Preprocessed CT scans/nCT/nCT2385.jpg,nCT,0,2385,282
/content/data/Preprocessed CT scans/nCT/nCT1377.jpg,nCT,0,1377,275
/content/data/Preprocessed CT scans/nCT/nCT3591.jpg,nCT,0,3591,204
/content/data/Preprocessed CT scans/nCT/nCT7166.jpg,nCT,0,7166,9
/content/data/Preprocessed CT scans/nCT/nCT9847.jpg,nCT,0,9847,101
/content/data/Preprocessed CT scans/nCT/nCT4148.jpg,nCT,0,4148,235
/content/data/Preprocessed CT scans/nCT/nCT7775.jpg,nCT,0,7775,149
/content/data/Preprocessed CT scans/nCT/nCT779.jpg,nCT,0,779,56
/content/data/Preprocessed CT scans/nCT/nCT1170.jpg,nCT,0,1170,335
/content/data/Preprocessed CT scans/nCT/nCT1105.jpg,nCT,0,1105,261
/content/data/Preprocessed CT scans/nCT/nCT884.jpg,nCT,0,884,93
/content/data/Preprocessed CT scans/nCT/nCT2516.jpg,nCT,0,2516,282
/content/data/Preprocessed CT scans/nCT/nCT9391.jpg,nCT,0,9391,390
/content/data/Preprocessed CT scans/nCT/nCT2146.jpg,nCT,0,2146,141
/content/data/Preprocessed CT scans/nCT/nCT5635.jpg,nCT,0,5635,80
/content/data/Preprocessed CT scans/nCT/nCT763.jpg,nCT,0,763,316
/content/data/Preprocessed CT scans/nCT/nCT8315.jpg,nCT,0,8315,164
/content/data/Preprocessed CT scans/nCT/nCT8948.jpg,nCT,0,8948,78
/content/data/Preprocessed CT scans/nCT/nCT8055.jpg,nCT,0,8055,65
/content/data/Preprocessed CT scans/nCT/nCT5030.jpg,nCT,0,5030,393
/content/data/Preprocessed CT scans/nCT/nCT4838.jpg,nCT,0,4838,165
/content/data/Preprocessed CT scans/nCT/nCT9761.jpg,nCT,0,9761,203
/content/data/Preprocessed CT scans/nCT/nCT8392.jpg,nCT,0,8392,149
/content/data/Preprocessed CT scans/nCT/nCT9754.jpg,nCT,0,9754,203
/content/data/Preprocessed CT scans/nCT/nCT5837.jpg,nCT,0,5837,162
/content/data/Preprocessed CT scans/nCT/nCT6816.jpg,nCT,0,6816,276
/content/data/Preprocessed CT scans/nCT/nCT1314.jpg,nCT,0,1314,345
/content/data/Preprocessed CT scans/nCT/nCT9096.jpg,nCT,0,9096,387
/content/data/Preprocessed CT scans/nCT/nCT2020.jpg,nCT,0,2020,158
/content/data/Preprocessed CT scans/nCT/nCT2305.jpg,nCT,0,2305,282
/content/data/Preprocessed CT scans/nCT/nCT3190.jpg,nCT,0,3190,98
/content/data/Preprocessed CT scans/nCT/nCT9326.jpg,nCT,0,9326,389
/content/data/Preprocessed CT scans/nCT/nCT9552.jpg,nCT,0,9552,11
/content/data/Preprocessed CT scans/nCT/nCT8637.jpg,nCT,0,8637,19
/content/data/Preprocessed CT scans/nCT/nCT8069.jpg,nCT,0,8069,88
/content/data/Preprocessed CT scans/nCT/nCT9721.jpg,nCT,0,9721,192
/content/data/Preprocessed CT scans/nCT/nCT4216.jpg,nCT,0,4216,354
/content/data/Preprocessed CT scans/nCT/nCT919.jpg,nCT,0,919,208
/content/data/Preprocessed CT scans/nCT/nCT2430.jpg,nCT,0,2430,347
/content/data/Preprocessed CT scans/nCT/nCT5092.jpg,nCT,0,5092,354
/content/data/Preprocessed CT scans/nCT/nCT6437.jpg,nCT,0,6437,235
/content/data/Preprocessed CT scans/nCT/nCT69.jpg,nCT,0,69,360
/content/data/Preprocessed CT scans/nCT/nCT535.jpg,nCT,0,535,101
/content/data/Preprocessed CT scans/nCT/nCT7050.jpg,nCT,0,7050,47
/content/data/Preprocessed CT scans/nCT/nCT951.jpg,nCT,0,951,214
/content/data/Preprocessed CT scans/nCT/nCT7705.jpg,nCT,0,7705,151
/content/data/Preprocessed CT scans/nCT/nCT6277.jpg,nCT,0,6277,17
/content/data/Preprocessed CT scans/nCT/nCT6045.jpg,nCT,0,6045,234
/content/data/Preprocessed CT scans/nCT/nCT7521.jpg,nCT,0,7521,316
/content/data/Preprocessed CT scans/nCT/nCT4986.jpg,nCT,0,4986,109
/content/data/Preprocessed CT scans/nCT/nCT8836.jpg,nCT,0,8836,135
/content/data/Preprocessed CT scans/nCT/nCT3035.jpg,nCT,0,3035,93
/content/data/Preprocessed CT scans/nCT/nCT4102.jpg,nCT,0,4102,316
/content/data/Preprocessed CT scans/nCT/nCT4744.jpg,nCT,0,4744,102
/content/data/Preprocessed CT scans/nCT/nCT8005.jpg,nCT,0,8005,253
/content/data/Preprocessed CT scans/nCT/nCT5140.jpg,nCT,0,5140,236
/content/data/Preprocessed CT scans/nCT/nCT9580.jpg,nCT,0,9580,389
/content/data/Preprocessed CT scans/nCT/nCT2506.jpg,nCT,0,2506,81
/content/data/Preprocessed CT scans/nCT/nCT9645.jpg,nCT,0,9645,256
/content/data/Preprocessed CT scans/nCT/nCT1757.jpg,nCT,0,1757,230
/content/data/Preprocessed CT scans/nCT/nCT2046.jpg,nCT,0,2046,62
/content/data/Preprocessed CT scans/nCT/nCT3230.jpg,nCT,0,3230,339
/content/data/Preprocessed CT scans/nCT/nCT6189.jpg,nCT,0,6189,236
/content/data/Preprocessed CT scans/nCT/nCT22.jpg,nCT,0,22,333
/content/data/Preprocessed CT scans/nCT/nCT5234.jpg,nCT,0,5234,208
/content/data/Preprocessed CT scans/nCT/nCT5974.jpg,nCT,0,5974,341
/content/data/Preprocessed CT scans/nCT/nCT4331.jpg,nCT,0,4331,47
/content/data/Preprocessed CT scans/nCT/nCT3610.jpg,nCT,0,3610,291
/content/data/Preprocessed CT scans/nCT/nCT722.jpg,nCT,0,722,24
/content/data/Preprocessed CT scans/nCT/nCT793.jpg,nCT,0,793,93
/content/data/Preprocessed CT scans/nCT/nCT9799.jpg,nCT,0,9799,188
/content/data/Preprocessed CT scans/nCT/nCT3754.jpg,nCT,0,3754,339
/content/data/Preprocessed CT scans/nCT/nCT6585.jpg,nCT,0,6585,235
/content/data/Preprocessed CT scans/nCT/nCT3334.jpg,nCT,0,3334,339
/content/data/Preprocessed CT scans/nCT/nCT6211.jpg,nCT,0,6211,304
/content/data/Preprocessed CT scans/nCT/nCT696.jpg,nCT,0,696,360
/content/data/Preprocessed CT scans/nCT/nCT2028.jpg,nCT,0,2028,143
/content/data/Preprocessed CT scans/nCT/nCT45.jpg,nCT,0,45,208
/content/data/Preprocessed CT scans/nCT/nCT5859.jpg,nCT,0,5859,355
/content/data/Preprocessed CT scans/nCT/nCT9873.jpg,nCT,0,9873,387
/content/data/Preprocessed CT scans/nCT/nCT5929.jpg,nCT,0,5929,354
/content/data/Preprocessed CT scans/nCT/nCT2083.jpg,nCT,0,2083,144
/content/data/Preprocessed CT scans/nCT/nCT3128.jpg,nCT,0,3128,98
/content/data/Preprocessed CT scans/nCT/nCT3098.jpg,nCT,0,3098,129
/content/data/Preprocessed CT scans/nCT/nCT6529.jpg,nCT,0,6529,195
/content/data/Preprocessed CT scans/nCT/nCT1703.jpg,nCT,0,1703,367
/content/data/Preprocessed CT scans/nCT/nCT5095.jpg,nCT,0,5095,80
/content/data/Preprocessed CT scans/nCT/nCT333.jpg,nCT,0,333,72
/content/data/Preprocessed CT scans/nCT/nCT231.jpg,nCT,0,231,392
/content/data/Preprocessed CT scans/nCT/nCT4233.jpg,nCT,0,4233,271
/content/data/Preprocessed CT scans/nCT/nCT6745.jpg,nCT,0,6745,45
/content/data/Preprocessed CT scans/nCT/nCT3831.jpg,nCT,0,3831,355
/content/data/Preprocessed CT scans/nCT/nCT6652.jpg,nCT,0,6652,162
/content/data/Preprocessed CT scans/nCT/nCT6546.jpg,nCT,0,6546,252
/content/data/Preprocessed CT scans/nCT/nCT8157.jpg,nCT,0,8157,190
/content/data/Preprocessed CT scans/nCT/nCT6262.jpg,nCT,0,6262,355
/content/data/Preprocessed CT scans/nCT/nCT2485.jpg,nCT,0,2485,347
/content/data/Preprocessed CT scans/nCT/nCT9519.jpg,nCT,0,9519,171
/content/data/Preprocessed CT scans/nCT/nCT2226.jpg,nCT,0,2226,141
/content/data/Preprocessed CT scans/nCT/nCT941.jpg,nCT,0,941,234
/content/data/Preprocessed CT scans/nCT/nCT7293.jpg,nCT,0,7293,91
/content/data/Preprocessed CT scans/nCT/nCT9682.jpg,nCT,0,9682,243
/content/data/Preprocessed CT scans/nCT/nCT9690.jpg,nCT,0,9690,192
/content/data/Preprocessed CT scans/nCT/nCT4458.jpg,nCT,0,4458,386
/content/data/Preprocessed CT scans/nCT/nCT558.jpg,nCT,0,558,22
/content/data/Preprocessed CT scans/nCT/nCT1262.jpg,nCT,0,1262,45
/content/data/Preprocessed CT scans/nCT/nCT9853.jpg,nCT,0,9853,267
/content/data/Preprocessed CT scans/nCT/nCT7507.jpg,nCT,0,7507,132
/content/data/Preprocessed CT scans/nCT/nCT1433.jpg,nCT,0,1433,24
/content/data/Preprocessed CT scans/nCT/nCT6365.jpg,nCT,0,6365,233
/content/data/Preprocessed CT scans/nCT/nCT8586.jpg,nCT,0,8586,255
/content/data/Preprocessed CT scans/nCT/nCT5906.jpg,nCT,0,5906,45
/content/data/Preprocessed CT scans/nCT/nCT6419.jpg,nCT,0,6419,236
/content/data/Preprocessed CT scans/nCT/nCT536.jpg,nCT,0,536,351
/content/data/Preprocessed CT scans/nCT/nCT6215.jpg,nCT,0,6215,333
/content/data/Preprocessed CT scans/nCT/nCT8817.jpg,nCT,0,8817,369
/content/data/Preprocessed CT scans/nCT/nCT7100.jpg,nCT,0,7100,399
/content/data/Preprocessed CT scans/nCT/nCT7316.jpg,nCT,0,7316,316
/content/data/Preprocessed CT scans/nCT/nCT240.jpg,nCT,0,240,249
/content/data/Preprocessed CT scans/nCT/nCT4795.jpg,nCT,0,4795,355
/content/data/Preprocessed CT scans/nCT/nCT230.jpg,nCT,0,230,119
/content/data/Preprocessed CT scans/nCT/nCT3076.jpg,nCT,0,3076,25
/content/data/Preprocessed CT scans/nCT/nCT4500.jpg,nCT,0,4500,300
/content/data/Preprocessed CT scans/nCT/nCT41.jpg,nCT,0,41,105
/content/data/Preprocessed CT scans/nCT/nCT1395.jpg,nCT,0,1395,37
/content/data/Preprocessed CT scans/nCT/nCT3472.jpg,nCT,0,3472,272
/content/data/Preprocessed CT scans/nCT/nCT8591.jpg,nCT,0,8591,255
/content/data/Preprocessed CT scans/nCT/nCT4215.jpg,nCT,0,4215,174
/content/data/Preprocessed CT scans/nCT/nCT9769.jpg,nCT,0,9769,3
/content/data/Preprocessed CT scans/nCT/nCT5624.jpg,nCT,0,5624,156
/content/data/Preprocessed CT scans/nCT/nCT3031.jpg,nCT,0,3031,350
/content/data/Preprocessed CT scans/nCT/nCT1074.jpg,nCT,0,1074,186
/content/data/Preprocessed CT scans/nCT/nCT6793.jpg,nCT,0,6793,357
/content/data/Preprocessed CT scans/nCT/nCT8402.jpg,nCT,0,8402,149
/content/data/Preprocessed CT scans/nCT/nCT1721.jpg,nCT,0,1721,216
/content/data/Preprocessed CT scans/nCT/nCT8269.jpg,nCT,0,8269,41
/content/data/Preprocessed CT scans/nCT/nCT8993.jpg,nCT,0,8993,106
/content/data/Preprocessed CT scans/nCT/nCT4850.jpg,nCT,0,4850,355
/content/data/Preprocessed CT scans/nCT/nCT3717.jpg,nCT,0,3717,311
/content/data/Preprocessed CT scans/nCT/nCT7365.jpg,nCT,0,7365,68
/content/data/Preprocessed CT scans/nCT/nCT6135.jpg,nCT,0,6135,282
/content/data/Preprocessed CT scans/nCT/nCT1525.jpg,nCT,0,1525,208
/content/data/Preprocessed CT scans/nCT/nCT4465.jpg,nCT,0,4465,233
/content/data/Preprocessed CT scans/nCT/nCT3099.jpg,nCT,0,3099,60
/content/data/Preprocessed CT scans/nCT/nCT921.jpg,nCT,0,921,231
/content/data/Preprocessed CT scans/nCT/nCT8883.jpg,nCT,0,8883,267
/content/data/Preprocessed CT scans/nCT/nCT1420.jpg,nCT,0,1420,62
/content/data/Preprocessed CT scans/nCT/nCT402.jpg,nCT,0,402,351
/content/data/Preprocessed CT scans/nCT/nCT3255.jpg,nCT,0,3255,25
/content/data/Preprocessed CT scans/nCT/nCT6237.jpg,nCT,0,6237,105
/content/data/Preprocessed CT scans/nCT/nCT5757.jpg,nCT,0,5757,304
/content/data/Preprocessed CT scans/nCT/nCT4947.jpg,nCT,0,4947,261
/content/data/Preprocessed CT scans/nCT/nCT5504.jpg,nCT,0,5504,386
/content/data/Preprocessed CT scans/nCT/nCT1971.jpg,nCT,0,1971,14
/content/data/Preprocessed CT scans/nCT/nCT8654.jpg,nCT,0,8654,121
/content/data/Preprocessed CT scans/nCT/nCT163.jpg,nCT,0,163,22
/content/data/Preprocessed CT scans/nCT/nCT1119.jpg,nCT,0,1119,351
/content/data/Preprocessed CT scans/nCT/nCT4519.jpg,nCT,0,4519,195
/content/data/Preprocessed CT scans/nCT/nCT9241.jpg,nCT,0,9241,332
/content/data/Preprocessed CT scans/nCT/nCT3797.jpg,nCT,0,3797,68
/content/data/Preprocessed CT scans/nCT/nCT7682.jpg,nCT,0,7682,241
/content/data/Preprocessed CT scans/nCT/nCT5002.jpg,nCT,0,5002,110
/content/data/Preprocessed CT scans/nCT/nCT4501.jpg,nCT,0,4501,230
/content/data/Preprocessed CT scans/nCT/nCT1132.jpg,nCT,0,1132,261
/content/data/Preprocessed CT scans/nCT/nCT2554.jpg,nCT,0,2554,4
/content/data/Preprocessed CT scans/nCT/nCT759.jpg,nCT,0,759,234
/content/data/Preprocessed CT scans/nCT/nCT3737.jpg,nCT,0,3737,47
/content/data/Preprocessed CT scans/nCT/nCT2716.jpg,nCT,0,2716,93
/content/data/Preprocessed CT scans/nCT/nCT3371.jpg,nCT,0,3371,96
/content/data/Preprocessed CT scans/nCT/nCT7464.jpg,nCT,0,7464,108
/content/data/Preprocessed CT scans/nCT/nCT4550.jpg,nCT,0,4550,383
/content/data/Preprocessed CT scans/nCT/nCT5658.jpg,nCT,0,5658,95
/content/data/Preprocessed CT scans/nCT/nCT8969.jpg,nCT,0,8969,222
/content/data/Preprocessed CT scans/nCT/nCT6717.jpg,nCT,0,6717,9
/content/data/Preprocessed CT scans/nCT/nCT8486.jpg,nCT,0,8486,253
/content/data/Preprocessed CT scans/nCT/nCT2569.jpg,nCT,0,2569,347
/content/data/Preprocessed CT scans/nCT/nCT4532.jpg,nCT,0,4532,316
/content/data/Preprocessed CT scans/nCT/nCT6343.jpg,nCT,0,6343,354
/content/data/Preprocessed CT scans/nCT/nCT5466.jpg,nCT,0,5466,105
/content/data/Preprocessed CT scans/nCT/nCT659.jpg,nCT,0,659,316
/content/data/Preprocessed CT scans/nCT/nCT6633.jpg,nCT,0,6633,276
/content/data/Preprocessed CT scans/nCT/nCT6746.jpg,nCT,0,6746,119
/content/data/Preprocessed CT scans/nCT/nCT1484.jpg,nCT,0,1484,304
/content/data/Preprocessed CT scans/nCT/nCT6867.jpg,nCT,0,6867,199
/content/data/Preprocessed CT scans/nCT/nCT2425.jpg,nCT,0,2425,81
/content/data/Preprocessed CT scans/nCT/nCT9259.jpg,nCT,0,9259,61
/content/data/Preprocessed CT scans/nCT/nCT2329.jpg,nCT,0,2329,269
/content/data/Preprocessed CT scans/nCT/nCT9421.jpg,nCT,0,9421,88
/content/data/Preprocessed CT scans/nCT/nCT3962.jpg,nCT,0,3962,334
/content/data/Preprocessed CT scans/nCT/nCT4867.jpg,nCT,0,4867,233
/content/data/Preprocessed CT scans/nCT/nCT2492.jpg,nCT,0,2492,347
/content/data/Preprocessed CT scans/nCT/nCT5677.jpg,nCT,0,5677,236
/content/data/Preprocessed CT scans/nCT/nCT6880.jpg,nCT,0,6880,56
/content/data/Preprocessed CT scans/nCT/nCT6942.jpg,nCT,0,6942,338
/content/data/Preprocessed CT scans/nCT/nCT2976.jpg,nCT,0,2976,209
/content/data/Preprocessed CT scans/nCT/nCT3329.jpg,nCT,0,3329,129
/content/data/Preprocessed CT scans/nCT/nCT3856.jpg,nCT,0,3856,47
/content/data/Preprocessed CT scans/nCT/nCT6715.jpg,nCT,0,6715,13
/content/data/Preprocessed CT scans/nCT/nCT1905.jpg,nCT,0,1905,142
/content/data/Preprocessed CT scans/nCT/nCT8071.jpg,nCT,0,8071,88
/content/data/Preprocessed CT scans/nCT/nCT2019.jpg,nCT,0,2019,62
/content/data/Preprocessed CT scans/nCT/nCT9347.jpg,nCT,0,9347,179
/content/data/Preprocessed CT scans/nCT/nCT5543.jpg,nCT,0,5543,304
/content/data/Preprocessed CT scans/nCT/nCT9191.jpg,nCT,0,9191,41
/content/data/Preprocessed CT scans/nCT/nCT8165.jpg,nCT,0,8165,190
/content/data/Preprocessed CT scans/nCT/nCT7718.jpg,nCT,0,7718,151
/content/data/Preprocessed CT scans/nCT/nCT5226.jpg,nCT,0,5226,95
/content/data/Preprocessed CT scans/nCT/nCT1451.jpg,nCT,0,1451,268
/content/data/Preprocessed CT scans/nCT/nCT9576.jpg,nCT,0,9576,389
/content/data/Preprocessed CT scans/nCT/nCT1679.jpg,nCT,0,1679,230
/content/data/Preprocessed CT scans/nCT/nCT9084.jpg,nCT,0,9084,19
/content/data/Preprocessed CT scans/nCT/nCT1620.jpg,nCT,0,1620,367
/content/data/Preprocessed CT scans/nCT/nCT8482.jpg,nCT,0,8482,103
/content/data/Preprocessed CT scans/nCT/nCT2509.jpg,nCT,0,2509,282
/content/data/Preprocessed CT scans/nCT/nCT4765.jpg,nCT,0,4765,83
/content/data/Preprocessed CT scans/nCT/nCT1416.jpg,nCT,0,1416,40
/content/data/Preprocessed CT scans/nCT/nCT5869.jpg,nCT,0,5869,341
/content/data/Preprocessed CT scans/nCT/nCT4363.jpg,nCT,0,4363,279
/content/data/Preprocessed CT scans/nCT/nCT697.jpg,nCT,0,697,333
/content/data/Preprocessed CT scans/nCT/nCT5827.jpg,nCT,0,5827,357
/content/data/Preprocessed CT scans/nCT/nCT9539.jpg,nCT,0,9539,11
/content/data/Preprocessed CT scans/nCT/nCT2769.jpg,nCT,0,2769,275
/content/data/Preprocessed CT scans/nCT/nCT8619.jpg,nCT,0,8619,19
/content/data/Preprocessed CT scans/nCT/nCT4548.jpg,nCT,0,4548,271
/content/data/Preprocessed CT scans/nCT/nCT7312.jpg,nCT,0,7312,96
/content/data/Preprocessed CT scans/nCT/nCT3116.jpg,nCT,0,3116,233
/content/data/Preprocessed CT scans/nCT/nCT4640.jpg,nCT,0,4640,197
/content/data/Preprocessed CT scans/nCT/nCT505.jpg,nCT,0,505,351
/content/data/Preprocessed CT scans/nCT/nCT8646.jpg,nCT,0,8646,121
/content/data/Preprocessed CT scans/nCT/nCT9350.jpg,nCT,0,9350,179
/content/data/Preprocessed CT scans/nCT/nCT7801.jpg,nCT,0,7801,149
/content/data/Preprocessed CT scans/nCT/nCT9755.jpg,nCT,0,9755,203
/content/data/Preprocessed CT scans/nCT/nCT9661.jpg,nCT,0,9661,241
/content/data/Preprocessed CT scans/nCT/nCT8052.jpg,nCT,0,8052,65
/content/data/Preprocessed CT scans/nCT/nCT5052.jpg,nCT,0,5052,204
/content/data/Preprocessed CT scans/nCT/nCT8422.jpg,nCT,0,8422,92
/content/data/Preprocessed CT scans/nCT/nCT6111.jpg,nCT,0,6111,249
/content/data/Preprocessed CT scans/nCT/nCT2295.jpg,nCT,0,2295,341
/content/data/Preprocessed CT scans/nCT/nCT665.jpg,nCT,0,665,231
/content/data/Preprocessed CT scans/nCT/nCT1933.jpg,nCT,0,1933,40
/content/data/Preprocessed CT scans/nCT/nCT3864.jpg,nCT,0,3864,108
/content/data/Preprocessed CT scans/nCT/nCT3567.jpg,nCT,0,3567,108
/content/data/Preprocessed CT scans/nCT/nCT4957.jpg,nCT,0,4957,305
/content/data/Preprocessed CT scans/nCT/nCT1950.jpg,nCT,0,1950,216
/content/data/Preprocessed CT scans/nCT/nCT9263.jpg,nCT,0,9263,61
/content/data/Preprocessed CT scans/nCT/nCT1663.jpg,nCT,0,1663,26
/content/data/Preprocessed CT scans/nCT/nCT7215.jpg,nCT,0,7215,91
/content/data/Preprocessed CT scans/nCT/nCT257.jpg,nCT,0,257,6
/content/data/Preprocessed CT scans/nCT/nCT1632.jpg,nCT,0,1632,345
/content/data/Preprocessed CT scans/nCT/nCT1597.jpg,nCT,0,1597,26
/content/data/Preprocessed CT scans/nCT/nCT18.jpg,nCT,0,18,156
/content/data/Preprocessed CT scans/nCT/nCT5834.jpg,nCT,0,5834,105
/content/data/Preprocessed CT scans/nCT/nCT8416.jpg,nCT,0,8416,92
/content/data/Preprocessed CT scans/nCT/nCT9797.jpg,nCT,0,9797,188
/content/data/Preprocessed CT scans/nCT/nCT195.jpg,nCT,0,195,392
/content/data/Preprocessed CT scans/nCT/nCT1959.jpg,nCT,0,1959,323
/content/data/Preprocessed CT scans/nCT/nCT4971.jpg,nCT,0,4971,156
/content/data/Preprocessed CT scans/nCT/nCT5087.jpg,nCT,0,5087,393
/content/data/Preprocessed CT scans/nCT/nCT2088.jpg,nCT,0,2088,14
/content/data/Preprocessed CT scans/nCT/nCT6353.jpg,nCT,0,6353,110
/content/data/Preprocessed CT scans/nCT/nCT5274.jpg,nCT,0,5274,98
/content/data/Preprocessed CT scans/nCT/nCT6550.jpg,nCT,0,6550,2
/content/data/Preprocessed CT scans/nCT/nCT8632.jpg,nCT,0,8632,19
/content/data/Preprocessed CT scans/nCT/nCT6044.jpg,nCT,0,6044,101
/content/data/Preprocessed CT scans/nCT/nCT6907.jpg,nCT,0,6907,360
/content/data/Preprocessed CT scans/nCT/nCT3586.jpg,nCT,0,3586,386
/content/data/Preprocessed CT scans/nCT/nCT9830.jpg,nCT,0,9830,256
/content/data/Preprocessed CT scans/nCT/nCT7996.jpg,nCT,0,7996,253
/content/data/Preprocessed CT scans/nCT/nCT784.jpg,nCT,0,784,58
/content/data/Preprocessed CT scans/nCT/nCT6924.jpg,nCT,0,6924,162
/content/data/Preprocessed CT scans/nCT/nCT713.jpg,nCT,0,713,58
/content/data/Preprocessed CT scans/nCT/nCT5094.jpg,nCT,0,5094,390
/content/data/Preprocessed CT scans/nCT/nCT8325.jpg,nCT,0,8325,28
/content/data/Preprocessed CT scans/nCT/nCT5917.jpg,nCT,0,5917,235
/content/data/Preprocessed CT scans/nCT/nCT443.jpg,nCT,0,443,56
/content/data/Preprocessed CT scans/nCT/nCT8471.jpg,nCT,0,8471,103
/content/data/Preprocessed CT scans/nCT/nCT2578.jpg,nCT,0,2578,4
/content/data/Preprocessed CT scans/nCT/nCT9173.jpg,nCT,0,9173,222
/content/data/Preprocessed CT scans/nCT/nCT6542.jpg,nCT,0,6542,22
/content/data/Preprocessed CT scans/nCT/nCT2784.jpg,nCT,0,2784,91
/content/data/Preprocessed CT scans/nCT/nCT7345.jpg,nCT,0,7345,204
/content/data/Preprocessed CT scans/nCT/nCT9677.jpg,nCT,0,9677,243
/content/data/Preprocessed CT scans/nCT/nCT5311.jpg,nCT,0,5311,80
/content/data/Preprocessed CT scans/nCT/nCT6349.jpg,nCT,0,6349,339
/content/data/Preprocessed CT scans/nCT/nCT6540.jpg,nCT,0,6540,235
/content/data/Preprocessed CT scans/nCT/nCT7096.jpg,nCT,0,7096,167
/content/data/Preprocessed CT scans/nCT/nCT2063.jpg,nCT,0,2063,323
/content/data/Preprocessed CT scans/nCT/nCT507.jpg,nCT,0,507,72
/content/data/Preprocessed CT scans/nCT/nCT7154.jpg,nCT,0,7154,172
/content/data/Preprocessed CT scans/nCT/nCT4309.jpg,nCT,0,4309,197
/content/data/Preprocessed CT scans/nCT/nCT8150.jpg,nCT,0,8150,190
/content/data/Preprocessed CT scans/nCT/nCT3648.jpg,nCT,0,3648,34
/content/data/Preprocessed CT scans/nCT/nCT411.jpg,nCT,0,411,293
/content/data/Preprocessed CT scans/nCT/nCT3680.jpg,nCT,0,3680,316
/content/data/Preprocessed CT scans/nCT/nCT1866.jpg,nCT,0,1866,216
/content/data/Preprocessed CT scans/nCT/nCT5564.jpg,nCT,0,5564,399
/content/data/Preprocessed CT scans/nCT/nCT7087.jpg,nCT,0,7087,346
/content/data/Preprocessed CT scans/nCT/nCT5055.jpg,nCT,0,5055,98
/content/data/Preprocessed CT scans/nCT/nCT910.jpg,nCT,0,910,214
/content/data/Preprocessed CT scans/nCT/nCT8224.jpg,nCT,0,8224,314
/content/data/Preprocessed CT scans/nCT/nCT182.jpg,nCT,0,182,240
/content/data/Preprocessed CT scans/nCT/nCT2090.jpg,nCT,0,2090,323
/content/data/Preprocessed CT scans/nCT/nCT1478.jpg,nCT,0,1478,175
/content/data/Preprocessed CT scans/nCT/nCT3286.jpg,nCT,0,3286,96
/content/data/Preprocessed CT scans/nCT/nCT8304.jpg,nCT,0,8304,28
/content/data/Preprocessed CT scans/nCT/nCT949.jpg,nCT,0,949,47
/content/data/Preprocessed CT scans/nCT/nCT3407.jpg,nCT,0,3407,298
/content/data/Preprocessed CT scans/nCT/nCT4799.jpg,nCT,0,4799,102
/content/data/Preprocessed CT scans/nCT/nCT2667.jpg,nCT,0,2667,27
/content/data/Preprocessed CT scans/nCT/nCT4891.jpg,nCT,0,4891,261
/content/data/Preprocessed CT scans/nCT/nCT8043.jpg,nCT,0,8043,70
/content/data/Preprocessed CT scans/nCT/nCT3903.jpg,nCT,0,3903,91
/content/data/Preprocessed CT scans/nCT/nCT2910.jpg,nCT,0,2910,390
/content/data/Preprocessed CT scans/nCT/nCT7242.jpg,nCT,0,7242,112
/content/data/Preprocessed CT scans/nCT/nCT5925.jpg,nCT,0,5925,133
/content/data/Preprocessed CT scans/nCT/nCT6334.jpg,nCT,0,6334,162
/content/data/Preprocessed CT scans/nCT/nCT9115.jpg,nCT,0,9115,247
/content/data/Preprocessed CT scans/nCT/nCT9284.jpg,nCT,0,9284,292
/content/data/Preprocessed CT scans/nCT/nCT8182.jpg,nCT,0,8182,30
/content/data/Preprocessed CT scans/nCT/nCT6242.jpg,nCT,0,6242,101
/content/data/Preprocessed CT scans/nCT/nCT4477.jpg,nCT,0,4477,275
/content/data/Preprocessed CT scans/nCT/nCT9243.jpg,nCT,0,9243,332
/content/data/Preprocessed CT scans/nCT/nCT8314.jpg,nCT,0,8314,164
/content/data/Preprocessed CT scans/nCT/nCT1044.jpg,nCT,0,1044,56
/content/data/Preprocessed CT scans/nCT/nCT6838.jpg,nCT,0,6838,96
/content/data/Preprocessed CT scans/nCT/nCT4429.jpg,nCT,0,4429,233
/content/data/Preprocessed CT scans/nCT/nCT17.jpg,nCT,0,17,249
/content/data/Preprocessed CT scans/nCT/nCT6925.jpg,nCT,0,6925,230
/content/data/Preprocessed CT scans/nCT/nCT3811.jpg,nCT,0,3811,271
/content/data/Preprocessed CT scans/nCT/nCT8380.jpg,nCT,0,8380,137
/content/data/Preprocessed CT scans/nCT/nCT9657.jpg,nCT,0,9657,241
/content/data/Preprocessed CT scans/nCT/nCT8614.jpg,nCT,0,8614,19
/content/data/Preprocessed CT scans/nCT/nCT5129.jpg,nCT,0,5129,300
/content/data/Preprocessed CT scans/nCT/nCT7011.jpg,nCT,0,7011,108
/content/data/Preprocessed CT scans/nCT/nCT7019.jpg,nCT,0,7019,119
/content/data/Preprocessed CT scans/nCT/nCT4685.jpg,nCT,0,4685,22
/content/data/Preprocessed CT scans/nCT/nCT2287.jpg,nCT,0,2287,282
/content/data/Preprocessed CT scans/nCT/nCT8362.jpg,nCT,0,8362,137
/content/data/Preprocessed CT scans/nCT/nCT8077.jpg,nCT,0,8077,88
/content/data/Preprocessed CT scans/nCT/nCT5956.jpg,nCT,0,5956,235
/content/data/Preprocessed CT scans/nCT/nCT4466.jpg,nCT,0,4466,100
/content/data/Preprocessed CT scans/nCT/nCT3167.jpg,nCT,0,3167,339
/content/data/Preprocessed CT scans/nCT/nCT6471.jpg,nCT,0,6471,357
/content/data/Preprocessed CT scans/nCT/nCT4528.jpg,nCT,0,4528,233
/content/data/Preprocessed CT scans/nCT/nCT712.jpg,nCT,0,712,108
/content/data/Preprocessed CT scans/nCT/nCT5593.jpg,nCT,0,5593,13
/content/data/Preprocessed CT scans/nCT/nCT5627.jpg,nCT,0,5627,390
/content/data/Preprocessed CT scans/nCT/nCT7888.jpg,nCT,0,7888,28
/content/data/Preprocessed CT scans/nCT/nCT7700.jpg,nCT,0,7700,368
/content/data/Preprocessed CT scans/nCT/nCT9273.jpg,nCT,0,9273,61
/content/data/Preprocessed CT scans/nCT/nCT218.jpg,nCT,0,218,240
/content/data/Preprocessed CT scans/nCT/nCT8095.jpg,nCT,0,8095,274
/content/data/Preprocessed CT scans/nCT/nCT7981.jpg,nCT,0,7981,253
/content/data/Preprocessed CT scans/nCT/nCT2189.jpg,nCT,0,2189,233
/content/data/Preprocessed CT scans/nCT/nCT6806.jpg,nCT,0,6806,338
/content/data/Preprocessed CT scans/nCT/nCT5872.jpg,nCT,0,5872,233
/content/data/Preprocessed CT scans/nCT/nCT358.jpg,nCT,0,358,110
/content/data/Preprocessed CT scans/nCT/nCT2760.jpg,nCT,0,2760,109
/content/data/Preprocessed CT scans/nCT/nCT249.jpg,nCT,0,249,145
/content/data/Preprocessed CT scans/nCT/nCT197.jpg,nCT,0,197,58
/content/data/Preprocessed CT scans/nCT/nCT1958.jpg,nCT,0,1958,214
/content/data/Preprocessed CT scans/nCT/nCT8822.jpg,nCT,0,8822,242
/content/data/Preprocessed CT scans/nCT/nCT3207.jpg,nCT,0,3207,109
/content/data/Preprocessed CT scans/nCT/nCT3808.jpg,nCT,0,3808,25
/content/data/Preprocessed CT scans/nCT/nCT102.jpg,nCT,0,102,129
/content/data/Preprocessed CT scans/nCT/nCT5387.jpg,nCT,0,5387,246
/content/data/Preprocessed CT scans/nCT/nCT844.jpg,nCT,0,844,108
/content/data/Preprocessed CT scans/nCT/nCT310.jpg,nCT,0,310,96
/content/data/Preprocessed CT scans/nCT/nCT5651.jpg,nCT,0,5651,354
/content/data/Preprocessed CT scans/nCT/nCT3563.jpg,nCT,0,3563,316
/content/data/Preprocessed CT scans/nCT/nCT758.jpg,nCT,0,758,214
/content/data/Preprocessed CT scans/nCT/nCT7318.jpg,nCT,0,7318,316
/content/data/Preprocessed CT scans/nCT/nCT4702.jpg,nCT,0,4702,231
/content/data/Preprocessed CT scans/nCT/nCT795.jpg,nCT,0,795,345
/content/data/Preprocessed CT scans/nCT/nCT5136.jpg,nCT,0,5136,167
/content/data/Preprocessed CT scans/nCT/nCT1255.jpg,nCT,0,1255,275
/content/data/Preprocessed CT scans/nCT/nCT4135.jpg,nCT,0,4135,275
/content/data/Preprocessed CT scans/nCT/nCT2302.jpg,nCT,0,2302,81
/content/data/Preprocessed CT scans/nCT/nCT8026.jpg,nCT,0,8026,92
/content/data/Preprocessed CT scans/nCT/nCT646.jpg,nCT,0,646,58
/content/data/Preprocessed CT scans/nCT/nCT1901.jpg,nCT,0,1901,216
/content/data/Preprocessed CT scans/nCT/nCT1782.jpg,nCT,0,1782,216
/content/data/Preprocessed CT scans/nCT/nCT4062.jpg,nCT,0,4062,252
/content/data/Preprocessed CT scans/nCT/nCT2841.jpg,nCT,0,2841,339
/content/data/Preprocessed CT scans/nCT/nCT4323.jpg,nCT,0,4323,250
/content/data/Preprocessed CT scans/nCT/nCT9280.jpg,nCT,0,9280,292
/content/data/Preprocessed CT scans/nCT/nCT9010.jpg,nCT,0,9010,188
/content/data/Preprocessed CT scans/nCT/nCT2613.jpg,nCT,0,2613,347
/content/data/Preprocessed CT scans/nCT/nCT9249.jpg,nCT,0,9249,332
/content/data/Preprocessed CT scans/nCT/nCT4293.jpg,nCT,0,4293,209
/content/data/Preprocessed CT scans/nCT/nCT5117.jpg,nCT,0,5117,110
/content/data/Preprocessed CT scans/nCT/nCT3771.jpg,nCT,0,3771,305
/content/data/Preprocessed CT scans/nCT/nCT7723.jpg,nCT,0,7723,151
/content/data/Preprocessed CT scans/nCT/nCT5723.jpg,nCT,0,5723,130
/content/data/Preprocessed CT scans/nCT/nCT4162.jpg,nCT,0,4162,101
/content/data/Preprocessed CT scans/nCT/nCT7111.jpg,nCT,0,7111,109
/content/data/Preprocessed CT scans/nCT/nCT4643.jpg,nCT,0,4643,277
/content/data/Preprocessed CT scans/nCT/nCT7460.jpg,nCT,0,7460,378
/content/data/Preprocessed CT scans/nCT/nCT9974.jpg,nCT,0,9974,158
/content/data/Preprocessed CT scans/nCT/nCT2438.jpg,nCT,0,2438,347
/content/data/Preprocessed CT scans/nCT/nCT8353.jpg,nCT,0,8353,137
/content/data/Preprocessed CT scans/nCT/nCT6153.jpg,nCT,0,6153,234
/content/data/Preprocessed CT scans/nCT/nCT8399.jpg,nCT,0,8399,149
/content/data/Preprocessed CT scans/nCT/nCT9850.jpg,nCT,0,9850,387
/content/data/Preprocessed CT scans/nCT/nCT7984.jpg,nCT,0,7984,253
/content/data/Preprocessed CT scans/nCT/nCT1981.jpg,nCT,0,1981,14
/content/data/Preprocessed CT scans/nCT/nCT5580.jpg,nCT,0,5580,204
/content/data/Preprocessed CT scans/nCT/nCT2513.jpg,nCT,0,2513,81
/content/data/Preprocessed CT scans/nCT/nCT5403.jpg,nCT,0,5403,102
/content/data/Preprocessed CT scans/nCT/nCT8672.jpg,nCT,0,8672,121
/content/data/Preprocessed CT scans/nCT/nCT5124.jpg,nCT,0,5124,305
/content/data/Preprocessed CT scans/nCT/nCT5836.jpg,nCT,0,5836,173
/content/data/Preprocessed CT scans/nCT/nCT5322.jpg,nCT,0,5322,350
/content/data/Preprocessed CT scans/nCT/nCT9334.jpg,nCT,0,9334,389
/content/data/Preprocessed CT scans/nCT/nCT1978.jpg,nCT,0,1978,40
/content/data/Preprocessed CT scans/nCT/nCT2431.jpg,nCT,0,2431,269
/content/data/Preprocessed CT scans/nCT/nCT8216.jpg,nCT,0,8216,382
/content/data/Preprocessed CT scans/nCT/nCT50.jpg,nCT,0,50,236
/content/data/Preprocessed CT scans/nCT/nCT7441.jpg,nCT,0,7441,27
/content/data/Preprocessed CT scans/nCT/nCT5683.jpg,nCT,0,5683,234
/content/data/Preprocessed CT scans/nCT/nCT9499.jpg,nCT,0,9499,274
/content/data/Preprocessed CT scans/nCT/nCT3133.jpg,nCT,0,3133,112
/content/data/Preprocessed CT scans/nCT/nCT8441.jpg,nCT,0,8441,182
/content/data/Preprocessed CT scans/nCT/nCT9749.jpg,nCT,0,9749,286
/content/data/Preprocessed CT scans/nCT/nCT8034.jpg,nCT,0,8034,70
/content/data/Preprocessed CT scans/nCT/nCT4364.jpg,nCT,0,4364,233
/content/data/Preprocessed CT scans/nCT/nCT8613.jpg,nCT,0,8613,19
/content/data/Preprocessed CT scans/nCT/nCT8875.jpg,nCT,0,8875,150
/content/data/Preprocessed CT scans/nCT/nCT9691.jpg,nCT,0,9691,192
/content/data/Preprocessed CT scans/nCT/nCT3185.jpg,nCT,0,3185,276
/content/data/Preprocessed CT scans/nCT/nCT9722.jpg,nCT,0,9722,192
/content/data/Preprocessed CT scans/nCT/nCT2903.jpg,nCT,0,2903,27
/content/data/Preprocessed CT scans/nCT/nCT7710.jpg,nCT,0,7710,151
/content/data/Preprocessed CT scans/nCT/nCT8447.jpg,nCT,0,8447,182
/content/data/Preprocessed CT scans/nCT/nCT887.jpg,nCT,0,887,341
/content/data/Preprocessed CT scans/nCT/nCT7364.jpg,nCT,0,7364,25
/content/data/Preprocessed CT scans/nCT/nCT3438.jpg,nCT,0,3438,60
/content/data/Preprocessed CT scans/nCT/nCT8905.jpg,nCT,0,8905,373
/content/data/Preprocessed CT scans/nCT/nCT766.jpg,nCT,0,766,23
/content/data/Preprocessed CT scans/nCT/nCT908.jpg,nCT,0,908,60
/content/data/Preprocessed CT scans/nCT/nCT4846.jpg,nCT,0,4846,386
/content/data/Preprocessed CT scans/nCT/nCT476.jpg,nCT,0,476,119
/content/data/Preprocessed CT scans/nCT/nCT6863.jpg,nCT,0,6863,360
/content/data/Preprocessed CT scans/nCT/nCT7459.jpg,nCT,0,7459,112
/content/data/Preprocessed CT scans/nCT/nCT2981.jpg,nCT,0,2981,93
/content/data/Preprocessed CT scans/nCT/nCT9775.jpg,nCT,0,9775,3
/content/data/Preprocessed CT scans/nCT/nCT124.jpg,nCT,0,124,236
/content/data/Preprocessed CT scans/nCT/nCT2528.jpg,nCT,0,2528,347
/content/data/Preprocessed CT scans/nCT/nCT6022.jpg,nCT,0,6022,95
/content/data/Preprocessed CT scans/nCT/nCT2503.jpg,nCT,0,2503,306
/content/data/Preprocessed CT scans/nCT/nCT5021.jpg,nCT,0,5021,130
/content/data/Preprocessed CT scans/nCT/nCT6424.jpg,nCT,0,6424,162
/content/data/Preprocessed CT scans/nCT/nCT4206.jpg,nCT,0,4206,386
/content/data/Preprocessed CT scans/nCT/nCT8475.jpg,nCT,0,8475,103
/content/data/Preprocessed CT scans/nCT/nCT1861.jpg,nCT,0,1861,120
/content/data/Preprocessed CT scans/nCT/nCT3589.jpg,nCT,0,3589,386
/content/data/Preprocessed CT scans/nCT/nCT8560.jpg,nCT,0,8560,361
/content/data/Preprocessed CT scans/nCT/nCT6472.jpg,nCT,0,6472,162
/content/data/Preprocessed CT scans/nCT/nCT7883.jpg,nCT,0,7883,28
/content/data/Preprocessed CT scans/nCT/nCT9666.jpg,nCT,0,9666,243
/content/data/Preprocessed CT scans/nCT/nCT6398.jpg,nCT,0,6398,110
/content/data/Preprocessed CT scans/nCT/nCT5248.jpg,nCT,0,5248,393
/content/data/Preprocessed CT scans/nCT/nCT9171.jpg,nCT,0,9171,222
/content/data/Preprocessed CT scans/nCT/nCT9252.jpg,nCT,0,9252,332
/content/data/Preprocessed CT scans/nCT/nCT6824.jpg,nCT,0,6824,399
/content/data/Preprocessed CT scans/nCT/nCT6788.jpg,nCT,0,6788,308
/content/data/Preprocessed CT scans/nCT/nCT8450.jpg,nCT,0,8450,182
/content/data/Preprocessed CT scans/nCT/nCT5898.jpg,nCT,0,5898,334
/content/data/Preprocessed CT scans/nCT/nCT2565.jpg,nCT,0,2565,347
/content/data/Preprocessed CT scans/nCT/nCT7782.jpg,nCT,0,7782,149
/content/data/Preprocessed CT scans/nCT/nCT5107.jpg,nCT,0,5107,45
/content/data/Preprocessed CT scans/nCT/nCT8190.jpg,nCT,0,8190,30
/content/data/Preprocessed CT scans/nCT/nCT120.jpg,nCT,0,120,56
/content/data/Preprocessed CT scans/nCT/nCT385.jpg,nCT,0,385,328
/content/data/Preprocessed CT scans/nCT/nCT8167.jpg,nCT,0,8167,380
/content/data/Preprocessed CT scans/nCT/nCT5270.jpg,nCT,0,5270,246
/content/data/Preprocessed CT scans/nCT/nCT6578.jpg,nCT,0,6578,110
/content/data/Preprocessed CT scans/nCT/nCT8001.jpg,nCT,0,8001,253
/content/data/Preprocessed CT scans/nCT/nCT7177.jpg,nCT,0,7177,91
/content/data/Preprocessed CT scans/nCT/nCT8186.jpg,nCT,0,8186,30
/content/data/Preprocessed CT scans/nCT/nCT806.jpg,nCT,0,806,193
/content/data/Preprocessed CT scans/nCT/nCT324.jpg,nCT,0,324,360
/content/data/Preprocessed CT scans/nCT/nCT5287.jpg,nCT,0,5287,304
/content/data/Preprocessed CT scans/nCT/nCT7592.jpg,nCT,0,7592,234
/content/data/Preprocessed CT scans/nCT/nCT3819.jpg,nCT,0,3819,334
/content/data/Preprocessed CT scans/nCT/nCT8452.jpg,nCT,0,8452,103
/content/data/Preprocessed CT scans/nCT/nCT7679.jpg,nCT,0,7679,241
/content/data/Preprocessed CT scans/nCT/nCT1770.jpg,nCT,0,1770,14
/content/data/Preprocessed CT scans/nCT/nCT1589.jpg,nCT,0,1589,345
/content/data/Preprocessed CT scans/nCT/nCT9776.jpg,nCT,0,9776,3
/content/data/Preprocessed CT scans/nCT/nCT5862.jpg,nCT,0,5862,250
/content/data/Preprocessed CT scans/nCT/nCT870.jpg,nCT,0,870,341
/content/data/Preprocessed CT scans/nCT/nCT2552.jpg,nCT,0,2552,347
/content/data/Preprocessed CT scans/nCT/nCT564.jpg,nCT,0,564,360
/content/data/Preprocessed CT scans/nCT/nCT6418.jpg,nCT,0,6418,156
/content/data/Preprocessed CT scans/nCT/nCT8191.jpg,nCT,0,8191,30
/content/data/Preprocessed CT scans/nCT/nCT5041.jpg,nCT,0,5041,386
/content/data/Preprocessed CT scans/nCT/nCT4889.jpg,nCT,0,4889,333
/content/data/Preprocessed CT scans/nCT/nCT8041.jpg,nCT,0,8041,70
/content/data/Preprocessed CT scans/nCT/nCT1062.jpg,nCT,0,1062,214
/content/data/Preprocessed CT scans/nCT/nCT4446.jpg,nCT,0,4446,360
/content/data/Preprocessed CT scans/nCT/nCT504.jpg,nCT,0,504,101
/content/data/Preprocessed CT scans/nCT/nCT2360.jpg,nCT,0,2360,142
/content/data/Preprocessed CT scans/nCT/nCT7246.jpg,nCT,0,7246,252
/content/data/Preprocessed CT scans/nCT/nCT1731.jpg,nCT,0,1731,14
/content/data/Preprocessed CT scans/nCT/nCT9786.jpg,nCT,0,9786,3
/content/data/Preprocessed CT scans/nCT/nCT198.jpg,nCT,0,198,22
/content/data/Preprocessed CT scans/nCT/nCT5017.jpg,nCT,0,5017,300
/content/data/Preprocessed CT scans/nCT/nCT1346.jpg,nCT,0,1346,367
/content/data/Preprocessed CT scans/nCT/nCT7805.jpg,nCT,0,7805,149
/content/data/Preprocessed CT scans/nCT/nCT4752.jpg,nCT,0,4752,105
/content/data/Preprocessed CT scans/nCT/nCT2793.jpg,nCT,0,2793,27
/content/data/Preprocessed CT scans/nCT/nCT1561.jpg,nCT,0,1561,165
/content/data/Preprocessed CT scans/nCT/nCT2502.jpg,nCT,0,2502,81
/content/data/Preprocessed CT scans/nCT/nCT5368.jpg,nCT,0,5368,83
/content/data/Preprocessed CT scans/nCT/nCT645.jpg,nCT,0,645,108
/content/data/Preprocessed CT scans/nCT/nCT1319.jpg,nCT,0,1319,335
/content/data/Preprocessed CT scans/nCT/nCT2372.jpg,nCT,0,2372,81
/content/data/Preprocessed CT scans/nCT/nCT1688.jpg,nCT,0,1688,143
/content/data/Preprocessed CT scans/nCT/nCT9495.jpg,nCT,0,9495,274
/content/data/Preprocessed CT scans/nCT/nCT9430.jpg,nCT,0,9430,65
/content/data/Preprocessed CT scans/nCT/nCT2911.jpg,nCT,0,2911,91
/content/data/Preprocessed CT scans/nCT/nCT3839.jpg,nCT,0,3839,390
/content/data/Preprocessed CT scans/nCT/nCT7586.jpg,nCT,0,7586,329
/content/data/Preprocessed CT scans/nCT/nCT3261.jpg,nCT,0,3261,109
/content/data/Preprocessed CT scans/nCT/nCT9167.jpg,nCT,0,9167,222
/content/data/Preprocessed CT scans/nCT/nCT5068.jpg,nCT,0,5068,305
/content/data/Preprocessed CT scans/nCT/nCT7295.jpg,nCT,0,7295,96
/content/data/Preprocessed CT scans/nCT/nCT5305.jpg,nCT,0,5305,172
/content/data/Preprocessed CT scans/nCT/nCT3756.jpg,nCT,0,3756,34
/content/data/Preprocessed CT scans/nCT/nCT3603.jpg,nCT,0,3603,386
/content/data/Preprocessed CT scans/nCT/nCT3325.jpg,nCT,0,3325,68
/content/data/Preprocessed CT scans/nCT/nCT8320.jpg,nCT,0,8320,164
/content/data/Preprocessed CT scans/nCT/nCT1586.jpg,nCT,0,1586,24
/content/data/Preprocessed CT scans/nCT/nCT8924.jpg,nCT,0,8924,373
/content/data/Preprocessed CT scans/nCT/nCT939.jpg,nCT,0,939,261
/content/data/Preprocessed CT scans/nCT/nCT6479.jpg,nCT,0,6479,217
/content/data/Preprocessed CT scans/nCT/nCT3928.jpg,nCT,0,3928,279
/content/data/Preprocessed CT scans/nCT/nCT4854.jpg,nCT,0,4854,102
/content/data/Preprocessed CT scans/nCT/nCT8219.jpg,nCT,0,8219,382
/content/data/Preprocessed CT scans/nCT/nCT966.jpg,nCT,0,966,93
/content/data/Preprocessed CT scans/nCT/nCT9856.jpg,nCT,0,9856,387
/content/data/Preprocessed CT scans/nCT/nCT3774.jpg,nCT,0,3774,350
/content/data/Preprocessed CT scans/nCT/nCT3239.jpg,nCT,0,3239,98
/content/data/Preprocessed CT scans/nCT/nCT8446.jpg,nCT,0,8446,182
/content/data/Preprocessed CT scans/nCT/nCT2355.jpg,nCT,0,2355,282
/content/data/Preprocessed CT scans/nCT/nCT4672.jpg,nCT,0,4672,354
/content/data/Preprocessed CT scans/nCT/nCT9712.jpg,nCT,0,9712,267
/content/data/Preprocessed CT scans/nCT/nCT803.jpg,nCT,0,803,335
/content/data/Preprocessed CT scans/nCT/nCT1984.jpg,nCT,0,1984,230
/content/data/Preprocessed CT scans/nCT/nCT8381.jpg,nCT,0,8381,137
/content/data/Preprocessed CT scans/nCT/nCT1612.jpg,nCT,0,1612,214
/content/data/Preprocessed CT scans/nCT/nCT3807.jpg,nCT,0,3807,279
/content/data/Preprocessed CT scans/nCT/nCT3918.jpg,nCT,0,3918,316
/content/data/Preprocessed CT scans/nCT/nCT57.jpg,nCT,0,57,249
/content/data/Preprocessed CT scans/nCT/nCT5144.jpg,nCT,0,5144,42
/content/data/Preprocessed CT scans/nCT/nCT3011.jpg,nCT,0,3011,350
/content/data/Preprocessed CT scans/nCT/nCT8624.jpg,nCT,0,8624,19
/content/data/Preprocessed CT scans/nCT/nCT5480.jpg,nCT,0,5480,224
/content/data/Preprocessed CT scans/nCT/nCT8923.jpg,nCT,0,8923,373
/content/data/Preprocessed CT scans/nCT/nCT5115.jpg,nCT,0,5115,229
/content/data/Preprocessed CT scans/nCT/nCT7865.jpg,nCT,0,7865,41
/content/data/Preprocessed CT scans/nCT/nCT9275.jpg,nCT,0,9275,61
/content/data/Preprocessed CT scans/nCT/nCT9299.jpg,nCT,0,9299,292
/content/data/Preprocessed CT scans/nCT/nCT4572.jpg,nCT,0,4572,91
/content/data/Preprocessed CT scans/nCT/nCT5839.jpg,nCT,0,5839,47
/content/data/Preprocessed CT scans/nCT/nCT9032.jpg,nCT,0,9032,256
/content/data/Preprocessed CT scans/nCT/nCT9964.jpg,nCT,0,9964,129
/content/data/Preprocessed CT scans/nCT/nCT5495.jpg,nCT,0,5495,250
/content/data/Preprocessed CT scans/nCT/nCT8750.jpg,nCT,0,8750,361
/content/data/Preprocessed CT scans/nCT/nCT3403.jpg,nCT,0,3403,165
/content/data/Preprocessed CT scans/nCT/nCT6477.jpg,nCT,0,6477,25
/content/data/Preprocessed CT scans/nCT/nCT7783.jpg,nCT,0,7783,149
/content/data/Preprocessed CT scans/nCT/nCT484.jpg,nCT,0,484,301
/content/data/Preprocessed CT scans/nCT/nCT5850.jpg,nCT,0,5850,2
/content/data/Preprocessed CT scans/nCT/nCT3053.jpg,nCT,0,3053,129
/content/data/Preprocessed CT scans/nCT/nCT3178.jpg,nCT,0,3178,350
/content/data/Preprocessed CT scans/nCT/nCT8019.jpg,nCT,0,8019,92
/content/data/Preprocessed CT scans/nCT/nCT8033.jpg,nCT,0,8033,253
/content/data/Preprocessed CT scans/nCT/nCT2979.jpg,nCT,0,2979,112
/content/data/Preprocessed CT scans/nCT/nCT7547.jpg,nCT,0,7547,197
/content/data/Preprocessed CT scans/nCT/nCT856.jpg,nCT,0,856,345
/content/data/Preprocessed CT scans/nCT/nCT2383.jpg,nCT,0,2383,27
/content/data/Preprocessed CT scans/nCT/nCT301.jpg,nCT,0,301,119
/content/data/Preprocessed CT scans/nCT/nCT6596.jpg,nCT,0,6596,102
/content/data/Preprocessed CT scans/nCT/nCT5722.jpg,nCT,0,5722,282
/content/data/Preprocessed CT scans/nCT/nCT2890.jpg,nCT,0,2890,75
/content/data/Preprocessed CT scans/nCT/nCT1210.jpg,nCT,0,1210,234
/content/data/Preprocessed CT scans/nCT/nCT9588.jpg,nCT,0,9588,370
/content/data/Preprocessed CT scans/nCT/nCT6137.jpg,nCT,0,6137,156
/content/data/Preprocessed CT scans/nCT/nCT4231.jpg,nCT,0,4231,284
/content/data/Preprocessed CT scans/nCT/nCT3016.jpg,nCT,0,3016,390
/content/data/Preprocessed CT scans/nCT/nCT5571.jpg,nCT,0,5571,172
/content/data/Preprocessed CT scans/nCT/nCT5411.jpg,nCT,0,5411,236
/content/data/Preprocessed CT scans/nCT/nCT5446.jpg,nCT,0,5446,95
/content/data/Preprocessed CT scans/nCT/nCT6679.jpg,nCT,0,6679,360
/content/data/Preprocessed CT scans/nCT/nCT6954.jpg,nCT,0,6954,360
/content/data/Preprocessed CT scans/nCT/nCT15.jpg,nCT,0,15,129
/content/data/Preprocessed CT scans/nCT/nCT6157.jpg,nCT,0,6157,195
/content/data/Preprocessed CT scans/nCT/nCT6383.jpg,nCT,0,6383,91
/content/data/Preprocessed CT scans/nCT/nCT5736.jpg,nCT,0,5736,80
/content/data/Preprocessed CT scans/nCT/nCT5932.jpg,nCT,0,5932,282
/content/data/Preprocessed CT scans/nCT/nCT36.jpg,nCT,0,36,240
/content/data/Preprocessed CT scans/nCT/nCT1893.jpg,nCT,0,1893,211
/content/data/Preprocessed CT scans/nCT/nCT6246.jpg,nCT,0,6246,293
/content/data/Preprocessed CT scans/nCT/nCT5440.jpg,nCT,0,5440,250
/content/data/Preprocessed CT scans/nCT/nCT967.jpg,nCT,0,967,261
/content/data/Preprocessed CT scans/nCT/nCT1232.jpg,nCT,0,1232,275
/content/data/Preprocessed CT scans/nCT/nCT5220.jpg,nCT,0,5220,250
/content/data/Preprocessed CT scans/nCT/nCT8908.jpg,nCT,0,8908,373
/content/data/Preprocessed CT scans/nCT/nCT9264.jpg,nCT,0,9264,61
/content/data/Preprocessed CT scans/nCT/nCT9945.jpg,nCT,0,9945,222
/content/data/Preprocessed CT scans/nCT/nCT9578.jpg,nCT,0,9578,389
/content/data/Preprocessed CT scans/nCT/nCT8866.jpg,nCT,0,8866,150
/content/data/Preprocessed CT scans/nCT/nCT5816.jpg,nCT,0,5816,341
/content/data/Preprocessed CT scans/nCT/nCT6870.jpg,nCT,0,6870,6
/content/data/Preprocessed CT scans/nCT/nCT6575.jpg,nCT,0,6575,249
/content/data/Preprocessed CT scans/nCT/nCT3708.jpg,nCT,0,3708,386
/content/data/Preprocessed CT scans/nCT/nCT6648.jpg,nCT,0,6648,105
/content/data/Preprocessed CT scans/nCT/nCT3326.jpg,nCT,0,3326,316
/content/data/Preprocessed CT scans/nCT/nCT4984.jpg,nCT,0,4984,83
/content/data/Preprocessed CT scans/nCT/nCT5086.jpg,nCT,0,5086,271
/content/data/Preprocessed CT scans/nCT/nCT244.jpg,nCT,0,244,333
/content/data/Preprocessed CT scans/nCT/nCT7419.jpg,nCT,0,7419,316
/content/data/Preprocessed CT scans/nCT/nCT9120.jpg,nCT,0,9120,247
/content/data/Preprocessed CT scans/nCT/nCT5397.jpg,nCT,0,5397,304
/content/data/Preprocessed CT scans/nCT/nCT5756.jpg,nCT,0,5756,250
/content/data/Preprocessed CT scans/nCT/nCT3385.jpg,nCT,0,3385,316
/content/data/Preprocessed CT scans/nCT/nCT465.jpg,nCT,0,465,47
/content/data/Preprocessed CT scans/nCT/nCT3465.jpg,nCT,0,3465,298
/content/data/Preprocessed CT scans/nCT/nCT3208.jpg,nCT,0,3208,25
/content/data/Preprocessed CT scans/nCT/nCT9016.jpg,nCT,0,9016,41
/content/data/Preprocessed CT scans/nCT/nCT9466.jpg,nCT,0,9466,88
/content/data/Preprocessed CT scans/nCT/nCT2409.jpg,nCT,0,2409,79
/content/data/Preprocessed CT scans/nCT/nCT5889.jpg,nCT,0,5889,162
/content/data/Preprocessed CT scans/nCT/nCT5137.jpg,nCT,0,5137,120
/content/data/Preprocessed CT scans/nCT/nCT7112.jpg,nCT,0,7112,172
/content/data/Preprocessed CT scans/nCT/nCT8168.jpg,nCT,0,8168,380
/content/data/Preprocessed CT scans/nCT/nCT5118.jpg,nCT,0,5118,346
/content/data/Preprocessed CT scans/nCT/nCT7890.jpg,nCT,0,7890,28
/content/data/Preprocessed CT scans/nCT/nCT6091.jpg,nCT,0,6091,105
/content/data/Preprocessed CT scans/nCT/nCT4930.jpg,nCT,0,4930,109
/content/data/Preprocessed CT scans/nCT/nCT1785.jpg,nCT,0,1785,143
/content/data/Preprocessed CT scans/nCT/nCT3123.jpg,nCT,0,3123,277
/content/data/Preprocessed CT scans/nCT/nCT4195.jpg,nCT,0,4195,91
/content/data/Preprocessed CT scans/nCT/nCT103.jpg,nCT,0,103,145
/content/data/Preprocessed CT scans/nCT/nCT2399.jpg,nCT,0,2399,269
/content/data/Preprocessed CT scans/nCT/nCT5930.jpg,nCT,0,5930,399
/content/data/Preprocessed CT scans/nCT/nCT5513.jpg,nCT,0,5513,282
/content/data/Preprocessed CT scans/nCT/nCT1054.jpg,nCT,0,1054,45
/content/data/Preprocessed CT scans/nCT/nCT141.jpg,nCT,0,141,276
/content/data/Preprocessed CT scans/nCT/nCT6085.jpg,nCT,0,6085,102
/content/data/Preprocessed CT scans/nCT/nCT234.jpg,nCT,0,234,58
/content/data/Preprocessed CT scans/nCT/nCT6912.jpg,nCT,0,6912,199
/content/data/Preprocessed CT scans/nCT/nCT8675.jpg,nCT,0,8675,361
/content/data/Preprocessed CT scans/nCT/nCT3437.jpg,nCT,0,3437,98
/content/data/Preprocessed CT scans/nCT/nCT7993.jpg,nCT,0,7993,253
/content/data/Preprocessed CT scans/nCT/nCT8798.jpg,nCT,0,8798,19
/content/data/Preprocessed CT scans/nCT/nCT6590.jpg,nCT,0,6590,252
/content/data/Preprocessed CT scans/nCT/nCT9570.jpg,nCT,0,9570,78
/content/data/Preprocessed CT scans/nCT/nCT9496.jpg,nCT,0,9496,274
/content/data/Preprocessed CT scans/nCT/nCT2683.jpg,nCT,0,2683,206
/content/data/Preprocessed CT scans/nCT/nCT5315.jpg,nCT,0,5315,109
/content/data/Preprocessed CT scans/nCT/nCT1779.jpg,nCT,0,1779,40
/content/data/Preprocessed CT scans/nCT/nCT4731.jpg,nCT,0,4731,354
/content/data/Preprocessed CT scans/nCT/nCT1114.jpg,nCT,0,1114,208
/content/data/Preprocessed CT scans/nCT/nCT7689.jpg,nCT,0,7689,241
/content/data/Preprocessed CT scans/nCT/nCT7968.jpg,nCT,0,7968,242
/content/data/Preprocessed CT scans/nCT/nCT2647.jpg,nCT,0,2647,206
/content/data/Preprocessed CT scans/nCT/nCT2553.jpg,nCT,0,2553,347
/content/data/Preprocessed CT scans/nCT/nCT5245.jpg,nCT,0,5245,156
/content/data/Preprocessed CT scans/nCT/nCT8374.jpg,nCT,0,8374,137
/content/data/Preprocessed CT scans/nCT/nCT4766.jpg,nCT,0,4766,25
/content/data/Preprocessed CT scans/nCT/nCT6284.jpg,nCT,0,6284,236
/content/data/Preprocessed CT scans/nCT/nCT8181.jpg,nCT,0,8181,30
/content/data/Preprocessed CT scans/nCT/nCT6601.jpg,nCT,0,6601,105
/content/data/Preprocessed CT scans/nCT/nCT5004.jpg,nCT,0,5004,346
/content/data/Preprocessed CT scans/nCT/nCT1099.jpg,nCT,0,1099,56
/content/data/Preprocessed CT scans/nCT/nCT5010.jpg,nCT,0,5010,386
/content/data/Preprocessed CT scans/nCT/nCT3295.jpg,nCT,0,3295,276
/content/data/Preprocessed CT scans/nCT/nCT598.jpg,nCT,0,598,115
/content/data/Preprocessed CT scans/nCT/nCT3736.jpg,nCT,0,3736,275
/content/data/Preprocessed CT scans/nCT/nCT4017.jpg,nCT,0,4017,197
/content/data/Preprocessed CT scans/nCT/nCT9330.jpg,nCT,0,9330,389
/content/data/Preprocessed CT scans/nCT/nCT1883.jpg,nCT,0,1883,216
/content/data/Preprocessed CT scans/nCT/nCT8839.jpg,nCT,0,8839,135
/content/data/Preprocessed CT scans/nCT/nCT5209.jpg,nCT,0,5209,119
/content/data/Preprocessed CT scans/nCT/nCT2665.jpg,nCT,0,2665,206
/content/data/Preprocessed CT scans/nCT/nCT4051.jpg,nCT,0,4051,316
/content/data/Preprocessed CT scans/nCT/nCT3180.jpg,nCT,0,3180,277
/content/data/Preprocessed CT scans/nCT/nCT1240.jpg,nCT,0,1240,341
/content/data/Preprocessed CT scans/nCT/nCT148.jpg,nCT,0,148,6
/content/data/Preprocessed CT scans/nCT/nCT3826.jpg,nCT,0,3826,112
/content/data/Preprocessed CT scans/nCT/nCT2738.jpg,nCT,0,2738,234
/content/data/Preprocessed CT scans/nCT/nCT4389.jpg,nCT,0,4389,47
/content/data/Preprocessed CT scans/nCT/nCT6971.jpg,nCT,0,6971,167
/content/data/Preprocessed CT scans/nCT/nCT3578.jpg,nCT,0,3578,277
/content/data/Preprocessed CT scans/nCT/nCT8683.jpg,nCT,0,8683,188
/content/data/Preprocessed CT scans/nCT/nCT9724.jpg,nCT,0,9724,192
/content/data/Preprocessed CT scans/nCT/nCT2833.jpg,nCT,0,2833,339
/content/data/Preprocessed CT scans/nCT/nCT7189.jpg,nCT,0,7189,34
/content/data/Preprocessed CT scans/nCT/nCT6167.jpg,nCT,0,6167,333
/content/data/Preprocessed CT scans/nCT/nCT2325.jpg,nCT,0,2325,282
/content/data/Preprocessed CT scans/nCT/nCT4597.jpg,nCT,0,4597,130
/content/data/Preprocessed CT scans/nCT/nCT5474.jpg,nCT,0,5474,47
/content/data/Preprocessed CT scans/nCT/nCT9312.jpg,nCT,0,9312,292
/content/data/Preprocessed CT scans/nCT/nCT833.jpg,nCT,0,833,120
/content/data/Preprocessed CT scans/nCT/nCT899.jpg,nCT,0,899,367
/content/data/Preprocessed CT scans/nCT/nCT7780.jpg,nCT,0,7780,149
/content/data/Preprocessed CT scans/nCT/nCT6031.jpg,nCT,0,6031,230
/content/data/Preprocessed CT scans/nCT/nCT5288.jpg,nCT,0,5288,209
/content/data/Preprocessed CT scans/nCT/nCT4934.jpg,nCT,0,4934,195
/content/data/Preprocessed CT scans/nCT/nCT1061.jpg,nCT,0,1061,231
/content/data/Preprocessed CT scans/nCT/nCT1695.jpg,nCT,0,1695,345
/content/data/Preprocessed CT scans/nCT/nCT6142.jpg,nCT,0,6142,393
/content/data/Preprocessed CT scans/nCT/nCT9440.jpg,nCT,0,9440,41
/content/data/Preprocessed CT scans/nCT/nCT4901.jpg,nCT,0,4901,305
/content/data/Preprocessed CT scans/nCT/nCT275.jpg,nCT,0,275,316
/content/data/Preprocessed CT scans/nCT/nCT1218.jpg,nCT,0,1218,354
/content/data/Preprocessed CT scans/nCT/nCT9612.jpg,nCT,0,9612,3
/content/data/Preprocessed CT scans/nCT/nCT9302.jpg,nCT,0,9302,292
/content/data/Preprocessed CT scans/nCT/nCT5019.jpg,nCT,0,5019,102
/content/data/Preprocessed CT scans/nCT/nCT6512.jpg,nCT,0,6512,334
/content/data/Preprocessed CT scans/nCT/nCT4710.jpg,nCT,0,4710,174
/content/data/Preprocessed CT scans/nCT/nCT1771.jpg,nCT,0,1771,175
/content/data/Preprocessed CT scans/nCT/nCT2523.jpg,nCT,0,2523,81
/content/data/Preprocessed CT scans/nCT/nCT1093.jpg,nCT,0,1093,351
/content/data/Preprocessed CT scans/nCT/nCT7202.jpg,nCT,0,7202,112
/content/data/Preprocessed CT scans/nCT/nCT6789.jpg,nCT,0,6789,162
/content/data/Preprocessed CT scans/nCT/nCT9547.jpg,nCT,0,9547,11
/content/data/Preprocessed CT scans/nCT/nCT2719.jpg,nCT,0,2719,233
/content/data/Preprocessed CT scans/nCT/nCT3480.jpg,nCT,0,3480,112
/content/data/Preprocessed CT scans/nCT/nCT9911.jpg,nCT,0,9911,78
/content/data/Preprocessed CT scans/nCT/nCT5374.jpg,nCT,0,5374,119
/content/data/Preprocessed CT scans/nCT/nCT1877.jpg,nCT,0,1877,136
/content/data/Preprocessed CT scans/nCT/nCT5991.jpg,nCT,0,5991,173
/content/data/Preprocessed CT scans/nCT/nCT3848.jpg,nCT,0,3848,174
/content/data/Preprocessed CT scans/nCT/nCT4792.jpg,nCT,0,4792,305
/content/data/Preprocessed CT scans/nCT/nCT2964.jpg,nCT,0,2964,25
/content/data/Preprocessed CT scans/nCT/nCT1389.jpg,nCT,0,1389,304
/content/data/Preprocessed CT scans/nCT/nCT3107.jpg,nCT,0,3107,129
/content/data/Preprocessed CT scans/nCT/nCT8375.jpg,nCT,0,8375,137
/content/data/Preprocessed CT scans/nCT/nCT1392.jpg,nCT,0,1392,40
/content/data/Preprocessed CT scans/nCT/nCT8080.jpg,nCT,0,8080,88
/content/data/Preprocessed CT scans/nCT/nCT8617.jpg,nCT,0,8617,19
/content/data/Preprocessed CT scans/nCT/nCT1681.jpg,nCT,0,1681,335
/content/data/Preprocessed CT scans/nCT/nCT4688.jpg,nCT,0,4688,261
/content/data/Preprocessed CT scans/nCT/nCT6525.jpg,nCT,0,6525,217
/content/data/Preprocessed CT scans/nCT/nCT6066.jpg,nCT,0,6066,110
/content/data/Preprocessed CT scans/nCT/nCT2338.jpg,nCT,0,2338,252
/content/data/Preprocessed CT scans/nCT/nCT4081.jpg,nCT,0,4081,277
/content/data/Preprocessed CT scans/nCT/nCT837.jpg,nCT,0,837,193
/content/data/Preprocessed CT scans/nCT/nCT7715.jpg,nCT,0,7715,151
/content/data/Preprocessed CT scans/nCT/nCT2585.jpg,nCT,0,2585,347
/content/data/Preprocessed CT scans/nCT/nCT7362.jpg,nCT,0,7362,108
/content/data/Preprocessed CT scans/nCT/nCT1845.jpg,nCT,0,1845,120
/content/data/Preprocessed CT scans/nCT/nCT9205.jpg,nCT,0,9205,65
/content/data/Preprocessed CT scans/nCT/nCT1086.jpg,nCT,0,1086,341
/content/data/Preprocessed CT scans/nCT/nCT9591.jpg,nCT,0,9591,370
/content/data/Preprocessed CT scans/nCT/nCT6078.jpg,nCT,0,6078,233
/content/data/Preprocessed CT scans/nCT/nCT2839.jpg,nCT,0,2839,34
/content/data/Preprocessed CT scans/nCT/nCT9194.jpg,nCT,0,9194,91
/content/data/Preprocessed CT scans/nCT/nCT3023.jpg,nCT,0,3023,98
/content/data/Preprocessed CT scans/nCT/nCT9510.jpg,nCT,0,9510,171
/content/data/Preprocessed CT scans/nCT/nCT4823.jpg,nCT,0,4823,2
/content/data/Preprocessed CT scans/nCT/nCT395.jpg,nCT,0,395,360
/content/data/Preprocessed CT scans/nCT/nCT1863.jpg,nCT,0,1863,195
/content/data/Preprocessed CT scans/nCT/nCT8622.jpg,nCT,0,8622,19
/content/data/Preprocessed CT scans/nCT/nCT9704.jpg,nCT,0,9704,267
/content/data/Preprocessed CT scans/nCT/nCT7674.jpg,nCT,0,7674,28
/content/data/Preprocessed CT scans/nCT/nCT4011.jpg,nCT,0,4011,100
/content/data/Preprocessed CT scans/nCT/nCT6778.jpg,nCT,0,6778,240
/content/data/Preprocessed CT scans/nCT/nCT548.jpg,nCT,0,548,301
/content/data/Preprocessed CT scans/nCT/nCT9285.jpg,nCT,0,9285,292
/content/data/Preprocessed CT scans/nCT/nCT4420.jpg,nCT,0,4420,284
/content/data/Preprocessed CT scans/nCT/nCT8412.jpg,nCT,0,8412,92
/content/data/Preprocessed CT scans/nCT/nCT8079.jpg,nCT,0,8079,88
/content/data/Preprocessed CT scans/nCT/nCT2201.jpg,nCT,0,2201,79
/content/data/Preprocessed CT scans/nCT/nCT9760.jpg,nCT,0,9760,203
/content/data/Preprocessed CT scans/nCT/nCT5814.jpg,nCT,0,5814,95
/content/data/Preprocessed CT scans/nCT/nCT5302.jpg,nCT,0,5302,105
/content/data/Preprocessed CT scans/nCT/nCT2987.jpg,nCT,0,2987,316
/content/data/Preprocessed CT scans/nCT/nCT6990.jpg,nCT,0,6990,9
/content/data/Preprocessed CT scans/nCT/nCT5973.jpg,nCT,0,5973,229
/content/data/Preprocessed CT scans/nCT/nCT5883.jpg,nCT,0,5883,197
/content/data/Preprocessed CT scans/nCT/nCT8151.jpg,nCT,0,8151,190
/content/data/Preprocessed CT scans/nCT/nCT361.jpg,nCT,0,361,231
/content/data/Preprocessed CT scans/nCT/nCT5097.jpg,nCT,0,5097,83
/content/data/Preprocessed CT scans/nCT/nCT3530.jpg,nCT,0,3530,34
/content/data/Preprocessed CT scans/nCT/nCT1758.jpg,nCT,0,1758,136
/content/data/Preprocessed CT scans/nCT/nCT3576.jpg,nCT,0,3576,271
/content/data/Preprocessed CT scans/nCT/nCT1214.jpg,nCT,0,1214,93
/content/data/Preprocessed CT scans/nCT/nCT8378.jpg,nCT,0,8378,137
/content/data/Preprocessed CT scans/nCT/nCT8234.jpg,nCT,0,8234,314
/content/data/Preprocessed CT scans/nCT/nCT3770.jpg,nCT,0,3770,355
/content/data/Preprocessed CT scans/nCT/nCT8493.jpg,nCT,0,8493,253
/content/data/Preprocessed CT scans/nCT/nCT1881.jpg,nCT,0,1881,40
/content/data/Preprocessed CT scans/nCT/nCT6043.jpg,nCT,0,6043,162
/content/data/Preprocessed CT scans/nCT/nCT4562.jpg,nCT,0,4562,300
/content/data/Preprocessed CT scans/nCT/nCT4061.jpg,nCT,0,4061,390
/content/data/Preprocessed CT scans/nCT/nCT9494.jpg,nCT,0,9494,274
/content/data/Preprocessed CT scans/nCT/nCT8081.jpg,nCT,0,8081,88
/content/data/Preprocessed CT scans/nCT/nCT5528.jpg,nCT,0,5528,204
/content/data/Preprocessed CT scans/nCT/nCT3639.jpg,nCT,0,3639,34
/content/data/Preprocessed CT scans/nCT/nCT4812.jpg,nCT,0,4812,233
/content/data/Preprocessed CT scans/nCT/nCT6255.jpg,nCT,0,6255,2
/content/data/Preprocessed CT scans/nCT/nCT6244.jpg,nCT,0,6244,208
/content/data/Preprocessed CT scans/nCT/nCT3439.jpg,nCT,0,3439,244
/content/data/Preprocessed CT scans/nCT/nCT5453.jpg,nCT,0,5453,355
/content/data/Preprocessed CT scans/nCT/nCT9365.jpg,nCT,0,9365,179
/content/data/Preprocessed CT scans/nCT/nCT3948.jpg,nCT,0,3948,100
/content/data/Preprocessed CT scans/nCT/nCT1227.jpg,nCT,0,1227,62
/content/data/Preprocessed CT scans/nCT/nCT7895.jpg,nCT,0,7895,241
/content/data/Preprocessed CT scans/nCT/nCT3516.jpg,nCT,0,3516,233
/content/data/Preprocessed CT scans/nCT/nCT9363.jpg,nCT,0,9363,179
/content/data/Preprocessed CT scans/nCT/nCT8468.jpg,nCT,0,8468,103
/content/data/Preprocessed CT scans/nCT/nCT3251.jpg,nCT,0,3251,331
/content/data/Preprocessed CT scans/nCT/nCT1165.jpg,nCT,0,1165,345
/content/data/Preprocessed CT scans/nCT/nCT2773.jpg,nCT,0,2773,108
/content/data/Preprocessed CT scans/nCT/nCT853.jpg,nCT,0,853,45
/content/data/Preprocessed CT scans/nCT/nCT4173.jpg,nCT,0,4173,271
/content/data/Preprocessed CT scans/nCT/nCT8003.jpg,nCT,0,8003,253
/content/data/Preprocessed CT scans/nCT/nCT6732.jpg,nCT,0,6732,208
/content/data/Preprocessed CT scans/nCT/nCT7797.jpg,nCT,0,7797,149
/content/data/Preprocessed CT scans/nCT/nCT391.jpg,nCT,0,391,129
/content/data/Preprocessed CT scans/nCT/nCT974.jpg,nCT,0,974,320
/content/data/Preprocessed CT scans/nCT/nCT1803.jpg,nCT,0,1803,136
/content/data/Preprocessed CT scans/nCT/nCT3149.jpg,nCT,0,3149,209
/content/data/Preprocessed CT scans/nCT/nCT5482.jpg,nCT,0,5482,209
/content/data/Preprocessed CT scans/nCT/nCT185.jpg,nCT,0,185,156
/content/data/Preprocessed CT scans/nCT/nCT5664.jpg,nCT,0,5664,355
/content/data/Preprocessed CT scans/nCT/nCT3865.jpg,nCT,0,3865,271
/content/data/Preprocessed CT scans/nCT/nCT8688.jpg,nCT,0,8688,188
/content/data/Preprocessed CT scans/nCT/nCT5590.jpg,nCT,0,5590,195
/content/data/Preprocessed CT scans/nCT/nCT4205.jpg,nCT,0,4205,350
/content/data/Preprocessed CT scans/nCT/nCT4154.jpg,nCT,0,4154,174
/content/data/Preprocessed CT scans/nCT/nCT5016.jpg,nCT,0,5016,132
/content/data/Preprocessed CT scans/nCT/nCT1001.jpg,nCT,0,1001,320
/content/data/Preprocessed CT scans/nCT/nCT5808.jpg,nCT,0,5808,250
/content/data/Preprocessed CT scans/nCT/nCT7052.jpg,nCT,0,7052,240
/content/data/Preprocessed CT scans/nCT/nCT3266.jpg,nCT,0,3266,60
/content/data/Preprocessed CT scans/nCT/nCT9790.jpg,nCT,0,9790,52
/content/data/Preprocessed CT scans/nCT/nCT6810.jpg,nCT,0,6810,333
/content/data/Preprocessed CT scans/nCT/nCT9013.jpg,nCT,0,9013,188
/content/data/Preprocessed CT scans/nCT/nCT8571.jpg,nCT,0,8571,188
/content/data/Preprocessed CT scans/nCT/nCT7543.jpg,nCT,0,7543,27
/content/data/Preprocessed CT scans/nCT/nCT5074.jpg,nCT,0,5074,300
/content/data/Preprocessed CT scans/nCT/nCT1673.jpg,nCT,0,1673,24
/content/data/Preprocessed CT scans/nCT/nCT493.jpg,nCT,0,493,34
/content/data/Preprocessed CT scans/nCT/nCT8324.jpg,nCT,0,8324,28
/content/data/Preprocessed CT scans/nCT/nCT7967.jpg,nCT,0,7967,242
/content/data/Preprocessed CT scans/nCT/nCT5820.jpg,nCT,0,5820,133
/content/data/Preprocessed CT scans/nCT/nCT8481.jpg,nCT,0,8481,103
/content/data/Preprocessed CT scans/nCT/nCT4300.jpg,nCT,0,4300,279
/content/data/Preprocessed CT scans/nCT/nCT8194.jpg,nCT,0,8194,30
/content/data/Preprocessed CT scans/nCT/nCT7788.jpg,nCT,0,7788,149
/content/data/Preprocessed CT scans/nCT/nCT3898.jpg,nCT,0,3898,47
/content/data/Preprocessed CT scans/nCT/nCT1087.jpg,nCT,0,1087,208
/content/data/Preprocessed CT scans/nCT/nCT2520.jpg,nCT,0,2520,347
/content/data/Preprocessed CT scans/nCT/nCT6380.jpg,nCT,0,6380,162
/content/data/Preprocessed CT scans/nCT/nCT423.jpg,nCT,0,423,333
/content/data/Preprocessed CT scans/nCT/nCT8296.jpg,nCT,0,8296,28
/content/data/Preprocessed CT scans/nCT/nCT7372.jpg,nCT,0,7372,185
/content/data/Preprocessed CT scans/nCT/nCT1246.jpg,nCT,0,1246,40
/content/data/Preprocessed CT scans/nCT/nCT5363.jpg,nCT,0,5363,234
/content/data/Preprocessed CT scans/nCT/nCT1303.jpg,nCT,0,1303,186
/content/data/Preprocessed CT scans/nCT/nCT8100.jpg,nCT,0,8100,274
/content/data/Preprocessed CT scans/nCT/nCT4384.jpg,nCT,0,4384,261
/content/data/Preprocessed CT scans/nCT/nCT7726.jpg,nCT,0,7726,151
/content/data/Preprocessed CT scans/nCT/nCT9202.jpg,nCT,0,9202,41
/content/data/Preprocessed CT scans/nCT/nCT1511.jpg,nCT,0,1511,367
/content/data/Preprocessed CT scans/nCT/nCT2433.jpg,nCT,0,2433,81
/content/data/Preprocessed CT scans/nCT/nCT9684.jpg,nCT,0,9684,243
/content/data/Preprocessed CT scans/nCT/nCT6114.jpg,nCT,0,6114,304
/content/data/Preprocessed CT scans/nCT/nCT2486.jpg,nCT,0,2486,79
/content/data/Preprocessed CT scans/nCT/nCT8802.jpg,nCT,0,8802,19
/content/data/Preprocessed CT scans/nCT/nCT4084.jpg,nCT,0,4084,13
/content/data/Preprocessed CT scans/nCT/nCT9579.jpg,nCT,0,9579,389
/content/data/Preprocessed CT scans/nCT/nCT8669.jpg,nCT,0,8669,121
/content/data/Preprocessed CT scans/nCT/nCT6149.jpg,nCT,0,6149,357
/content/data/Preprocessed CT scans/nCT/nCT3943.jpg,nCT,0,3943,386
/content/data/Preprocessed CT scans/nCT/nCT6780.jpg,nCT,0,6780,102
/content/data/Preprocessed CT scans/nCT/nCT8202.jpg,nCT,0,8202,30
/content/data/Preprocessed CT scans/nCT/nCT6384.jpg,nCT,0,6384,234
/content/data/Preprocessed CT scans/nCT/nCT5236.jpg,nCT,0,5236,300
/content/data/Preprocessed CT scans/nCT/nCT5884.jpg,nCT,0,5884,334
/content/data/Preprocessed CT scans/nCT/nCT1541.jpg,nCT,0,1541,45
/content/data/Preprocessed CT scans/nCT/nCT8196.jpg,nCT,0,8196,30
/content/data/Preprocessed CT scans/nCT/nCT1057.jpg,nCT,0,1057,345
/content/data/Preprocessed CT scans/nCT/nCT2542.jpg,nCT,0,2542,4
/content/data/Preprocessed CT scans/nCT/nCT6443.jpg,nCT,0,6443,110
/content/data/Preprocessed CT scans/nCT/nCT1347.jpg,nCT,0,1347,37
/content/data/Preprocessed CT scans/nCT/nCT9530.jpg,nCT,0,9530,11
/content/data/Preprocessed CT scans/nCT/nCT7992.jpg,nCT,0,7992,253
/content/data/Preprocessed CT scans/nCT/nCT9427.jpg,nCT,0,9427,88
/content/data/Preprocessed CT scans/nCT/nCT7814.jpg,nCT,0,7814,92
/content/data/Preprocessed CT scans/nCT/nCT5014.jpg,nCT,0,5014,165
/content/data/Preprocessed CT scans/nCT/nCT5519.jpg,nCT,0,5519,156
/content/data/Preprocessed CT scans/nCT/nCT2920.jpg,nCT,0,2920,209
/content/data/Preprocessed CT scans/nCT/nCT904.jpg,nCT,0,904,108
/content/data/Preprocessed CT scans/nCT/nCT3684.jpg,nCT,0,3684,271
/content/data/Preprocessed CT scans/nCT/nCT2061.jpg,nCT,0,2061,14
/content/data/Preprocessed CT scans/nCT/nCT3063.jpg,nCT,0,3063,329
/content/data/Preprocessed CT scans/nCT/nCT7282.jpg,nCT,0,7282,112
/content/data/Preprocessed CT scans/nCT/nCT160.jpg,nCT,0,160,293
/content/data/Preprocessed CT scans/nCT/nCT8105.jpg,nCT,0,8105,274
/content/data/Preprocessed CT scans/nCT/nCT6937.jpg,nCT,0,6937,291
/content/data/Preprocessed CT scans/nCT/nCT9266.jpg,nCT,0,9266,61
/content/data/Preprocessed CT scans/nCT/nCT2879.jpg,nCT,0,2879,156
/content/data/Preprocessed CT scans/nCT/nCT9671.jpg,nCT,0,9671,243
/content/data/Preprocessed CT scans/nCT/nCT8470.jpg,nCT,0,8470,103
/content/data/Preprocessed CT scans/nCT/nCT2527.jpg,nCT,0,2527,347
/content/data/Preprocessed CT scans/nCT/nCT1259.jpg,nCT,0,1259,234
/content/data/Preprocessed CT scans/nCT/nCT3377.jpg,nCT,0,3377,60
/content/data/Preprocessed CT scans/nCT/nCT6133.jpg,nCT,0,6133,399
/content/data/Preprocessed CT scans/nCT/nCT5267.jpg,nCT,0,5267,350
/content/data/Preprocessed CT scans/nCT/nCT5150.jpg,nCT,0,5150,80
/content/data/Preprocessed CT scans/nCT/nCT2281.jpg,nCT,0,2281,79
/content/data/Preprocessed CT scans/nCT/nCT3249.jpg,nCT,0,3249,209
/content/data/Preprocessed CT scans/nCT/nCT184.jpg,nCT,0,184,6
/content/data/Preprocessed CT scans/nCT/nCT2817.jpg,nCT,0,2817,109
/content/data/Preprocessed CT scans/nCT/nCT545.jpg,nCT,0,545,108
/content/data/Preprocessed CT scans/nCT/nCT7809.jpg,nCT,0,7809,149
/content/data/Preprocessed CT scans/nCT/nCT125.jpg,nCT,0,125,58
/content/data/Preprocessed CT scans/nCT/nCT5123.jpg,nCT,0,5123,386
/content/data/Preprocessed CT scans/nCT/nCT9077.jpg,nCT,0,9077,19
/content/data/Preprocessed CT scans/nCT/nCT5294.jpg,nCT,0,5294,98
/content/data/Preprocessed CT scans/nCT/nCT9641.jpg,nCT,0,9641,256
/content/data/Preprocessed CT scans/nCT/nCT9305.jpg,nCT,0,9305,292
/content/data/Preprocessed CT scans/nCT/nCT6605.jpg,nCT,0,6605,347
/content/data/Preprocessed CT scans/nCT/nCT3125.jpg,nCT,0,3125,234
/content/data/Preprocessed CT scans/nCT/nCT5247.jpg,nCT,0,5247,105
/content/data/Preprocessed CT scans/nCT/nCT5977.jpg,nCT,0,5977,304
/content/data/Preprocessed CT scans/nCT/nCT7850.jpg,nCT,0,7850,365
/content/data/Preprocessed CT scans/nCT/nCT4581.jpg,nCT,0,4581,100
/content/data/Preprocessed CT scans/nCT/nCT611.jpg,nCT,0,611,108
/content/data/Preprocessed CT scans/nCT/nCT7286.jpg,nCT,0,7286,298
/content/data/Preprocessed CT scans/nCT/nCT9978.jpg,nCT,0,9978,158
/content/data/Preprocessed CT scans/nCT/nCT2448.jpg,nCT,0,2448,79
/content/data/Preprocessed CT scans/nCT/nCT7963.jpg,nCT,0,7963,242
/content/data/Preprocessed CT scans/nCT/nCT8323.jpg,nCT,0,8323,164
/content/data/Preprocessed CT scans/nCT/nCT8902.jpg,nCT,0,8902,373
/content/data/Preprocessed CT scans/nCT/nCT6868.jpg,nCT,0,6868,240
/content/data/Preprocessed CT scans/nCT/nCT943.jpg,nCT,0,943,45
/content/data/Preprocessed CT scans/nCT/nCT638.jpg,nCT,0,638,72
/content/data/Preprocessed CT scans/nCT/nCT3910.jpg,nCT,0,3910,195
/content/data/Preprocessed CT scans/nCT/nCT822.jpg,nCT,0,822,45
/content/data/Preprocessed CT scans/nCT/nCT1876.jpg,nCT,0,1876,230
/content/data/Preprocessed CT scans/nCT/nCT8867.jpg,nCT,0,8867,150
/content/data/Preprocessed CT scans/nCT/nCT1871.jpg,nCT,0,1871,304
/content/data/Preprocessed CT scans/nCT/nCT3675.jpg,nCT,0,3675,98
/content/data/Preprocessed CT scans/nCT/nCT4821.jpg,nCT,0,4821,109
/content/data/Preprocessed CT scans/nCT/nCT2382.jpg,nCT,0,2382,81
/content/data/Preprocessed CT scans/nCT/nCT6200.jpg,nCT,0,6200,204
/content/data/Preprocessed CT scans/nCT/nCT5373.jpg,nCT,0,5373,2
/content/data/Preprocessed CT scans/nCT/nCT623.jpg,nCT,0,623,22
/content/data/Preprocessed CT scans/nCT/nCT8445.jpg,nCT,0,8445,182
/content/data/Preprocessed CT scans/nCT/nCT2153.jpg,nCT,0,2153,323
/content/data/Preprocessed CT scans/nCT/nCT5452.jpg,nCT,0,5452,355
/content/data/Preprocessed CT scans/nCT/nCT6489.jpg,nCT,0,6489,9
/content/data/Preprocessed CT scans/nCT/nCT8862.jpg,nCT,0,8862,150
/content/data/Preprocessed CT scans/nCT/nCT8809.jpg,nCT,0,8809,19
/content/data/Preprocessed CT scans/nCT/nCT9050.jpg,nCT,0,9050,256
/content/data/Preprocessed CT scans/nCT/nCT5299.jpg,nCT,0,5299,167
/content/data/Preprocessed CT scans/nCT/nCT8635.jpg,nCT,0,8635,19
/content/data/Preprocessed CT scans/nCT/nCT6090.jpg,nCT,0,6090,236
/content/data/Preprocessed CT scans/nCT/nCT7869.jpg,nCT,0,7869,41
/content/data/Preprocessed CT scans/nCT/nCT9622.jpg,nCT,0,9622,41
/content/data/Preprocessed CT scans/nCT/nCT3447.jpg,nCT,0,3447,284
/content/data/Preprocessed CT scans/nCT/nCT5940.jpg,nCT,0,5940,393
/content/data/Preprocessed CT scans/nCT/nCT6026.jpg,nCT,0,6026,339
/content/data/Preprocessed CT scans/nCT/nCT3695.jpg,nCT,0,3695,339
/content/data/Preprocessed CT scans/nCT/nCT1843.jpg,nCT,0,1843,230
/content/data/Preprocessed CT scans/nCT/nCT4168.jpg,nCT,0,4168,209
/content/data/Preprocessed CT scans/nCT/nCT977.jpg,nCT,0,977,208
/content/data/Preprocessed CT scans/nCT/nCT6042.jpg,nCT,0,6042,173
/content/data/Preprocessed CT scans/nCT/nCT1142.jpg,nCT,0,1142,354
/content/data/Preprocessed CT scans/nCT/nCT3141.jpg,nCT,0,3141,390
/content/data/Preprocessed CT scans/nCT/nCT9170.jpg,nCT,0,9170,222
/content/data/Preprocessed CT scans/nCT/nCT6390.jpg,nCT,0,6390,217
/content/data/Preprocessed CT scans/nCT/nCT2015.jpg,nCT,0,2015,79
/content/data/Preprocessed CT scans/nCT/nCT8656.jpg,nCT,0,8656,121
/content/data/Preprocessed CT scans/nCT/nCT3565.jpg,nCT,0,3565,129
/content/data/Preprocessed CT scans/nCT/nCT3607.jpg,nCT,0,3607,354
/content/data/Preprocessed CT scans/nCT/nCT7297.jpg,nCT,0,7297,91
/content/data/Preprocessed CT scans/nCT/nCT5824.jpg,nCT,0,5824,399
/content/data/Preprocessed CT scans/nCT/nCT4037.jpg,nCT,0,4037,68
/content/data/Preprocessed CT scans/nCT/nCT5613.jpg,nCT,0,5613,133
/content/data/Preprocessed CT scans/nCT/nCT8555.jpg,nCT,0,8555,52
/content/data/Preprocessed CT scans/nCT/nCT6038.jpg,nCT,0,6038,334
/content/data/Preprocessed CT scans/nCT/nCT7572.jpg,nCT,0,7572,68
/content/data/Preprocessed CT scans/nCT/nCT5747.jpg,nCT,0,5747,58
/content/data/Preprocessed CT scans/nCT/nCT3880.jpg,nCT,0,3880,334
/content/data/Preprocessed CT scans/nCT/nCT5318.jpg,nCT,0,5318,2
/content/data/Preprocessed CT scans/nCT/nCT565.jpg,nCT,0,565,333
/content/data/Preprocessed CT scans/nCT/nCT9501.jpg,nCT,0,9501,274
/content/data/Preprocessed CT scans/nCT/nCT2692.jpg,nCT,0,2692,206
/content/data/Preprocessed CT scans/nCT/nCT1760.jpg,nCT,0,1760,101
/content/data/Preprocessed CT scans/nCT/nCT4261.jpg,nCT,0,4261,275
/content/data/Preprocessed CT scans/nCT/nCT9130.jpg,nCT,0,9130,247
/content/data/Preprocessed CT scans/nCT/nCT911.jpg,nCT,0,911,234
/content/data/Preprocessed CT scans/nCT/nCT6873.jpg,nCT,0,6873,156
/content/data/Preprocessed CT scans/nCT/nCT1215.jpg,nCT,0,1215,254
/content/data/Preprocessed CT scans/nCT/nCT8367.jpg,nCT,0,8367,137
/content/data/Preprocessed CT scans/nCT/nCT4890.jpg,nCT,0,4890,250
/content/data/Preprocessed CT scans/nCT/nCT2225.jpg,nCT,0,2225,333
/content/data/Preprocessed CT scans/nCT/nCT1440.jpg,nCT,0,1440,26
/content/data/Preprocessed CT scans/nCT/nCT1928.jpg,nCT,0,1928,230
/content/data/Preprocessed CT scans/nCT/nCT5873.jpg,nCT,0,5873,230
/content/data/Preprocessed CT scans/nCT/nCT8644.jpg,nCT,0,8644,121
/content/data/Preprocessed CT scans/nCT/nCT9116.jpg,nCT,0,9116,247
/content/data/Preprocessed CT scans/nCT/nCT6589.jpg,nCT,0,6589,360
/content/data/Preprocessed CT scans/nCT/nCT9100.jpg,nCT,0,9100,373
/content/data/Preprocessed CT scans/nCT/nCT9426.jpg,nCT,0,9426,88
/content/data/Preprocessed CT scans/nCT/nCT2322.jpg,nCT,0,2322,81
/content/data/Preprocessed CT scans/nCT/nCT255.jpg,nCT,0,255,240
/content/data/Preprocessed CT scans/nCT/nCT1035.jpg,nCT,0,1035,120
/content/data/Preprocessed CT scans/nCT/nCT4916.jpg,nCT,0,4916,156
/content/data/Preprocessed CT scans/nCT/nCT3442.jpg,nCT,0,3442,68
/content/data/Preprocessed CT scans/nCT/nCT6307.jpg,nCT,0,6307,110
/content/data/Preprocessed CT scans/nCT/nCT81.jpg,nCT,0,81,162
/content/data/Preprocessed CT scans/nCT/nCT9575.jpg,nCT,0,9575,389
/content/data/Preprocessed CT scans/nCT/nCT6896.jpg,nCT,0,6896,282
/content/data/Preprocessed CT scans/nCT/nCT5989.jpg,nCT,0,5989,105
/content/data/Preprocessed CT scans/nCT/nCT4252.jpg,nCT,0,4252,22
/content/data/Preprocessed CT scans/nCT/nCT5293.jpg,nCT,0,5293,102
/content/data/Preprocessed CT scans/nCT/nCT6423.jpg,nCT,0,6423,173
/content/data/Preprocessed CT scans/nCT/nCT6290.jpg,nCT,0,6290,101
/content/data/Preprocessed CT scans/nCT/nCT177.jpg,nCT,0,177,22
/content/data/Preprocessed CT scans/nCT/nCT1415.jpg,nCT,0,1415,156
/content/data/Preprocessed CT scans/nCT/nCT762.jpg,nCT,0,762,34
/content/data/Preprocessed CT scans/nCT/nCT2942.jpg,nCT,0,2942,185
/content/data/Preprocessed CT scans/nCT/nCT5595.jpg,nCT,0,5595,304
/content/data/Preprocessed CT scans/nCT/nCT1821.jpg,nCT,0,1821,268
/content/data/Preprocessed CT scans/nCT/nCT6324.jpg,nCT,0,6324,399
/content/data/Preprocessed CT scans/nCT/nCT1752.jpg,nCT,0,1752,14
/content/data/Preprocessed CT scans/nCT/nCT7423.jpg,nCT,0,7423,318
/content/data/Preprocessed CT scans/nCT/nCT8753.jpg,nCT,0,8753,188
/content/data/Preprocessed CT scans/nCT/nCT9348.jpg,nCT,0,9348,179
/content/data/Preprocessed CT scans/nCT/nCT4314.jpg,nCT,0,4314,275
/content/data/Preprocessed CT scans/nCT/nCT4939.jpg,nCT,0,4939,390
/content/data/Preprocessed CT scans/nCT/nCT6229.jpg,nCT,0,6229,17
/content/data/Preprocessed CT scans/nCT/nCT264.jpg,nCT,0,264,162
/content/data/Preprocessed CT scans/nCT/nCT4040.jpg,nCT,0,4040,129
/content/data/Preprocessed CT scans/nCT/nCT4020.jpg,nCT,0,4020,277
/content/data/Preprocessed CT scans/nCT/nCT1994.jpg,nCT,0,1994,214
/content/data/Preprocessed CT scans/nCT/nCT8356.jpg,nCT,0,8356,164
/content/data/Preprocessed CT scans/nCT/nCT8396.jpg,nCT,0,8396,149
/content/data/Preprocessed CT scans/nCT/nCT1080.jpg,nCT,0,1080,301
/content/data/Preprocessed CT scans/nCT/nCT1864.jpg,nCT,0,1864,40
/content/data/Preprocessed CT scans/nCT/nCT3511.jpg,nCT,0,3511,329
/content/data/Preprocessed CT scans/nCT/nCT1444.jpg,nCT,0,1444,62
/content/data/Preprocessed CT scans/nCT/nCT3665.jpg,nCT,0,3665,231
/content/data/Preprocessed CT scans/nCT/nCT9317.jpg,nCT,0,9317,292
/content/data/Preprocessed CT scans/nCT/nCT1027.jpg,nCT,0,1027,45
/content/data/Preprocessed CT scans/nCT/nCT4779.jpg,nCT,0,4779,91
/content/data/Preprocessed CT scans/nCT/nCT1363.jpg,nCT,0,1363,341
/content/data/Preprocessed CT scans/nCT/nCT4704.jpg,nCT,0,4704,209
/content/data/Preprocessed CT scans/nCT/nCT5713.jpg,nCT,0,5713,230
/content/data/Preprocessed CT scans/nCT/nCT9486.jpg,nCT,0,9486,274
/content/data/Preprocessed CT scans/nCT/nCT6225.jpg,nCT,0,6225,233
/content/data/Preprocessed CT scans/nCT/nCT7713.jpg,nCT,0,7713,151
/content/data/Preprocessed CT scans/nCT/nCT5947.jpg,nCT,0,5947,293
/content/data/Preprocessed CT scans/nCT/nCT7811.jpg,nCT,0,7811,149
/content/data/Preprocessed CT scans/nCT/nCT980.jpg,nCT,0,980,231
/content/data/Preprocessed CT scans/nCT/nCT4609.jpg,nCT,0,4609,271
/content/data/Preprocessed CT scans/nCT/nCT7976.jpg,nCT,0,7976,253
/content/data/Preprocessed CT scans/nCT/nCT4260.jpg,nCT,0,4260,390
/content/data/Preprocessed CT scans/nCT/nCT4852.jpg,nCT,0,4852,300
/content/data/Preprocessed CT scans/nCT/nCT2999.jpg,nCT,0,2999,185
/content/data/Preprocessed CT scans/nCT/nCT4156.jpg,nCT,0,4156,195
/content/data/Preprocessed CT scans/nCT/nCT9859.jpg,nCT,0,9859,387
/content/data/Preprocessed CT scans/nCT/nCT4927.jpg,nCT,0,4927,272
/content/data/Preprocessed CT scans/nCT/nCT5895.jpg,nCT,0,5895,293
/content/data/Preprocessed CT scans/nCT/nCT5494.jpg,nCT,0,5494,209
/content/data/Preprocessed CT scans/nCT/nCT4307.jpg,nCT,0,4307,339
/content/data/Preprocessed CT scans/nCT/nCT3612.jpg,nCT,0,3612,100
/content/data/Preprocessed CT scans/nCT/nCT6519.jpg,nCT,0,6519,230
/content/data/Preprocessed CT scans/nCT/nCT6088.jpg,nCT,0,6088,156
/content/data/Preprocessed CT scans/nCT/nCT8258.jpg,nCT,0,8258,41
/content/data/Preprocessed CT scans/nCT/nCT662.jpg,nCT,0,662,23
/content/data/Preprocessed CT scans/nCT/nCT5359.jpg,nCT,0,5359,105
/content/data/Preprocessed CT scans/nCT/nCT5629.jpg,nCT,0,5629,173
/content/data/Preprocessed CT scans/nCT/nCT6869.jpg,nCT,0,6869,399
/content/data/Preprocessed CT scans/nCT/nCT4257.jpg,nCT,0,4257,91
/content/data/Preprocessed CT scans/nCT/nCT6097.jpg,nCT,0,6097,165
/content/data/Preprocessed CT scans/nCT/nCT1710.jpg,nCT,0,1710,24
/content/data/Preprocessed CT scans/nCT/nCT1591.jpg,nCT,0,1591,214
/content/data/Preprocessed CT scans/nCT/nCT4646.jpg,nCT,0,4646,13
/content/data/Preprocessed CT scans/nCT/nCT432.jpg,nCT,0,432,231
/content/data/Preprocessed CT scans/nCT/nCT927.jpg,nCT,0,927,193
/content/data/Preprocessed CT scans/nCT/nCT1130.jpg,nCT,0,1130,273
/content/data/Preprocessed CT scans/nCT/nCT7059.jpg,nCT,0,7059,209
/content/data/Preprocessed CT scans/nCT/nCT2928.jpg,nCT,0,2928,96
/content/data/Preprocessed CT scans/nCT/nCT8012.jpg,nCT,0,8012,242
/content/data/Preprocessed CT scans/nCT/nCT3448.jpg,nCT,0,3448,108
/content/data/Preprocessed CT scans/nCT/nCT1820.jpg,nCT,0,1820,136
/content/data/Preprocessed CT scans/nCT/nCT4660.jpg,nCT,0,4660,60
/content/data/Preprocessed CT scans/nCT/nCT6559.jpg,nCT,0,6559,173
/content/data/Preprocessed CT scans/nCT/nCT8004.jpg,nCT,0,8004,253
/content/data/Preprocessed CT scans/nCT/nCT8164.jpg,nCT,0,8164,190
/content/data/Preprocessed CT scans/nCT/nCT583.jpg,nCT,0,583,14
/content/data/Preprocessed CT scans/nCT/nCT3025.jpg,nCT,0,3025,272
/content/data/Preprocessed CT scans/nCT/nCT8227.jpg,nCT,0,8227,314
/content/data/Preprocessed CT scans/nCT/nCT2253.jpg,nCT,0,2253,323
/content/data/Preprocessed CT scans/nCT/nCT850.jpg,nCT,0,850,214
/content/data/Preprocessed CT scans/nCT/nCT8584.jpg,nCT,0,8584,255
/content/data/Preprocessed CT scans/nCT/nCT339.jpg,nCT,0,339,392
/content/data/Preprocessed CT scans/nCT/nCT522.jpg,nCT,0,522,333
/content/data/Preprocessed CT scans/nCT/nCT546.jpg,nCT,0,546,58
/content/data/Preprocessed CT scans/nCT/nCT1428.jpg,nCT,0,1428,268
/content/data/Preprocessed CT scans/nCT/nCT1680.jpg,nCT,0,1680,304
/content/data/Preprocessed CT scans/nCT/nCT5606.jpg,nCT,0,5606,165
/content/data/Preprocessed CT scans/nCT/nCT7560.jpg,nCT,0,7560,132
/content/data/Preprocessed CT scans/nCT/nCT9446.jpg,nCT,0,9446,41
/content/data/Preprocessed CT scans/nCT/nCT2357.jpg,nCT,0,2357,206
/content/data/Preprocessed CT scans/nCT/nCT4283.jpg,nCT,0,4283,96
/content/data/Preprocessed CT scans/nCT/nCT3541.jpg,nCT,0,3541,390
/content/data/Preprocessed CT scans/nCT/nCT3007.jpg,nCT,0,3007,329
/content/data/Preprocessed CT scans/nCT/nCT439.jpg,nCT,0,439,72
/content/data/Preprocessed CT scans/nCT/nCT6731.jpg,nCT,0,6731,199
/content/data/Preprocessed CT scans/nCT/nCT2895.jpg,nCT,0,2895,329
/content/data/Preprocessed CT scans/nCT/nCT8200.jpg,nCT,0,8200,30
/content/data/Preprocessed CT scans/nCT/nCT2778.jpg,nCT,0,2778,339
/content/data/Preprocessed CT scans/nCT/nCT6848.jpg,nCT,0,6848,249
/content/data/Preprocessed CT scans/nCT/nCT3142.jpg,nCT,0,3142,350
/content/data/Preprocessed CT scans/nCT/nCT5279.jpg,nCT,0,5279,229
/content/data/Preprocessed CT scans/nCT/nCT5180.jpg,nCT,0,5180,355
/content/data/Preprocessed CT scans/nCT/nCT841.jpg,nCT,0,841,56
/content/data/Preprocessed CT scans/nCT/nCT2723.jpg,nCT,0,2723,318
/content/data/Preprocessed CT scans/nCT/nCT8497.jpg,nCT,0,8497,149
/content/data/Preprocessed CT scans/nCT/nCT1759.jpg,nCT,0,1759,335
/content/data/Preprocessed CT scans/nCT/nCT5214.jpg,nCT,0,5214,204
/content/data/Preprocessed CT scans/nCT/nCT8189.jpg,nCT,0,8189,30
/content/data/Preprocessed CT scans/nCT/nCT830.jpg,nCT,0,830,231
/content/data/Preprocessed CT scans/nCT/nCT6895.jpg,nCT,0,6895,338
/content/data/Preprocessed CT scans/nCT/nCT8006.jpg,nCT,0,8006,253
/content/data/Preprocessed CT scans/nCT/nCT6213.jpg,nCT,0,6213,110
/content/data/Preprocessed CT scans/nCT/nCT1956.jpg,nCT,0,1956,268
/content/data/Preprocessed CT scans/nCT/nCT8021.jpg,nCT,0,8021,92
/content/data/Preprocessed CT scans/nCT/nCT3798.jpg,nCT,0,3798,316
/content/data/Preprocessed CT scans/nCT/nCT3013.jpg,nCT,0,3013,277
/content/data/Preprocessed CT scans/nCT/nCT775.jpg,nCT,0,775,72
/content/data/Preprocessed CT scans/nCT/nCT4931.jpg,nCT,0,4931,299
/content/data/Preprocessed CT scans/nCT/nCT9553.jpg,nCT,0,9553,11
/content/data/Preprocessed CT scans/nCT/nCT205.jpg,nCT,0,205,328
/content/data/Preprocessed CT scans/nCT/nCT1723.jpg,nCT,0,1723,62
/content/data/Preprocessed CT scans/nCT/nCT291.jpg,nCT,0,291,231
/content/data/Preprocessed CT scans/nCT/nCT2263.jpg,nCT,0,2263,27
/content/data/Preprocessed CT scans/nCT/nCT7730.jpg,nCT,0,7730,151
/content/data/Preprocessed CT scans/nCT/nCT4064.jpg,nCT,0,4064,22
/content/data/Preprocessed CT scans/nCT/nCT2444.jpg,nCT,0,2444,341
/content/data/Preprocessed CT scans/nCT/nCT732.jpg,nCT,0,732,333
/content/data/Preprocessed CT scans/nCT/nCT331.jpg,nCT,0,331,351
/content/data/Preprocessed CT scans/nCT/nCT3772.jpg,nCT,0,3772,100
/content/data/Preprocessed CT scans/nCT/nCT1691.jpg,nCT,0,1691,165
/content/data/Preprocessed CT scans/nCT/nCT5192.jpg,nCT,0,5192,105
/content/data/Preprocessed CT scans/nCT/nCT3598.jpg,nCT,0,3598,311
/content/data/Preprocessed CT scans/nCT/nCT9428.jpg,nCT,0,9428,88
/content/data/Preprocessed CT scans/nCT/nCT7498.jpg,nCT,0,7498,91
/content/data/Preprocessed CT scans/nCT/nCT6709.jpg,nCT,0,6709,235
/content/data/Preprocessed CT scans/nCT/nCT9237.jpg,nCT,0,9237,332
/content/data/Preprocessed CT scans/nCT/nCT6256.jpg,nCT,0,6256,249
/content/data/Preprocessed CT scans/nCT/nCT625.jpg,nCT,0,625,129
/content/data/Preprocessed CT scans/nCT/nCT3757.jpg,nCT,0,3757,197
/content/data/Preprocessed CT scans/nCT/nCT9827.jpg,nCT,0,9827,256
/content/data/Preprocessed CT scans/nCT/nCT3067.jpg,nCT,0,3067,47
/content/data/Preprocessed CT scans/nCT/nCT576.jpg,nCT,0,576,108
/content/data/Preprocessed CT scans/nCT/nCT5011.jpg,nCT,0,5011,305
/content/data/Preprocessed CT scans/nCT/nCT1674.jpg,nCT,0,1674,14
/content/data/Preprocessed CT scans/nCT/nCT4888.jpg,nCT,0,4888,98
/content/data/Preprocessed CT scans/nCT/nCT1796.jpg,nCT,0,1796,335
/content/data/Preprocessed CT scans/nCT/nCT1418.jpg,nCT,0,1418,367
/content/data/Preprocessed CT scans/nCT/nCT6515.jpg,nCT,0,6515,173
/content/data/Preprocessed CT scans/nCT/nCT8176.jpg,nCT,0,8176,380
/content/data/Preprocessed CT scans/nCT/nCT7360.jpg,nCT,0,7360,167
/content/data/Preprocessed CT scans/nCT/nCT1031.jpg,nCT,0,1031,208
/content/data/Preprocessed CT scans/nCT/nCT7785.jpg,nCT,0,7785,149
/content/data/Preprocessed CT scans/nCT/nCT1157.jpg,nCT,0,1157,273
/content/data/Preprocessed CT scans/nCT/nCT6563.jpg,nCT,0,6563,230
/content/data/Preprocessed CT scans/nCT/nCT6193.jpg,nCT,0,6193,162
/content/data/Preprocessed CT scans/nCT/nCT4551.jpg,nCT,0,4551,233
/content/data/Preprocessed CT scans/nCT/nCT6456.jpg,nCT,0,6456,360
/content/data/Preprocessed CT scans/nCT/nCT2862.jpg,nCT,0,2862,197
/content/data/Preprocessed CT scans/nCT/nCT3557.jpg,nCT,0,3557,98
/content/data/Preprocessed CT scans/nCT/nCT6713.jpg,nCT,0,6713,338
/content/data/Preprocessed CT scans/nCT/nCT5522.jpg,nCT,0,5522,393
/content/data/Preprocessed CT scans/nCT/nCT6309.jpg,nCT,0,6309,355
/content/data/Preprocessed CT scans/nCT/nCT227.jpg,nCT,0,227,72
/content/data/Preprocessed CT scans/nCT/nCT8848.jpg,nCT,0,8848,135
/content/data/Preprocessed CT scans/nCT/nCT3707.jpg,nCT,0,3707,34
/content/data/Preprocessed CT scans/nCT/nCT6415.jpg,nCT,0,6415,102
/content/data/Preprocessed CT scans/nCT/nCT8888.jpg,nCT,0,8888,373
/content/data/Preprocessed CT scans/nCT/nCT2929.jpg,nCT,0,2929,34
/content/data/Preprocessed CT scans/nCT/nCT9204.jpg,nCT,0,9204,65
/content/data/Preprocessed CT scans/nCT/nCT3470.jpg,nCT,0,3470,204
/content/data/Preprocessed CT scans/nCT/nCT8893.jpg,nCT,0,8893,373
/content/data/Preprocessed CT scans/nCT/nCT9199.jpg,nCT,0,9199,91
/content/data/Preprocessed CT scans/nCT/nCT2236.jpg,nCT,0,2236,141
/content/data/Preprocessed CT scans/nCT/nCT8466.jpg,nCT,0,8466,103
/content/data/Preprocessed CT scans/nCT/nCT9767.jpg,nCT,0,9767,3
/content/data/Preprocessed CT scans/nCT/nCT9664.jpg,nCT,0,9664,243
/content/data/Preprocessed CT scans/nCT/nCT8677.jpg,nCT,0,8677,361
/content/data/Preprocessed CT scans/nCT/nCT7594.jpg,nCT,0,7594,339
/content/data/Preprocessed CT scans/nCT/nCT8010.jpg,nCT,0,8010,253
/content/data/Preprocessed CT scans/nCT/nCT9961.jpg,nCT,0,9961,129
/content/data/Preprocessed CT scans/nCT/nCT1311.jpg,nCT,0,1311,45
/content/data/Preprocessed CT scans/nCT/nCT51.jpg,nCT,0,51,58
/content/data/Preprocessed CT scans/nCT/nCT9851.jpg,nCT,0,9851,387
/content/data/Preprocessed CT scans/nCT/nCT44.jpg,nCT,0,44,162
/content/data/Preprocessed CT scans/nCT/nCT9584.jpg,nCT,0,9584,389
/content/data/Preprocessed CT scans/nCT/nCT3630.jpg,nCT,0,3630,271
/content/data/Preprocessed CT scans/nCT/nCT9080.jpg,nCT,0,9080,19
/content/data/Preprocessed CT scans/nCT/nCT1146.jpg,nCT,0,1146,351
/content/data/Preprocessed CT scans/nCT/nCT5634.jpg,nCT,0,5634,204
/content/data/Preprocessed CT scans/nCT/nCT5459.jpg,nCT,0,5459,130
/content/data/Preprocessed CT scans/nCT/nCT6017.jpg,nCT,0,6017,250
/content/data/Preprocessed CT scans/nCT/nCT3796.jpg,nCT,0,3796,47
/content/data/Preprocessed CT scans/nCT/nCT9416.jpg,nCT,0,9416,88
/content/data/Preprocessed CT scans/nCT/nCT3593.jpg,nCT,0,3593,305
/content/data/Preprocessed CT scans/nCT/nCT3250.jpg,nCT,0,3250,350
/content/data/Preprocessed CT scans/nCT/nCT6145.jpg,nCT,0,6145,101
/content/data/Preprocessed CT scans/nCT/nCT9292.jpg,nCT,0,9292,292
/content/data/Preprocessed CT scans/nCT/nCT4220.jpg,nCT,0,4220,195
/content/data/Preprocessed CT scans/nCT/nCT4403.jpg,nCT,0,4403,100
/content/data/Preprocessed CT scans/nCT/nCT1324.jpg,nCT,0,1324,37
/content/data/Preprocessed CT scans/nCT/nCT9343.jpg,nCT,0,9343,389
/content/data/Preprocessed CT scans/nCT/nCT3543.jpg,nCT,0,3543,329
/content/data/Preprocessed CT scans/nCT/nCT7481.jpg,nCT,0,7481,112
/content/data/Preprocessed CT scans/nCT/nCT3456.jpg,nCT,0,3456,132
/content/data/Preprocessed CT scans/nCT/nCT2426.jpg,nCT,0,2426,306
/content/data/Preprocessed CT scans/nCT/nCT3645.jpg,nCT,0,3645,386
/content/data/Preprocessed CT scans/nCT/nCT826.jpg,nCT,0,826,23
/content/data/Preprocessed CT scans/nCT/nCT5261.jpg,nCT,0,5261,109
/content/data/Preprocessed CT scans/nCT/nCT9117.jpg,nCT,0,9117,247
/content/data/Preprocessed CT scans/nCT/nCT5320.jpg,nCT,0,5320,195
/content/data/Preprocessed CT scans/nCT/nCT9687.jpg,nCT,0,9687,243
/content/data/Preprocessed CT scans/nCT/nCT5196.jpg,nCT,0,5196,42
/content/data/Preprocessed CT scans/nCT/nCT5040.jpg,nCT,0,5040,83
/content/data/Preprocessed CT scans/nCT/nCT2283.jpg,nCT,0,2283,27
/content/data/Preprocessed CT scans/nCT/nCT4824.jpg,nCT,0,4824,230
/content/data/Preprocessed CT scans/nCT/nCT3130.jpg,nCT,0,3130,60
/content/data/Preprocessed CT scans/nCT/nCT6494.jpg,nCT,0,6494,329
/content/data/Preprocessed CT scans/nCT/nCT3156.jpg,nCT,0,3156,34
/content/data/Preprocessed CT scans/nCT/nCT9555.jpg,nCT,0,9555,11
/content/data/Preprocessed CT scans/nCT/nCT401.jpg,nCT,0,401,101
/content/data/Preprocessed CT scans/nCT/nCT7396.jpg,nCT,0,7396,91
/content/data/Preprocessed CT scans/nCT/nCT8464.jpg,nCT,0,8464,103
/content/data/Preprocessed CT scans/nCT/nCT2356.jpg,nCT,0,2356,341
/content/data/Preprocessed CT scans/nCT/nCT7652.jpg,nCT,0,7652,41
/content/data/Preprocessed CT scans/nCT/nCT7044.jpg,nCT,0,7044,350
/content/data/Preprocessed CT scans/nCT/nCT5231.jpg,nCT,0,5231,304
/content/data/Preprocessed CT scans/nCT/nCT8629.jpg,nCT,0,8629,19
/content/data/Preprocessed CT scans/nCT/nCT2213.jpg,nCT,0,2213,323
/content/data/Preprocessed CT scans/nCT/nCT4510.jpg,nCT,0,4510,91
/content/data/Preprocessed CT scans/nCT/nCT9436.jpg,nCT,0,9436,65
/content/data/Preprocessed CT scans/nCT/nCT940.jpg,nCT,0,940,214
/content/data/Preprocessed CT scans/nCT/nCT6940.jpg,nCT,0,6940,249
/content/data/Preprocessed CT scans/nCT/nCT2888.jpg,nCT,0,2888,339
/content/data/Preprocessed CT scans/nCT/nCT7734.jpg,nCT,0,7734,160
/content/data/Preprocessed CT scans/nCT/nCT1321.jpg,nCT,0,1321,40
/content/data/Preprocessed CT scans/nCT/nCT914.jpg,nCT,0,914,93
/content/data/Preprocessed CT scans/nCT/nCT2969.jpg,nCT,0,2969,153
/content/data/Preprocessed CT scans/nCT/nCT4435.jpg,nCT,0,4435,197
/content/data/Preprocessed CT scans/nCT/nCT259.jpg,nCT,0,259,351
/content/data/Preprocessed CT scans/nCT/nCT6823.jpg,nCT,0,6823,240
/content/data/Preprocessed CT scans/nCT/nCT4146.jpg,nCT,0,4146,13
/content/data/Preprocessed CT scans/nCT/nCT964.jpg,nCT,0,964,58
/content/data/Preprocessed CT scans/nCT/nCT6320.jpg,nCT,0,6320,252
/content/data/Preprocessed CT scans/nCT/nCT8312.jpg,nCT,0,8312,164
/content/data/Preprocessed CT scans/nCT/nCT9678.jpg,nCT,0,9678,243
/content/data/Preprocessed CT scans/nCT/nCT4269.jpg,nCT,0,4269,277
/content/data/Preprocessed CT scans/nCT/nCT8085.jpg,nCT,0,8085,88
/content/data/Preprocessed CT scans/nCT/nCT7446.jpg,nCT,0,7446,204
/content/data/Preprocessed CT scans/nCT/nCT4598.jpg,nCT,0,4598,101
/content/data/Preprocessed CT scans/nCT/nCT9070.jpg,nCT,0,9070,274
/content/data/Preprocessed CT scans/nCT/nCT4737.jpg,nCT,0,4737,13
/content/data/Preprocessed CT scans/nCT/nCT1022.jpg,nCT,0,1022,249
/content/data/Preprocessed CT scans/nCT/nCT1058.jpg,nCT,0,1058,341
/content/data/Preprocessed CT scans/nCT/nCT9035.jpg,nCT,0,9035,256
/content/data/Preprocessed CT scans/nCT/nCT9398.jpg,nCT,0,9398,112
/content/data/Preprocessed CT scans/nCT/nCT365.jpg,nCT,0,365,233
/content/data/Preprocessed CT scans/nCT/nCT4416.jpg,nCT,0,4416,165
/content/data/Preprocessed CT scans/nCT/nCT3978.jpg,nCT,0,3978,68
/content/data/Preprocessed CT scans/nCT/nCT524.jpg,nCT,0,524,22
/content/data/Preprocessed CT scans/nCT/nCT5282.jpg,nCT,0,5282,95
/content/data/Preprocessed CT scans/nCT/nCT6768.jpg,nCT,0,6768,235
/content/data/Preprocessed CT scans/nCT/nCT3231.jpg,nCT,0,3231,96
/content/data/Preprocessed CT scans/nCT/nCT6646.jpg,nCT,0,6646,236
/content/data/Preprocessed CT scans/nCT/nCT9355.jpg,nCT,0,9355,179
/content/data/Preprocessed CT scans/nCT/nCT6916.jpg,nCT,0,6916,6
/content/data/Preprocessed CT scans/nCT/nCT2724.jpg,nCT,0,2724,185
/content/data/Preprocessed CT scans/nCT/nCT847.jpg,nCT,0,847,301
/content/data/Preprocessed CT scans/nCT/nCT8462.jpg,nCT,0,8462,103
/content/data/Preprocessed CT scans/nCT/nCT5746.jpg,nCT,0,5746,195
/content/data/Preprocessed CT scans/nCT/nCT2589.jpg,nCT,0,2589,347
/content/data/Preprocessed CT scans/nCT/nCT7561.jpg,nCT,0,7561,112
/content/data/Preprocessed CT scans/nCT/nCT3497.jpg,nCT,0,3497,47
/content/data/Preprocessed CT scans/nCT/nCT4474.jpg,nCT,0,4474,244
/content/data/Preprocessed CT scans/nCT/nCT4856.jpg,nCT,0,4856,130
/content/data/Preprocessed CT scans/nCT/nCT9977.jpg,nCT,0,9977,158
/content/data/Preprocessed CT scans/nCT/nCT4641.jpg,nCT,0,4641,350
/content/data/Preprocessed CT scans/nCT/nCT9.jpg,nCT,0,9,293
/content/data/Preprocessed CT scans/nCT/nCT9788.jpg,nCT,0,9788,52
/content/data/Preprocessed CT scans/nCT/nCT4684.jpg,nCT,0,4684,334
/content/data/Preprocessed CT scans/nCT/nCT6836.jpg,nCT,0,6836,230
/content/data/Preprocessed CT scans/nCT/nCT1102.jpg,nCT,0,1102,34
/content/data/Preprocessed CT scans/nCT/nCT1637.jpg,nCT,0,1637,304
/content/data/Preprocessed CT scans/nCT/nCT6902.jpg,nCT,0,6902,235
/content/data/Preprocessed CT scans/nCT/nCT8024.jpg,nCT,0,8024,92
/content/data/Preprocessed CT scans/nCT/nCT5393.jpg,nCT,0,5393,141
/content/data/Preprocessed CT scans/nCT/nCT2852.jpg,nCT,0,2852,60
/content/data/Preprocessed CT scans/nCT/nCT6521.jpg,nCT,0,6521,21
/content/data/Preprocessed CT scans/nCT/nCT3527.jpg,nCT,0,3527,275
/content/data/Preprocessed CT scans/nCT/nCT7322.jpg,nCT,0,7322,34
/content/data/Preprocessed CT scans/nCT/nCT834.jpg,nCT,0,834,335
/content/data/Preprocessed CT scans/nCT/nCT2522.jpg,nCT,0,2522,282
/content/data/Preprocessed CT scans/nCT/nCT9331.jpg,nCT,0,9331,389
/content/data/Preprocessed CT scans/nCT/nCT3030.jpg,nCT,0,3030,390
/content/data/Preprocessed CT scans/nCT/nCT8222.jpg,nCT,0,8222,27
/content/data/Preprocessed CT scans/nCT/nCT2610.jpg,nCT,0,2610,4
/content/data/Preprocessed CT scans/nCT/nCT7646.jpg,nCT,0,7646,365
/content/data/Preprocessed CT scans/nCT/nCT1732.jpg,nCT,0,1732,175
/content/data/Preprocessed CT scans/nCT/nCT162.jpg,nCT,0,162,58
/content/data/Preprocessed CT scans/nCT/nCT1667.jpg,nCT,0,1667,62
/content/data/Preprocessed CT scans/nCT/nCT3135.jpg,nCT,0,3135,272
/content/data/Preprocessed CT scans/nCT/nCT8423.jpg,nCT,0,8423,92
/content/data/Preprocessed CT scans/nCT/nCT973.jpg,nCT,0,973,93
/content/data/Preprocessed CT scans/nCT/nCT7450.jpg,nCT,0,7450,96
/content/data/Preprocessed CT scans/nCT/nCT145.jpg,nCT,0,145,231
/content/data/Preprocessed CT scans/nCT/nCT2388.jpg,nCT,0,2388,347
/content/data/Preprocessed CT scans/nCT/nCT6624.jpg,nCT,0,6624,110
/content/data/Preprocessed CT scans/nCT/nCT1925.jpg,nCT,0,1925,14
/content/data/Preprocessed CT scans/nCT/nCT3083.jpg,nCT,0,3083,275
/content/data/Preprocessed CT scans/nCT/nCT6839.jpg,nCT,0,6839,119
/content/data/Preprocessed CT scans/nCT/nCT1636.jpg,nCT,0,1636,230
/content/data/Preprocessed CT scans/nCT/nCT8737.jpg,nCT,0,8737,19
/content/data/Preprocessed CT scans/nCT/nCT6082.jpg,nCT,0,6082,230
/content/data/Preprocessed CT scans/nCT/nCT9067.jpg,nCT,0,9067,274
/content/data/Preprocessed CT scans/nCT/nCT8251.jpg,nCT,0,8251,41
/content/data/Preprocessed CT scans/nCT/nCT8808.jpg,nCT,0,8808,19
/content/data/Preprocessed CT scans/nCT/nCT2181.jpg,nCT,0,2181,79
/content/data/Preprocessed CT scans/nCT/nCT7721.jpg,nCT,0,7721,151
/content/data/Preprocessed CT scans/nCT/nCT8204.jpg,nCT,0,8204,30
/content/data/Preprocessed CT scans/nCT/nCT2900.jpg,nCT,0,2900,25
/content/data/Preprocessed CT scans/nCT/nCT193.jpg,nCT,0,193,56
/content/data/Preprocessed CT scans/nCT/nCT9442.jpg,nCT,0,9442,41
/content/data/Preprocessed CT scans/nCT/nCT7798.jpg,nCT,0,7798,149
/content/data/Preprocessed CT scans/nCT/nCT3759.jpg,nCT,0,3759,300
/content/data/Preprocessed CT scans/nCT/nCT7392.jpg,nCT,0,7392,250
/content/data/Preprocessed CT scans/nCT/nCT6687.jpg,nCT,0,6687,102
/content/data/Preprocessed CT scans/nCT/nCT9585.jpg,nCT,0,9585,389
/content/data/Preprocessed CT scans/nCT/nCT7349.jpg,nCT,0,7349,167
/content/data/Preprocessed CT scans/nCT/nCT8398.jpg,nCT,0,8398,149
/content/data/Preprocessed CT scans/nCT/nCT8589.jpg,nCT,0,8589,255
/content/data/Preprocessed CT scans/nCT/nCT2169.jpg,nCT,0,2169,143
/content/data/Preprocessed CT scans/nCT/nCT617.jpg,nCT,0,617,142
/content/data/Preprocessed CT scans/nCT/nCT8391.jpg,nCT,0,8391,149
/content/data/Preprocessed CT scans/nCT/nCT5729.jpg,nCT,0,5729,105
/content/data/Preprocessed CT scans/nCT/nCT2870.jpg,nCT,0,2870,109
/content/data/Preprocessed CT scans/nCT/nCT217.jpg,nCT,0,217,231
/content/data/Preprocessed CT scans/nCT/nCT540.jpg,nCT,0,540,72
/content/data/Preprocessed CT scans/nCT/nCT8173.jpg,nCT,0,8173,380
/content/data/Preprocessed CT scans/nCT/nCT5531.jpg,nCT,0,5531,80
/content/data/Preprocessed CT scans/nCT/nCT8944.jpg,nCT,0,8944,78
/content/data/Preprocessed CT scans/nCT/nCT4438.jpg,nCT,0,4438,209
/content/data/Preprocessed CT scans/nCT/nCT1034.jpg,nCT,0,1034,214
/content/data/Preprocessed CT scans/nCT/nCT8949.jpg,nCT,0,8949,78
/content/data/Preprocessed CT scans/nCT/nCT5135.jpg,nCT,0,5135,335
/content/data/Preprocessed CT scans/nCT/nCT9028.jpg,nCT,0,9028,255
/content/data/Preprocessed CT scans/nCT/nCT7448.jpg,nCT,0,7448,91
/content/data/Preprocessed CT scans/nCT/nCT8039.jpg,nCT,0,8039,70
/content/data/Preprocessed CT scans/nCT/nCT4647.jpg,nCT,0,4647,98
/content/data/Preprocessed CT scans/nCT/nCT8918.jpg,nCT,0,8918,373
/content/data/Preprocessed CT scans/nCT/nCT8171.jpg,nCT,0,8171,380
/content/data/Preprocessed CT scans/nCT/nCT2500.jpg,nCT,0,2500,347
/content/data/Preprocessed CT scans/nCT/nCT7093.jpg,nCT,0,7093,204
/content/data/Preprocessed CT scans/nCT/nCT757.jpg,nCT,0,757,331
/content/data/Preprocessed CT scans/nCT/nCT9465.jpg,nCT,0,9465,88
/content/data/Preprocessed CT scans/nCT/nCT33.jpg,nCT,0,33,399
/content/data/Preprocessed CT scans/nCT/nCT4524.jpg,nCT,0,4524,13
/content/data/Preprocessed CT scans/nCT/nCT8873.jpg,nCT,0,8873,150
/content/data/Preprocessed CT scans/nCT/nCT5334.jpg,nCT,0,5334,346
/content/data/Preprocessed CT scans/nCT/nCT8659.jpg,nCT,0,8659,121
/content/data/Preprocessed CT scans/nCT/nCT3887.jpg,nCT,0,3887,291
/content/data/Preprocessed CT scans/nCT/nCT7640.jpg,nCT,0,7640,365
/content/data/Preprocessed CT scans/nCT/nCT3124.jpg,nCT,0,3124,25
/content/data/Preprocessed CT scans/nCT/nCT9000.jpg,nCT,0,9000,106
/content/data/Preprocessed CT scans/nCT/nCT1764.jpg,nCT,0,1764,143
/content/data/Preprocessed CT scans/nCT/nCT7259.jpg,nCT,0,7259,167
/content/data/Preprocessed CT scans/nCT/nCT4297.jpg,nCT,0,4297,271
/content/data/Preprocessed CT scans/nCT/nCT9623.jpg,nCT,0,9623,41
/content/data/Preprocessed CT scans/nCT/nCT1717.jpg,nCT,0,1717,136
/content/data/Preprocessed CT scans/nCT/nCT4443.jpg,nCT,0,4443,210
/content/data/Preprocessed CT scans/nCT/nCT8220.jpg,nCT,0,8220,382
/content/data/Preprocessed CT scans/nCT/nCT8214.jpg,nCT,0,8214,382
/content/data/Preprocessed CT scans/nCT/nCT3313.jpg,nCT,0,3313,93
/content/data/Preprocessed CT scans/nCT/nCT6293.jpg,nCT,0,6293,21
/content/data/Preprocessed CT scans/nCT/nCT5623.jpg,nCT,0,5623,167
/content/data/Preprocessed CT scans/nCT/nCT3894.jpg,nCT,0,3894,305
/content/data/Preprocessed CT scans/nCT/nCT6048.jpg,nCT,0,6048,60
/content/data/Preprocessed CT scans/nCT/nCT3653.jpg,nCT,0,3653,355
/content/data/Preprocessed CT scans/nCT/nCT472.jpg,nCT,0,472,105
/content/data/Preprocessed CT scans/nCT/nCT1868.jpg,nCT,0,1868,62
/content/data/Preprocessed CT scans/nCT/nCT8524.jpg,nCT,0,8524,242
/content/data/Preprocessed CT scans/nCT/nCT6997.jpg,nCT,0,6997,276
/content/data/Preprocessed CT scans/nCT/nCT2717.jpg,nCT,0,2717,96
/content/data/Preprocessed CT scans/nCT/nCT9914.jpg,nCT,0,9914,78
/content/data/Preprocessed CT scans/nCT/nCT4863.jpg,nCT,0,4863,236
/content/data/Preprocessed CT scans/nCT/nCT7260.jpg,nCT,0,7260,386
/content/data/Preprocessed CT scans/nCT/nCT1229.jpg,nCT,0,1229,37
/content/data/Preprocessed CT scans/nCT/nCT4622.jpg,nCT,0,4622,300
/content/data/Preprocessed CT scans/nCT/nCT6735.jpg,nCT,0,6735,34
/content/data/Preprocessed CT scans/nCT/nCT9459.jpg,nCT,0,9459,28
/content/data/Preprocessed CT scans/nCT/nCT9003.jpg,nCT,0,9003,106
/content/data/Preprocessed CT scans/nCT/nCT2027.jpg,nCT,0,2027,144
/content/data/Preprocessed CT scans/nCT/nCT4332.jpg,nCT,0,4332,233
/content/data/Preprocessed CT scans/nCT/nCT4806.jpg,nCT,0,4806,105
/content/data/Preprocessed CT scans/nCT/nCT4398.jpg,nCT,0,4398,334
/content/data/Preprocessed CT scans/nCT/nCT5271.jpg,nCT,0,5271,399
/content/data/Preprocessed CT scans/nCT/nCT8388.jpg,nCT,0,8388,149
/content/data/Preprocessed CT scans/nCT/nCT511.jpg,nCT,0,511,56
/content/data/Preprocessed CT scans/nCT/nCT4196.jpg,nCT,0,4196,355
/content/data/Preprocessed CT scans/nCT/nCT3398.jpg,nCT,0,3398,132
/content/data/Preprocessed CT scans/nCT/nCT1111.jpg,nCT,0,1111,254
/content/data/Preprocessed CT scans/nCT/nCT5566.jpg,nCT,0,5566,282
/content/data/Preprocessed CT scans/nCT/nCT8914.jpg,nCT,0,8914,373
/content/data/Preprocessed CT scans/nCT/nCT2390.jpg,nCT,0,2390,142
/content/data/Preprocessed CT scans/nCT/nCT8463.jpg,nCT,0,8463,103
/content/data/Preprocessed CT scans/nCT/nCT2249.jpg,nCT,0,2249,269
/content/data/Preprocessed CT scans/nCT/nCT4018.jpg,nCT,0,4018,47
/content/data/Preprocessed CT scans/nCT/nCT3594.jpg,nCT,0,3594,98
/content/data/Preprocessed CT scans/nCT/nCT9245.jpg,nCT,0,9245,332
/content/data/Preprocessed CT scans/nCT/nCT1546.jpg,nCT,0,1546,208
/content/data/Preprocessed CT scans/nCT/nCT1849.jpg,nCT,0,1849,216
/content/data/Preprocessed CT scans/nCT/nCT1009.jpg,nCT,0,1009,335
/content/data/Preprocessed CT scans/nCT/nCT4070.jpg,nCT,0,4070,355
/content/data/Preprocessed CT scans/nCT/nCT6336.jpg,nCT,0,6336,234
/content/data/Preprocessed CT scans/nCT/nCT6892.jpg,nCT,0,6892,249
/content/data/Preprocessed CT scans/nCT/nCT2311.jpg,nCT,0,2311,79
/content/data/Preprocessed CT scans/nCT/nCT7518.jpg,nCT,0,7518,34
/content/data/Preprocessed CT scans/nCT/nCT3177.jpg,nCT,0,3177,390
/content/data/Preprocessed CT scans/nCT/nCT1145.jpg,nCT,0,1145,335
/content/data/Preprocessed CT scans/nCT/nCT930.jpg,nCT,0,930,341
/content/data/Preprocessed CT scans/nCT/nCT7513.jpg,nCT,0,7513,167
/content/data/Preprocessed CT scans/nCT/nCT2633.jpg,nCT,0,2633,347
/content/data/Preprocessed CT scans/nCT/nCT8028.jpg,nCT,0,8028,92
/content/data/Preprocessed CT scans/nCT/nCT4526.jpg,nCT,0,4526,120
/content/data/Preprocessed CT scans/nCT/nCT7313.jpg,nCT,0,7313,96
/content/data/Preprocessed CT scans/nCT/nCT6230.jpg,nCT,0,6230,2
/content/data/Preprocessed CT scans/nCT/nCT2901.jpg,nCT,0,2901,272
/content/data/Preprocessed CT scans/nCT/nCT6885.jpg,nCT,0,6885,236
/content/data/Preprocessed CT scans/nCT/nCT5109.jpg,nCT,0,5109,246
/content/data/Preprocessed CT scans/nCT/nCT3876.jpg,nCT,0,3876,210
/content/data/Preprocessed CT scans/nCT/nCT192.jpg,nCT,0,192,119
/content/data/Preprocessed CT scans/nCT/nCT4320.jpg,nCT,0,4320,47
/content/data/Preprocessed CT scans/nCT/nCT2340.jpg,nCT,0,2340,142
/content/data/Preprocessed CT scans/nCT/nCT6837.jpg,nCT,0,6837,56
/content/data/Preprocessed CT scans/nCT/nCT5039.jpg,nCT,0,5039,272
/content/data/Preprocessed CT scans/nCT/nCT1696.jpg,nCT,0,1696,120
/content/data/Preprocessed CT scans/nCT/nCT4621.jpg,nCT,0,4621,110
/content/data/Preprocessed CT scans/nCT/nCT1479.jpg,nCT,0,1479,120
/content/data/Preprocessed CT scans/nCT/nCT9277.jpg,nCT,0,9277,292
/content/data/Preprocessed CT scans/nCT/nCT1078.jpg,nCT,0,1078,261
/content/data/Preprocessed CT scans/nCT/nCT1754.jpg,nCT,0,1754,345
/content/data/Preprocessed CT scans/nCT/nCT1265.jpg,nCT,0,1265,345
/content/data/Preprocessed CT scans/nCT/nCT8035.jpg,nCT,0,8035,70
/content/data/Preprocessed CT scans/nCT/nCT4553.jpg,nCT,0,4553,261
/content/data/Preprocessed CT scans/nCT/nCT8658.jpg,nCT,0,8658,121
/content/data/Preprocessed CT scans/nCT/nCT8032.jpg,nCT,0,8032,92
/content/data/Preprocessed CT scans/nCT/nCT7357.jpg,nCT,0,7357,60
/content/data/Preprocessed CT scans/nCT/nCT4968.jpg,nCT,0,4968,101
/content/data/Preprocessed CT scans/nCT/nCT1243.jpg,nCT,0,1243,165
/content/data/Preprocessed CT scans/nCT/nCT819.jpg,nCT,0,819,214
/content/data/Preprocessed CT scans/nCT/nCT8096.jpg,nCT,0,8096,274
/content/data/Preprocessed CT scans/nCT/nCT883.jpg,nCT,0,883,45
/content/data/Preprocessed CT scans/nCT/nCT1743.jpg,nCT,0,1743,367
/content/data/Preprocessed CT scans/nCT/nCT4359.jpg,nCT,0,4359,271
/content/data/Preprocessed CT scans/nCT/nCT4614.jpg,nCT,0,4614,80
/content/data/Preprocessed CT scans/nCT/nCT1640.jpg,nCT,0,1640,40
/content/data/Preprocessed CT scans/nCT/nCT1082.jpg,nCT,0,1082,45
/content/data/Preprocessed CT scans/nCT/nCT5833.jpg,nCT,0,5833,236
/content/data/Preprocessed CT scans/nCT/nCT6377.jpg,nCT,0,6377,105
/content/data/Preprocessed CT scans/nCT/nCT8418.jpg,nCT,0,8418,92
/content/data/Preprocessed CT scans/nCT/nCT7179.jpg,nCT,0,7179,386
/content/data/Preprocessed CT scans/nCT/nCT4094.jpg,nCT,0,4094,275
/content/data/Preprocessed CT scans/nCT/nCT7077.jpg,nCT,0,7077,13
/content/data/Preprocessed CT scans/nCT/nCT9464.jpg,nCT,0,9464,88
/content/data/Preprocessed CT scans/nCT/nCT5328.jpg,nCT,0,5328,98
/content/data/Preprocessed CT scans/nCT/nCT1616.jpg,nCT,0,1616,335
/content/data/Preprocessed CT scans/nCT/nCT3975.jpg,nCT,0,3975,244
/content/data/Preprocessed CT scans/nCT/nCT3002.jpg,nCT,0,3002,75
/content/data/Preprocessed CT scans/nCT/nCT4210.jpg,nCT,0,4210,91
/content/data/Preprocessed CT scans/nCT/nCT164.jpg,nCT,0,164,9
/content/data/Preprocessed CT scans/nCT/nCT6946.jpg,nCT,0,6946,333
/content/data/Preprocessed CT scans/nCT/nCT9403.jpg,nCT,0,9403,65
/content/data/Preprocessed CT scans/nCT/nCT2166.jpg,nCT,0,2166,141
/content/data/Preprocessed CT scans/nCT/nCT2346.jpg,nCT,0,2346,341
/content/data/Preprocessed CT scans/nCT/nCT2321.jpg,nCT,0,2321,79
/content/data/Preprocessed CT scans/nCT/nCT9337.jpg,nCT,0,9337,389
/content/data/Preprocessed CT scans/nCT/nCT4437.jpg,nCT,0,4437,300
/content/data/Preprocessed CT scans/nCT/nCT9689.jpg,nCT,0,9689,192
/content/data/Preprocessed CT scans/nCT/nCT8835.jpg,nCT,0,8835,135
/content/data/Preprocessed CT scans/nCT/nCT6858.jpg,nCT,0,6858,235
/content/data/Preprocessed CT scans/nCT/nCT541.jpg,nCT,0,541,119
/content/data/Preprocessed CT scans/nCT/nCT4265.jpg,nCT,0,4265,197
/content/data/Preprocessed CT scans/nCT/nCT8819.jpg,nCT,0,8819,369
/content/data/Preprocessed CT scans/nCT/nCT3937.jpg,nCT,0,3937,195
/content/data/Preprocessed CT scans/nCT/nCT2982.jpg,nCT,0,2982,109
/content/data/Preprocessed CT scans/nCT/nCT8851.jpg,nCT,0,8851,135
/content/data/Preprocessed CT scans/nCT/nCT6397.jpg,nCT,0,6397,145
/content/data/Preprocessed CT scans/nCT/nCT804.jpg,nCT,0,804,351
/content/data/Preprocessed CT scans/nCT/nCT8013.jpg,nCT,0,8013,242
/content/data/Preprocessed CT scans/nCT/nCT7719.jpg,nCT,0,7719,151
/content/data/Preprocessed CT scans/nCT/nCT2407.jpg,nCT,0,2407,347
/content/data/Preprocessed CT scans/nCT/nCT8921.jpg,nCT,0,8921,373
/content/data/Preprocessed CT scans/nCT/nCT1924.jpg,nCT,0,1924,268
/content/data/Preprocessed CT scans/nCT/nCT5496.jpg,nCT,0,5496,246
/content/data/Preprocessed CT scans/nCT/nCT5484.jpg,nCT,0,5484,195
/content/data/Preprocessed CT scans/nCT/nCT8078.jpg,nCT,0,8078,88
/content/data/Preprocessed CT scans/nCT/nCT4819.jpg,nCT,0,4819,83
/content/data/Preprocessed CT scans/nCT/nCT8519.jpg,nCT,0,8519,242
/content/data/Preprocessed CT scans/nCT/nCT1831.jpg,nCT,0,1831,216
/content/data/Preprocessed CT scans/nCT/nCT4194.jpg,nCT,0,4194,13
/content/data/Preprocessed CT scans/nCT/nCT3953.jpg,nCT,0,3953,275
/content/data/Preprocessed CT scans/nCT/nCT9658.jpg,nCT,0,9658,241
/content/data/Preprocessed CT scans/nCT/nCT7886.jpg,nCT,0,7886,28
/content/data/Preprocessed CT scans/nCT/nCT9707.jpg,nCT,0,9707,267
/content/data/Preprocessed CT scans/nCT/nCT1453.jpg,nCT,0,1453,45
/content/data/Preprocessed CT scans/nCT/nCT4945.jpg,nCT,0,4945,333
/content/data/Preprocessed CT scans/nCT/nCT308.jpg,nCT,0,308,9
/content/data/Preprocessed CT scans/nCT/nCT9520.jpg,nCT,0,9520,171
/content/data/Preprocessed CT scans/nCT/nCT9418.jpg,nCT,0,9418,88
/content/data/Preprocessed CT scans/nCT/nCT8335.jpg,nCT,0,8335,164
/content/data/Preprocessed CT scans/nCT/nCT858.jpg,nCT,0,858,34
/content/data/Preprocessed CT scans/nCT/nCT7714.jpg,nCT,0,7714,151
/content/data/Preprocessed CT scans/nCT/nCT8492.jpg,nCT,0,8492,253
/content/data/Preprocessed CT scans/nCT/nCT3704.jpg,nCT,0,3704,291
/content/data/Preprocessed CT scans/nCT/nCT881.jpg,nCT,0,881,234
/content/data/Preprocessed CT scans/nCT/nCT2111.jpg,nCT,0,2111,347
/content/data/Preprocessed CT scans/nCT/nCT442.jpg,nCT,0,442,119
/content/data/Preprocessed CT scans/nCT/nCT9594.jpg,nCT,0,9594,370
/content/data/Preprocessed CT scans/nCT/nCT9306.jpg,nCT,0,9306,292
/content/data/Preprocessed CT scans/nCT/nCT5499.jpg,nCT,0,5499,357
/content/data/Preprocessed CT scans/nCT/nCT4202.jpg,nCT,0,4202,197
/content/data/Preprocessed CT scans/nCT/nCT4286.jpg,nCT,0,4286,80
/content/data/Preprocessed CT scans/nCT/nCT2970.jpg,nCT,0,2970,25
/content/data/Preprocessed CT scans/nCT/nCT1356.jpg,nCT,0,1356,165
/content/data/Preprocessed CT scans/nCT/nCT4741.jpg,nCT,0,4741,165
/content/data/Preprocessed CT scans/nCT/nCT2653.jpg,nCT,0,2653,206
/content/data/Preprocessed CT scans/nCT/nCT1775.jpg,nCT,0,1775,230
/content/data/Preprocessed CT scans/nCT/nCT6013.jpg,nCT,0,6013,110
/content/data/Preprocessed CT scans/nCT/nCT2713.jpg,nCT,0,2713,142
/content/data/Preprocessed CT scans/nCT/nCT2861.jpg,nCT,0,2861,34
/content/data/Preprocessed CT scans/nCT/nCT2749.jpg,nCT,0,2749,96
/content/data/Preprocessed CT scans/nCT/nCT9033.jpg,nCT,0,9033,256
/content/data/Preprocessed CT scans/nCT/nCT6807.jpg,nCT,0,6807,141
/content/data/Preprocessed CT scans/nCT/nCT2827.jpg,nCT,0,2827,60
/content/data/Preprocessed CT scans/nCT/nCT6655.jpg,nCT,0,6655,14
/content/data/Preprocessed CT scans/nCT/nCT479.jpg,nCT,0,479,392
/content/data/Preprocessed CT scans/nCT/nCT3418.jpg,nCT,0,3418,25
/content/data/Preprocessed CT scans/nCT/nCT314.jpg,nCT,0,314,328
/content/data/Preprocessed CT scans/nCT/nCT7863.jpg,nCT,0,7863,41
/content/data/Preprocessed CT scans/nCT/nCT8059.jpg,nCT,0,8059,65
/content/data/Preprocessed CT scans/nCT/nCT9290.jpg,nCT,0,9290,292
/content/data/Preprocessed CT scans/nCT/nCT4144.jpg,nCT,0,4144,277
/content/data/Preprocessed CT scans/nCT/nCT4840.jpg,nCT,0,4840,229
/content/data/Preprocessed CT scans/nCT/nCT1740.jpg,nCT,0,1740,40
/content/data/Preprocessed CT scans/nCT/nCT2762.jpg,nCT,0,2762,167
/content/data/Preprocessed CT scans/nCT/nCT5670.jpg,nCT,0,5670,282
/content/data/Preprocessed CT scans/nCT/nCT4143.jpg,nCT,0,4143,386
/content/data/Preprocessed CT scans/nCT/nCT9942.jpg,nCT,0,9942,222
/content/data/Preprocessed CT scans/nCT/nCT818.jpg,nCT,0,818,261
/content/data/Preprocessed CT scans/nCT/nCT2013.jpg,nCT,0,2013,144
/content/data/Preprocessed CT scans/nCT/nCT7580.jpg,nCT,0,7580,339
/content/data/Preprocessed CT scans/nCT/nCT8707.jpg,nCT,0,8707,255
/content/data/Preprocessed CT scans/nCT/nCT4199.jpg,nCT,0,4199,195
/content/data/Preprocessed CT scans/nCT/nCT7173.jpg,nCT,0,7173,204
/content/data/Preprocessed CT scans/nCT/nCT7241.jpg,nCT,0,7241,75
/content/data/Preprocessed CT scans/nCT/nCT9392.jpg,nCT,0,9392,390
/content/data/Preprocessed CT scans/nCT/nCT9287.jpg,nCT,0,9287,292
/content/data/Preprocessed CT scans/nCT/nCT7539.jpg,nCT,0,7539,350
/content/data/Preprocessed CT scans/nCT/nCT5899.jpg,nCT,0,5899,217
/content/data/Preprocessed CT scans/nCT/nCT5132.jpg,nCT,0,5132,282
/content/data/Preprocessed CT scans/nCT/nCT9282.jpg,nCT,0,9282,292
/content/data/Preprocessed CT scans/nCT/nCT7269.jpg,nCT,0,7269,277
/content/data/Preprocessed CT scans/nCT/nCT374.jpg,nCT,0,374,392
/content/data/Preprocessed CT scans/nCT/nCT5603.jpg,nCT,0,5603,229
/content/data/Preprocessed CT scans/nCT/nCT3232.jpg,nCT,0,3232,112
/content/data/Preprocessed CT scans/nCT/nCT5168.jpg,nCT,0,5168,246
/content/data/Preprocessed CT scans/nCT/nCT2048.jpg,nCT,0,2048,158
/content/data/Preprocessed CT scans/nCT/nCT4080.jpg,nCT,0,4080,153
/content/data/Preprocessed CT scans/nCT/nCT9970.jpg,nCT,0,9970,120
/content/data/Preprocessed CT scans/nCT/nCT597.jpg,nCT,0,597,231
/content/data/Preprocessed CT scans/nCT/nCT7793.jpg,nCT,0,7793,149
/content/data/Preprocessed CT scans/nCT/nCT6214.jpg,nCT,0,6214,355
/content/data/Preprocessed CT scans/nCT/nCT7.jpg,nCT,0,7,119
/content/data/Preprocessed CT scans/nCT/nCT8748.jpg,nCT,0,8748,361
/content/data/Preprocessed CT scans/nCT/nCT4781.jpg,nCT,0,4781,250
/content/data/Preprocessed CT scans/nCT/nCT5860.jpg,nCT,0,5860,98
/content/data/Preprocessed CT scans/nCT/nCT9017.jpg,nCT,0,9017,41
/content/data/Preprocessed CT scans/nCT/nCT1588.jpg,nCT,0,1588,175
/content/data/Preprocessed CT scans/nCT/nCT2893.jpg,nCT,0,2893,96
/content/data/Preprocessed CT scans/nCT/nCT5644.jpg,nCT,0,5644,58
/content/data/Preprocessed CT scans/nCT/nCT6777.jpg,nCT,0,6777,199
/content/data/Preprocessed CT scans/nCT/nCT8263.jpg,nCT,0,8263,41
/content/data/Preprocessed CT scans/nCT/nCT1776.jpg,nCT,0,1776,136
/content/data/Preprocessed CT scans/nCT/nCT1774.jpg,nCT,0,1774,120
/content/data/Preprocessed CT scans/nCT/nCT1500.jpg,nCT,0,1500,175
/content/data/Preprocessed CT scans/nCT/nCT7026.jpg,nCT,0,7026,167
/content/data/Preprocessed CT scans/nCT/nCT4254.jpg,nCT,0,4254,329
/content/data/Preprocessed CT scans/nCT/nCT9804.jpg,nCT,0,9804,188
/content/data/Preprocessed CT scans/nCT/nCT9481.jpg,nCT,0,9481,241
/content/data/Preprocessed CT scans/nCT/nCT9726.jpg,nCT,0,9726,192
/content/data/Preprocessed CT scans/nCT/nCT7388.jpg,nCT,0,7388,60
/content/data/Preprocessed CT scans/nCT/nCT993.jpg,nCT,0,993,58
/content/data/Preprocessed CT scans/nCT/nCT2299.jpg,nCT,0,2299,269
/content/data/Preprocessed CT scans/nCT/nCT5033.jpg,nCT,0,5033,233
/content/data/Preprocessed CT scans/nCT/nCT4097.jpg,nCT,0,4097,244
/content/data/Preprocessed CT scans/nCT/nCT1628.jpg,nCT,0,1628,268
/content/data/Preprocessed CT scans/nCT/nCT3029.jpg,nCT,0,3029,197
/content/data/Preprocessed CT scans/nCT/nCT7716.jpg,nCT,0,7716,151
/content/data/Preprocessed CT scans/nCT/nCT4387.jpg,nCT,0,4387,250
/content/data/Preprocessed CT scans/nCT/nCT9087.jpg,nCT,0,9087,128
/content/data/Preprocessed CT scans/nCT/nCT4053.jpg,nCT,0,4053,271
/content/data/Preprocessed CT scans/nCT/nCT6882.jpg,nCT,0,6882,13
/content/data/Preprocessed CT scans/nCT/nCT8259.jpg,nCT,0,8259,41
/content/data/Preprocessed CT scans/nCT/nCT933.jpg,nCT,0,933,186
/content/data/Preprocessed CT scans/nCT/nCT9676.jpg,nCT,0,9676,243
/content/data/Preprocessed CT scans/nCT/nCT1517.jpg,nCT,0,1517,165
/content/data/Preprocessed CT scans/nCT/nCT6485.jpg,nCT,0,6485,249
/content/data/Preprocessed CT scans/nCT/nCT6899.jpg,nCT,0,6899,333
/content/data/Preprocessed CT scans/nCT/nCT6030.jpg,nCT,0,6030,17
/content/data/Preprocessed CT scans/nCT/nCT9410.jpg,nCT,0,9410,65
/content/data/Preprocessed CT scans/nCT/nCT1159.jpg,nCT,0,1159,261
/content/data/Preprocessed CT scans/nCT/nCT5886.jpg,nCT,0,5886,105
/content/data/Preprocessed CT scans/nCT/nCT4230.jpg,nCT,0,4230,209
/content/data/Preprocessed CT scans/nCT/nCT6612.jpg,nCT,0,6612,236
/content/data/Preprocessed CT scans/nCT/nCT9573.jpg,nCT,0,9573,78
/content/data/Preprocessed CT scans/nCT/nCT2332.jpg,nCT,0,2332,81
/content/data/Preprocessed CT scans/nCT/nCT302.jpg,nCT,0,302,56
/content/data/Preprocessed CT scans/nCT/nCT7684.jpg,nCT,0,7684,241
/content/data/Preprocessed CT scans/nCT/nCT5797.jpg,nCT,0,5797,2
/content/data/Preprocessed CT scans/nCT/nCT5100.jpg,nCT,0,5100,224
/content/data/Preprocessed CT scans/nCT/nCT7861.jpg,nCT,0,7861,365
/content/data/Preprocessed CT scans/nCT/nCT1257.jpg,nCT,0,1257,249
/content/data/Preprocessed CT scans/nCT/nCT6507.jpg,nCT,0,6507,399
/content/data/Preprocessed CT scans/nCT/nCT3963.jpg,nCT,0,3963,13
/content/data/Preprocessed CT scans/nCT/nCT5296.jpg,nCT,0,5296,130
/content/data/Preprocessed CT scans/nCT/nCT7211.jpg,nCT,0,7211,109
/content/data/Preprocessed CT scans/nCT/nCT9439.jpg,nCT,0,9439,365
/content/data/Preprocessed CT scans/nCT/nCT5154.jpg,nCT,0,5154,224
/content/data/Preprocessed CT scans/nCT/nCT5694.jpg,nCT,0,5694,195
/content/data/Preprocessed CT scans/nCT/nCT1832.jpg,nCT,0,1832,216
/content/data/Preprocessed CT scans/nCT/nCT179.jpg,nCT,0,179,360
/content/data/Preprocessed CT scans/nCT/nCT2813.jpg,nCT,0,2813,112
/content/data/Preprocessed CT scans/nCT/nCT3481.jpg,nCT,0,3481,350
/content/data/Preprocessed CT scans/nCT/nCT8155.jpg,nCT,0,8155,190
/content/data/Preprocessed CT scans/nCT/nCT5181.jpg,nCT,0,5181,165
/content/data/Preprocessed CT scans/nCT/nCT3651.jpg,nCT,0,3651,210
/content/data/Preprocessed CT scans/nCT/nCT1907.jpg,nCT,0,1907,268
/content/data/Preprocessed CT scans/nCT/nCT2110.jpg,nCT,0,2110,143
/content/data/Preprocessed CT scans/nCT/nCT3443.jpg,nCT,0,3443,316
/content/data/Preprocessed CT scans/nCT/nCT748.jpg,nCT,0,748,108
/content/data/Preprocessed CT scans/nCT/nCT4044.jpg,nCT,0,4044,271
/content/data/Preprocessed CT scans/nCT/nCT5119.jpg,nCT,0,5119,354
/content/data/Preprocessed CT scans/nCT/nCT9975.jpg,nCT,0,9975,158
/content/data/Preprocessed CT scans/nCT/nCT4187.jpg,nCT,0,4187,252
/content/data/Preprocessed CT scans/nCT/nCT2858.jpg,nCT,0,2858,25
/content/data/Preprocessed CT scans/nCT/nCT4110.jpg,nCT,0,4110,271
/content/data/Preprocessed CT scans/nCT/nCT1465.jpg,nCT,0,1465,16
/content/data/Preprocessed CT scans/nCT/nCT8379.jpg,nCT,0,8379,137
/content/data/Preprocessed CT scans/nCT/nCT7791.jpg,nCT,0,7791,149
/content/data/Preprocessed CT scans/nCT/nCT1402.jpg,nCT,0,1402,273
/content/data/Preprocessed CT scans/nCT/nCT5881.jpg,nCT,0,5881,282
/content/data/Preprocessed CT scans/nCT/nCT3380.jpg,nCT,0,3380,351
/content/data/Preprocessed CT scans/nCT/nCT7740.jpg,nCT,0,7740,160
/content/data/Preprocessed CT scans/nCT/nCT6516.jpg,nCT,0,6516,96
/content/data/Preprocessed CT scans/nCT/nCT1030.jpg,nCT,0,1030,341
/content/data/Preprocessed CT scans/nCT/nCT601.jpg,nCT,0,601,101
/content/data/Preprocessed CT scans/nCT/nCT3069.jpg,nCT,0,3069,277
/content/data/Preprocessed CT scans/nCT/nCT2725.jpg,nCT,0,2725,331
/content/data/Preprocessed CT scans/nCT/nCT3086.jpg,nCT,0,3086,390
/content/data/Preprocessed CT scans/nCT/nCT4177.jpg,nCT,0,4177,261
/content/data/Preprocessed CT scans/nCT/nCT2391.jpg,nCT,0,2391,79
/content/data/Preprocessed CT scans/nCT/nCT6548.jpg,nCT,0,6548,199
/content/data/Preprocessed CT scans/nCT/nCT4060.jpg,nCT,0,4060,165
/content/data/Preprocessed CT scans/nCT/nCT7867.jpg,nCT,0,7867,41
/content/data/Preprocessed CT scans/nCT/nCT8401.jpg,nCT,0,8401,149
/content/data/Preprocessed CT scans/nCT/nCT6928.jpg,nCT,0,6928,119
/content/data/Preprocessed CT scans/nCT/nCT379.jpg,nCT,0,379,34
/content/data/Preprocessed CT scans/nCT/nCT2643.jpg,nCT,0,2643,27
/content/data/Preprocessed CT scans/nCT/nCT9700.jpg,nCT,0,9700,267
/content/data/Preprocessed CT scans/nCT/nCT4122.jpg,nCT,0,4122,300
/content/data/Preprocessed CT scans/nCT/nCT447.jpg,nCT,0,447,165
/content/data/Preprocessed CT scans/nCT/nCT7522.jpg,nCT,0,7522,390
/content/data/Preprocessed CT scans/nCT/nCT4374.jpg,nCT,0,4374,300
/content/data/Preprocessed CT scans/nCT/nCT8256.jpg,nCT,0,8256,41
/content/data/Preprocessed CT scans/nCT/nCT4198.jpg,nCT,0,4198,275
/content/data/Preprocessed CT scans/nCT/nCT4790.jpg,nCT,0,4790,354
/content/data/Preprocessed CT scans/nCT/nCT3402.jpg,nCT,0,3402,112
/content/data/Preprocessed CT scans/nCT/nCT7491.jpg,nCT,0,7491,339
/content/data/Preprocessed CT scans/nCT/nCT28.jpg,nCT,0,28,276
/content/data/Preprocessed CT scans/nCT/nCT8947.jpg,nCT,0,8947,78
/content/data/Preprocessed CT scans/nCT/nCT5131.jpg,nCT,0,5131,102
/content/data/Preprocessed CT scans/nCT/nCT3544.jpg,nCT,0,3544,25
/content/data/Preprocessed CT scans/nCT/nCT1574.jpg,nCT,0,1574,40
/content/data/Preprocessed CT scans/nCT/nCT3926.jpg,nCT,0,3926,383
/content/data/Preprocessed CT scans/nCT/nCT8746.jpg,nCT,0,8746,361
/content/data/Preprocessed CT scans/nCT/nCT253.jpg,nCT,0,253,350
/content/data/Preprocessed CT scans/nCT/nCT122.jpg,nCT,0,122,392
/content/data/Preprocessed CT scans/nCT/nCT4100.jpg,nCT,0,4100,68
/content/data/Preprocessed CT scans/nCT/nCT2432.jpg,nCT,0,2432,79
/content/data/Preprocessed CT scans/nCT/nCT8943.jpg,nCT,0,8943,78
/content/data/Preprocessed CT scans/nCT/nCT8230.jpg,nCT,0,8230,314
/content/data/Preprocessed CT scans/nCT/nCT553.jpg,nCT,0,553,261
/content/data/Preprocessed CT scans/nCT/nCT2586.jpg,nCT,0,2586,4
/content/data/Preprocessed CT scans/nCT/nCT1879.jpg,nCT,0,1879,335
/content/data/Preprocessed CT scans/nCT/nCT285.jpg,nCT,0,285,129
/content/data/Preprocessed CT scans/nCT/nCT1948.jpg,nCT,0,1948,40
/content/data/Preprocessed CT scans/nCT/nCT1749.jpg,nCT,0,1749,304
/content/data/Preprocessed CT scans/nCT/nCT8736.jpg,nCT,0,8736,19
/content/data/Preprocessed CT scans/nCT/nCT1004.jpg,nCT,0,1004,208
/content/data/Preprocessed CT scans/nCT/nCT6197.jpg,nCT,0,6197,208
/content/data/Preprocessed CT scans/nCT/nCT8946.jpg,nCT,0,8946,78
/content/data/Preprocessed CT scans/nCT/nCT6920.jpg,nCT,0,6920,22
/content/data/Preprocessed CT scans/nCT/nCT2614.jpg,nCT,0,2614,142
/content/data/Preprocessed CT scans/nCT/nCT1005.jpg,nCT,0,1005,47
/content/data/Preprocessed CT scans/nCT/nCT2446.jpg,nCT,0,2446,347
/content/data/Preprocessed CT scans/nCT/nCT1477.jpg,nCT,0,1477,45
/content/data/Preprocessed CT scans/nCT/nCT9493.jpg,nCT,0,9493,274
/content/data/Preprocessed CT scans/nCT/nCT1487.jpg,nCT,0,1487,40
/content/data/Preprocessed CT scans/nCT/nCT5560.jpg,nCT,0,5560,98
/content/data/Preprocessed CT scans/nCT/nCT561.jpg,nCT,0,561,145
/content/data/Preprocessed CT scans/nCT/nCT7099.jpg,nCT,0,7099,236
/content/data/Preprocessed CT scans/nCT/nCT2139.jpg,nCT,0,2139,143
/content/data/Preprocessed CT scans/nCT/nCT3218.jpg,nCT,0,3218,339
/content/data/Preprocessed CT scans/nCT/nCT1007.jpg,nCT,0,1007,214
/content/data/Preprocessed CT scans/nCT/nCT2750.jpg,nCT,0,2750,108
/content/data/Preprocessed CT scans/nCT/nCT3868.jpg,nCT,0,3868,279
/content/data/Preprocessed CT scans/nCT/nCT8316.jpg,nCT,0,8316,164
/content/data/Preprocessed CT scans/nCT/nCT1859.jpg,nCT,0,1859,230
/content/data/Preprocessed CT scans/nCT/nCT5969.jpg,nCT,0,5969,235
/content/data/Preprocessed CT scans/nCT/nCT4396.jpg,nCT,0,4396,386
/content/data/Preprocessed CT scans/nCT/nCT1304.jpg,nCT,0,1304,275
/content/data/Preprocessed CT scans/nCT/nCT6958.jpg,nCT,0,6958,199
/content/data/Preprocessed CT scans/nCT/nCT2755.jpg,nCT,0,2755,108
/content/data/Preprocessed CT scans/nCT/nCT596.jpg,nCT,0,596,333
/content/data/Preprocessed CT scans/nCT/nCT4106.jpg,nCT,0,4106,284
/content/data/Preprocessed CT scans/nCT/nCT4969.jpg,nCT,0,4969,167
/content/data/Preprocessed CT scans/nCT/nCT2908.jpg,nCT,0,2908,25
/content/data/Preprocessed CT scans/nCT/nCT8729.jpg,nCT,0,8729,19
/content/data/Preprocessed CT scans/nCT/nCT3919.jpg,nCT,0,3919,68
/content/data/Preprocessed CT scans/nCT/nCT6027.jpg,nCT,0,6027,233
/content/data/Preprocessed CT scans/nCT/nCT6886.jpg,nCT,0,6886,291
/content/data/Preprocessed CT scans/nCT/nCT6177.jpg,nCT,0,6177,360
/content/data/Preprocessed CT scans/nCT/nCT392.jpg,nCT,0,392,145
/content/data/Preprocessed CT scans/nCT/nCT8686.jpg,nCT,0,8686,188
/content/data/Preprocessed CT scans/nCT/nCT9329.jpg,nCT,0,9329,389
/content/data/Preprocessed CT scans/nCT/nCT4112.jpg,nCT,0,4112,25
/content/data/Preprocessed CT scans/nCT/nCT4068.jpg,nCT,0,4068,100
/content/data/Preprocessed CT scans/nCT/nCT2904.jpg,nCT,0,2904,98
/content/data/Preprocessed CT scans/nCT/nCT348.jpg,nCT,0,348,231
/content/data/Preprocessed CT scans/nCT/nCT1204.jpg,nCT,0,1204,56
/content/data/Preprocessed CT scans/nCT/nCT5880.jpg,nCT,0,5880,4
/content/data/Preprocessed CT scans/nCT/nCT2328.jpg,nCT,0,2328,347
/content/data/Preprocessed CT scans/nCT/nCT9068.jpg,nCT,0,9068,274
/content/data/Preprocessed CT scans/nCT/nCT3483.jpg,nCT,0,3483,25
/content/data/Preprocessed CT scans/nCT/nCT773.jpg,nCT,0,773,351
/content/data/Preprocessed CT scans/nCT/nCT2829.jpg,nCT,0,2829,129
/content/data/Preprocessed CT scans/nCT/nCT9027.jpg,nCT,0,9027,255
/content/data/Preprocessed CT scans/nCT/nCT9257.jpg,nCT,0,9257,61
/content/data/Preprocessed CT scans/nCT/nCT3015.jpg,nCT,0,3015,298
/content/data/Preprocessed CT scans/nCT/nCT1184.jpg,nCT,0,1184,165
/content/data/Preprocessed CT scans/nCT/nCT6412.jpg,nCT,0,6412,27
/content/data/Preprocessed CT scans/nCT/nCT7818.jpg,nCT,0,7818,92
/content/data/Preprocessed CT scans/nCT/nCT5867.jpg,nCT,0,5867,229
/content/data/Preprocessed CT scans/nCT/nCT4972.jpg,nCT,0,4972,390
/content/data/Preprocessed CT scans/nCT/nCT6062.jpg,nCT,0,6062,249
/content/data/Preprocessed CT scans/nCT/nCT2639.jpg,nCT,0,2639,27
/content/data/Preprocessed CT scans/nCT/nCT6685.jpg,nCT,0,6685,208
/content/data/Preprocessed CT scans/nCT/nCT9408.jpg,nCT,0,9408,65
/content/data/Preprocessed CT scans/nCT/nCT168.jpg,nCT,0,168,156
/content/data/Preprocessed CT scans/nCT/nCT5024.jpg,nCT,0,5024,167
/content/data/Preprocessed CT scans/nCT/nCT8593.jpg,nCT,0,8593,255
/content/data/Preprocessed CT scans/nCT/nCT7174.jpg,nCT,0,7174,91
/content/data/Preprocessed CT scans/nCT/nCT4050.jpg,nCT,0,4050,390
/content/data/Preprocessed CT scans/nCT/nCT7494.jpg,nCT,0,7494,250
/content/data/Preprocessed CT scans/nCT/nCT7164.jpg,nCT,0,7164,339
/content/data/Preprocessed CT scans/nCT/nCT2799.jpg,nCT,0,2799,204
/content/data/Preprocessed CT scans/nCT/nCT4167.jpg,nCT,0,4167,284
/content/data/Preprocessed CT scans/nCT/nCT9325.jpg,nCT,0,9325,389
/content/data/Preprocessed CT scans/nCT/nCT4999.jpg,nCT,0,4999,333
/content/data/Preprocessed CT scans/nCT/nCT1250.jpg,nCT,0,1250,37
/content/data/Preprocessed CT scans/nCT/nCT4811.jpg,nCT,0,4811,42
/content/data/Preprocessed CT scans/nCT/nCT4311.jpg,nCT,0,4311,300
/content/data/Preprocessed CT scans/nCT/nCT2881.jpg,nCT,0,2881,68
/content/data/Preprocessed CT scans/nCT/nCT8247.jpg,nCT,0,8247,365
/content/data/Preprocessed CT scans/nCT/nCT4329.jpg,nCT,0,4329,197
/content/data/Preprocessed CT scans/nCT/nCT1951.jpg,nCT,0,1951,143
/content/data/Preprocessed CT scans/nCT/nCT4770.jpg,nCT,0,4770,230
/content/data/Preprocessed CT scans/nCT/nCT1763.jpg,nCT,0,1763,62
/content/data/Preprocessed CT scans/nCT/nCT9262.jpg,nCT,0,9262,61
/content/data/Preprocessed CT scans/nCT/nCT6825.jpg,nCT,0,6825,102
/content/data/Preprocessed CT scans/nCT/nCT5263.jpg,nCT,0,5263,2
/content/data/Preprocessed CT scans/nCT/nCT6275.jpg,nCT,0,6275,252
/content/data/Preprocessed CT scans/nCT/nCT470.jpg,nCT,0,470,291
/content/data/Preprocessed CT scans/nCT/nCT6523.jpg,nCT,0,6523,291
/content/data/Preprocessed CT scans/nCT/nCT8211.jpg,nCT,0,8211,92
/content/data/Preprocessed CT scans/nCT/nCT2905.jpg,nCT,0,2905,60
/content/data/Preprocessed CT scans/nCT/nCT1370.jpg,nCT,0,1370,193
/content/data/Preprocessed CT scans/nCT/nCT1822.jpg,nCT,0,1822,14
/content/data/Preprocessed CT scans/nCT/nCT9174.jpg,nCT,0,9174,222
/content/data/Preprocessed CT scans/nCT/nCT215.jpg,nCT,0,215,360
/content/data/Preprocessed CT scans/nCT/nCT9106.jpg,nCT,0,9106,247
/content/data/Preprocessed CT scans/nCT/nCT1507.jpg,nCT,0,1507,335
/content/data/Preprocessed CT scans/nCT/nCT3165.jpg,nCT,0,3165,318
/content/data/Preprocessed CT scans/nCT/nCT1475.jpg,nCT,0,1475,268
/content/data/Preprocessed CT scans/nCT/nCT7651.jpg,nCT,0,7651,41
/content/data/Preprocessed CT scans/nCT/nCT4412.jpg,nCT,0,4412,360
/content/data/Preprocessed CT scans/nCT/nCT39.jpg,nCT,0,39,156
/content/data/Preprocessed CT scans/nCT/nCT7537.jpg,nCT,0,7537,27
/content/data/Preprocessed CT scans/nCT/nCT8371.jpg,nCT,0,8371,137
/content/data/Preprocessed CT scans/nCT/nCT4441.jpg,nCT,0,4441,275
/content/data/Preprocessed CT scans/nCT/nCT4860.jpg,nCT,0,4860,209
/content/data/Preprocessed CT scans/nCT/nCT3446.jpg,nCT,0,3446,318
/content/data/Preprocessed CT scans/nCT/nCT9407.jpg,nCT,0,9407,65
/content/data/Preprocessed CT scans/nCT/nCT3285.jpg,nCT,0,3285,339
/content/data/Preprocessed CT scans/nCT/nCT5625.jpg,nCT,0,5625,236
/content/data/Preprocessed CT scans/nCT/nCT9288.jpg,nCT,0,9288,292
/content/data/Preprocessed CT scans/nCT/nCT4527.jpg,nCT,0,4527,304
/content/data/Preprocessed CT scans/nCT/nCT5819.jpg,nCT,0,5819,230
/content/data/Preprocessed CT scans/nCT/nCT9780.jpg,nCT,0,9780,3
/content/data/Preprocessed CT scans/nCT/nCT2836.jpg,nCT,0,2836,65
/content/data/Preprocessed CT scans/nCT/nCT1518.jpg,nCT,0,1518,268
/content/data/Preprocessed CT scans/nCT/nCT7109.jpg,nCT,0,7109,96
/content/data/Preprocessed CT scans/nCT/nCT2722.jpg,nCT,0,2722,316
/content/data/Preprocessed CT scans/nCT/nCT8268.jpg,nCT,0,8268,41
/content/data/Preprocessed CT scans/nCT/nCT3532.jpg,nCT,0,3532,204
/content/data/Preprocessed CT scans/nCT/nCT1258.jpg,nCT,0,1258,165
/content/data/Preprocessed CT scans/nCT/nCT4494.jpg,nCT,0,4494,209
/content/data/Preprocessed CT scans/nCT/nCT8828.jpg,nCT,0,8828,369
/content/data/Preprocessed CT scans/nCT/nCT684.jpg,nCT,0,684,142
/content/data/Preprocessed CT scans/nCT/nCT4942.jpg,nCT,0,4942,165
/content/data/Preprocessed CT scans/nCT/nCT5432.jpg,nCT,0,5432,195
/content/data/Preprocessed CT scans/nCT/nCT8915.jpg,nCT,0,8915,373
/content/data/Preprocessed CT scans/nCT/nCT5813.jpg,nCT,0,5813,229
/content/data/Preprocessed CT scans/nCT/nCT2873.jpg,nCT,0,2873,96
/content/data/Preprocessed CT scans/nCT/nCT8363.jpg,nCT,0,8363,137
/content/data/Preprocessed CT scans/nCT/nCT3267.jpg,nCT,0,3267,351
/content/data/Preprocessed CT scans/nCT/nCT579.jpg,nCT,0,579,301
/content/data/Preprocessed CT scans/nCT/nCT3751.jpg,nCT,0,3751,100
/content/data/Preprocessed CT scans/nCT/nCT1279.jpg,nCT,0,1279,186
/content/data/Preprocessed CT scans/nCT/nCT2517.jpg,nCT,0,2517,306
/content/data/Preprocessed CT scans/nCT/nCT1348.jpg,nCT,0,1348,62
/content/data/Preprocessed CT scans/nCT/nCT4908.jpg,nCT,0,4908,102
/content/data/Preprocessed CT scans/nCT/nCT5934.jpg,nCT,0,5934,156
/content/data/Preprocessed CT scans/nCT/nCT2795.jpg,nCT,0,2795,98
/content/data/Preprocessed CT scans/nCT/nCT6.jpg,nCT,0,6,56
/content/data/Preprocessed CT scans/nCT/nCT2514.jpg,nCT,0,2514,347
/content/data/Preprocessed CT scans/nCT/nCT5647.jpg,nCT,0,5647,304
/content/data/Preprocessed CT scans/nCT/nCT1264.jpg,nCT,0,1264,254
/content/data/Preprocessed CT scans/nCT/nCT4956.jpg,nCT,0,4956,386
/content/data/Preprocessed CT scans/nCT/nCT3341.jpg,nCT,0,3341,339
/content/data/Preprocessed CT scans/nCT/nCT6180.jpg,nCT,0,6180,17
/content/data/Preprocessed CT scans/nCT/nCT8818.jpg,nCT,0,8818,369
/content/data/Preprocessed CT scans/nCT/nCT9359.jpg,nCT,0,9359,179
/content/data/Preprocessed CT scans/nCT/nCT3867.jpg,nCT,0,3867,271
/content/data/Preprocessed CT scans/nCT/nCT3787.jpg,nCT,0,3787,300
/content/data/Preprocessed CT scans/nCT/nCT9973.jpg,nCT,0,9973,158
/content/data/Preprocessed CT scans/nCT/nCT5251.jpg,nCT,0,5251,42
/content/data/Preprocessed CT scans/nCT/nCT9097.jpg,nCT,0,9097,373
/content/data/Preprocessed CT scans/nCT/nCT5207.jpg,nCT,0,5207,224
/content/data/Preprocessed CT scans/nCT/nCT3242.jpg,nCT,0,3242,34
/content/data/Preprocessed CT scans/nCT/nCT9601.jpg,nCT,0,9601,222
/content/data/Preprocessed CT scans/nCT/nCT3605.jpg,nCT,0,3605,209
/content/data/Preprocessed CT scans/nCT/nCT3893.jpg,nCT,0,3893,47
/content/data/Preprocessed CT scans/nCT/nCT1692.jpg,nCT,0,1692,268
/content/data/Preprocessed CT scans/nCT/nCT8198.jpg,nCT,0,8198,30
/content/data/Preprocessed CT scans/nCT/nCT688.jpg,nCT,0,688,334
/content/data/Preprocessed CT scans/nCT/nCT5372.jpg,nCT,0,5372,224
/content/data/Preprocessed CT scans/nCT/nCT9855.jpg,nCT,0,9855,387
/content/data/Preprocessed CT scans/nCT/nCT5489.jpg,nCT,0,5489,304
/content/data/Preprocessed CT scans/nCT/nCT9517.jpg,nCT,0,9517,171
/content/data/Preprocessed CT scans/nCT/nCT9338.jpg,nCT,0,9338,389
/content/data/Preprocessed CT scans/nCT/nCT835.jpg,nCT,0,835,351
/content/data/Preprocessed CT scans/nCT/nCT3119.jpg,nCT,0,3119,339
/content/data/Preprocessed CT scans/nCT/nCT100.jpg,nCT,0,100,22
/content/data/Preprocessed CT scans/nCT/nCT473.jpg,nCT,0,473,72
/content/data/Preprocessed CT scans/nCT/nCT1431.jpg,nCT,0,1431,254
/content/data/Preprocessed CT scans/nCT/nCT3409.jpg,nCT,0,3409,276
/content/data/Preprocessed CT scans/nCT/nCT2811.jpg,nCT,0,2811,93
/content/data/Preprocessed CT scans/nCT/nCT4839.jpg,nCT,0,4839,110
/content/data/Preprocessed CT scans/nCT/nCT1520.jpg,nCT,0,1520,45
/content/data/Preprocessed CT scans/nCT/nCT6321.jpg,nCT,0,6321,133
/content/data/Preprocessed CT scans/nCT/nCT2687.jpg,nCT,0,2687,206
/content/data/Preprocessed CT scans/nCT/nCT9697.jpg,nCT,0,9697,192
/content/data/Preprocessed CT scans/nCT/nCT6577.jpg,nCT,0,6577,338
/content/data/Preprocessed CT scans/nCT/nCT1930.jpg,nCT,0,1930,120
/content/data/Preprocessed CT scans/nCT/nCT8428.jpg,nCT,0,8428,70
/content/data/Preprocessed CT scans/nCT/nCT3642.jpg,nCT,0,3642,300
/content/data/Preprocessed CT scans/nCT/nCT3424.jpg,nCT,0,3424,386
/content/data/Preprocessed CT scans/nCT/nCT7989.jpg,nCT,0,7989,253
/content/data/Preprocessed CT scans/nCT/nCT7642.jpg,nCT,0,7642,365
/content/data/Preprocessed CT scans/nCT/nCT8730.jpg,nCT,0,8730,19
/content/data/Preprocessed CT scans/nCT/nCT1739.jpg,nCT,0,1739,101
/content/data/Preprocessed CT scans/nCT/nCT2899.jpg,nCT,0,2899,350
/content/data/Preprocessed CT scans/nCT/nCT913.jpg,nCT,0,913,45
/content/data/Preprocessed CT scans/nCT/nCT2549.jpg,nCT,0,2549,347
/content/data/Preprocessed CT scans/nCT/nCT614.jpg,nCT,0,614,301
/content/data/Preprocessed CT scans/nCT/nCT1290.jpg,nCT,0,1290,341
/content/data/Preprocessed CT scans/nCT/nCT9531.jpg,nCT,0,9531,11
/content/data/Preprocessed CT scans/nCT/nCT9882.jpg,nCT,0,9882,247
/content/data/Preprocessed CT scans/nCT/nCT7722.jpg,nCT,0,7722,151
/content/data/Preprocessed CT scans/nCT/nCT3625.jpg,nCT,0,3625,318
/content/data/Preprocessed CT scans/nCT/nCT1596.jpg,nCT,0,1596,40
/content/data/Preprocessed CT scans/nCT/nCT590.jpg,nCT,0,590,34
/content/data/Preprocessed CT scans/nCT/nCT2454.jpg,nCT,0,2454,269
/content/data/Preprocessed CT scans/nCT/nCT765.jpg,nCT,0,765,217
/content/data/Preprocessed CT scans/nCT/nCT2104.jpg,nCT,0,2104,224
/content/data/Preprocessed CT scans/nCT/nCT1123.jpg,nCT,0,1123,367
/content/data/Preprocessed CT scans/nCT/nCT6040.jpg,nCT,0,6040,105
/content/data/Preprocessed CT scans/nCT/nCT5059.jpg,nCT,0,5059,229
/content/data/Preprocessed CT scans/nCT/nCT2521.jpg,nCT,0,2521,347
/content/data/Preprocessed CT scans/nCT/nCT7973.jpg,nCT,0,7973,242
/content/data/Preprocessed CT scans/nCT/nCT7145.jpg,nCT,0,7145,93
/content/data/Preprocessed CT scans/nCT/nCT6124.jpg,nCT,0,6124,229
/content/data/Preprocessed CT scans/nCT/nCT3638.jpg,nCT,0,3638,390
/content/data/Preprocessed CT scans/nCT/nCT4138.jpg,nCT,0,4138,98
/content/data/Preprocessed CT scans/nCT/nCT235.jpg,nCT,0,235,22
/content/data/Preprocessed CT scans/nCT/nCT4270.jpg,nCT,0,4270,334
/content/data/Preprocessed CT scans/nCT/nCT8042.jpg,nCT,0,8042,70
/content/data/Preprocessed CT scans/nCT/nCT777.jpg,nCT,0,777,72
/content/data/Preprocessed CT scans/nCT/nCT7559.jpg,nCT,0,7559,93
/content/data/Preprocessed CT scans/nCT/nCT9203.jpg,nCT,0,9203,41
/content/data/Preprocessed CT scans/nCT/nCT9405.jpg,nCT,0,9405,65
/content/data/Preprocessed CT scans/nCT/nCT6544.jpg,nCT,0,6544,360
/content/data/Preprocessed CT scans/nCT/nCT5460.jpg,nCT,0,5460,165
/content/data/Preprocessed CT scans/nCT/nCT9872.jpg,nCT,0,9872,387
/content/data/Preprocessed CT scans/nCT/nCT6438.jpg,nCT,0,6438,390
/content/data/Preprocessed CT scans/nCT/nCT2921.jpg,nCT,0,2921,93
/content/data/Preprocessed CT scans/nCT/nCT2519.jpg,nCT,0,2519,81
/content/data/Preprocessed CT scans/nCT/nCT3845.jpg,nCT,0,3845,235
/content/data/Preprocessed CT scans/nCT/nCT3508.jpg,nCT,0,3508,108
/content/data/Preprocessed CT scans/nCT/nCT9582.jpg,nCT,0,9582,389
/content/data/Preprocessed CT scans/nCT/nCT720.jpg,nCT,0,720,261
/content/data/Preprocessed CT scans/nCT/nCT7837.jpg,nCT,0,7837,242
/content/data/Preprocessed CT scans/nCT/nCT5386.jpg,nCT,0,5386,250
/content/data/Preprocessed CT scans/nCT/nCT1592.jpg,nCT,0,1592,230
/content/data/Preprocessed CT scans/nCT/nCT7680.jpg,nCT,0,7680,241
/content/data/Preprocessed CT scans/nCT/nCT3222.jpg,nCT,0,3222,339
/content/data/Preprocessed CT scans/nCT/nCT1286.jpg,nCT,0,1286,120
/content/data/Preprocessed CT scans/nCT/nCT624.jpg,nCT,0,624,34
/content/data/Preprocessed CT scans/nCT/nCT6844.jpg,nCT,0,6844,217
/content/data/Preprocessed CT scans/nCT/nCT8896.jpg,nCT,0,8896,373
/content/data/Preprocessed CT scans/nCT/nCT9417.jpg,nCT,0,9417,88
/content/data/Preprocessed CT scans/nCT/nCT1336.jpg,nCT,0,1336,45
/content/data/Preprocessed CT scans/nCT/nCT5927.jpg,nCT,0,5927,133
/content/data/Preprocessed CT scans/nCT/nCT4977.jpg,nCT,0,4977,261
/content/data/Preprocessed CT scans/nCT/nCT1668.jpg,nCT,0,1668,143
/content/data/Preprocessed CT scans/nCT/nCT529.jpg,nCT,0,529,360
/content/data/Preprocessed CT scans/nCT/nCT4728.jpg,nCT,0,4728,383
/content/data/Preprocessed CT scans/nCT/nCT6285.jpg,nCT,0,6285,334
/content/data/Preprocessed CT scans/nCT/nCT8682.jpg,nCT,0,8682,361
/content/data/Preprocessed CT scans/nCT/nCT8674.jpg,nCT,0,8674,361
/content/data/Preprocessed CT scans/nCT/nCT4796.jpg,nCT,0,4796,165
/content/data/Preprocessed CT scans/nCT/nCT6202.jpg,nCT,0,6202,234
/content/data/Preprocessed CT scans/nCT/nCT7143.jpg,nCT,0,7143,60
/content/data/Preprocessed CT scans/nCT/nCT8289.jpg,nCT,0,8289,28
/content/data/Preprocessed CT scans/nCT/nCT2984.jpg,nCT,0,2984,96
/content/data/Preprocessed CT scans/nCT/nCT3309.jpg,nCT,0,3309,350
/content/data/Preprocessed CT scans/nCT/nCT6491.jpg,nCT,0,6491,333
/content/data/Preprocessed CT scans/nCT/nCT8774.jpg,nCT,0,8774,255
/content/data/Preprocessed CT scans/nCT/nCT9662.jpg,nCT,0,9662,368
/content/data/Preprocessed CT scans/nCT/nCT7118.jpg,nCT,0,7118,252
/content/data/Preprocessed CT scans/nCT/nCT5185.jpg,nCT,0,5185,102
/content/data/Preprocessed CT scans/nCT/nCT5202.jpg,nCT,0,5202,272
/content/data/Preprocessed CT scans/nCT/nCT756.jpg,nCT,0,756,261
/content/data/Preprocessed CT scans/nCT/nCT3742.jpg,nCT,0,3742,386
/content/data/Preprocessed CT scans/nCT/nCT917.jpg,nCT,0,917,341
/content/data/Preprocessed CT scans/nCT/nCT5524.jpg,nCT,0,5524,162
/content/data/Preprocessed CT scans/nCT/nCT1795.jpg,nCT,0,1795,136
/content/data/Preprocessed CT scans/nCT/nCT1335.jpg,nCT,0,1335,120
/content/data/Preprocessed CT scans/nCT/nCT2052.jpg,nCT,0,2052,141
/content/data/Preprocessed CT scans/nCT/nCT8821.jpg,nCT,0,8821,369
/content/data/Preprocessed CT scans/nCT/nCT9516.jpg,nCT,0,9516,171
/content/data/Preprocessed CT scans/nCT/nCT500.jpg,nCT,0,500,231
/content/data/Preprocessed CT scans/nCT/nCT144.jpg,nCT,0,144,275
/content/data/Preprocessed CT scans/nCT/nCT9071.jpg,nCT,0,9071,387
/content/data/Preprocessed CT scans/nCT/nCT4683.jpg,nCT,0,4683,208
/content/data/Preprocessed CT scans/nCT/nCT563.jpg,nCT,0,563,23
/content/data/Preprocessed CT scans/nCT/nCT4147.jpg,nCT,0,4147,91
/content/data/Preprocessed CT scans/nCT/nCT5336.jpg,nCT,0,5336,95
/content/data/Preprocessed CT scans/nCT/nCT5468.jpg,nCT,0,5468,173
/content/data/Preprocessed CT scans/nCT/nCT4987.jpg,nCT,0,4987,299
/content/data/Preprocessed CT scans/nCT/nCT1485.jpg,nCT,0,1485,335
/content/data/Preprocessed CT scans/nCT/nCT5791.jpg,nCT,0,5791,293
/content/data/Preprocessed CT scans/nCT/nCT9946.jpg,nCT,0,9946,222
/content/data/Preprocessed CT scans/nCT/nCT4059.jpg,nCT,0,4059,300
/content/data/Preprocessed CT scans/nCT/nCT2406.jpg,nCT,0,2406,206
/content/data/Preprocessed CT scans/nCT/nCT8864.jpg,nCT,0,8864,150
/content/data/Preprocessed CT scans/nCT/nCT7959.jpg,nCT,0,7959,242
/content/data/Preprocessed CT scans/nCT/nCT5221.jpg,nCT,0,5221,246
/content/data/Preprocessed CT scans/nCT/nCT3844.jpg,nCT,0,3844,91
/content/data/Preprocessed CT scans/nCT/nCT1746.jpg,nCT,0,1746,143
/content/data/Preprocessed CT scans/nCT/nCT639.jpg,nCT,0,639,62
/content/data/Preprocessed CT scans/nCT/nCT7774.jpg,nCT,0,7774,253
/content/data/Preprocessed CT scans/nCT/nCT1357.jpg,nCT,0,1357,234
/content/data/Preprocessed CT scans/nCT/nCT4170.jpg,nCT,0,4170,271
/content/data/Preprocessed CT scans/nCT/nCT5319.jpg,nCT,0,5319,119
/content/data/Preprocessed CT scans/nCT/nCT4422.jpg,nCT,0,4422,271
/content/data/Preprocessed CT scans/nCT/nCT1829.jpg,nCT,0,1829,195
/content/data/Preprocessed CT scans/nCT/nCT554.jpg,nCT,0,554,331
/content/data/Preprocessed CT scans/nCT/nCT7690.jpg,nCT,0,7690,241
/content/data/Preprocessed CT scans/nCT/nCT2963.jpg,nCT,0,2963,60
/content/data/Preprocessed CT scans/nCT/nCT658.jpg,nCT,0,658,34
/content/data/Preprocessed CT scans/nCT/nCT4406.jpg,nCT,0,4406,174
/content/data/Preprocessed CT scans/nCT/nCT6032.jpg,nCT,0,6032,399
/content/data/Preprocessed CT scans/nCT/nCT4788.jpg,nCT,0,4788,197
/content/data/Preprocessed CT scans/nCT/nCT9004.jpg,nCT,0,9004,106
/content/data/Preprocessed CT scans/nCT/nCT6143.jpg,nCT,0,6143,173
/content/data/Preprocessed CT scans/nCT/nCT1095.jpg,nCT,0,1095,193
/content/data/Preprocessed CT scans/nCT/nCT5803.jpg,nCT,0,5803,304
/content/data/Preprocessed CT scans/nCT/nCT5465.jpg,nCT,0,5465,236
/content/data/Preprocessed CT scans/nCT/nCT5650.jpg,nCT,0,5650,209
/content/data/Preprocessed CT scans/nCT/nCT9467.jpg,nCT,0,9467,88
/content/data/Preprocessed CT scans/nCT/nCT6796.jpg,nCT,0,6796,236
/content/data/Preprocessed CT scans/nCT/nCT5847.jpg,nCT,0,5847,360
/content/data/Preprocessed CT scans/nCT/nCT233.jpg,nCT,0,233,236
/content/data/Preprocessed CT scans/nCT/nCT3077.jpg,nCT,0,3077,204
/content/data/Preprocessed CT scans/nCT/nCT6874.jpg,nCT,0,6874,108
/content/data/Preprocessed CT scans/nCT/nCT5775.jpg,nCT,0,5775,282
/content/data/Preprocessed CT scans/nCT/nCT8917.jpg,nCT,0,8917,373
/content/data/Preprocessed CT scans/nCT/nCT2758.jpg,nCT,0,2758,112
/content/data/Preprocessed CT scans/nCT/nCT7962.jpg,nCT,0,7962,242
/content/data/Preprocessed CT scans/nCT/nCT3870.jpg,nCT,0,3870,100
/content/data/Preprocessed CT scans/nCT/nCT1481.jpg,nCT,0,1481,24
/content/data/Preprocessed CT scans/nCT/nCT9438.jpg,nCT,0,9438,112
/content/data/Preprocessed CT scans/nCT/nCT9655.jpg,nCT,0,9655,241
/content/data/Preprocessed CT scans/nCT/nCT4982.jpg,nCT,0,4982,272
/content/data/Preprocessed CT scans/nCT/nCT7819.jpg,nCT,0,7819,92
/content/data/Preprocessed CT scans/nCT/nCT6164.jpg,nCT,0,6164,96
/content/data/Preprocessed CT scans/nCT/nCT2077.jpg,nCT,0,2077,323
/content/data/Preprocessed CT scans/nCT/nCT2132.jpg,nCT,0,2132,14
/content/data/Preprocessed CT scans/nCT/nCT4775.jpg,nCT,0,4775,22
/content/data/Preprocessed CT scans/nCT/nCT5948.jpg,nCT,0,5948,204
/content/data/Preprocessed CT scans/nCT/nCT9723.jpg,nCT,0,9723,192
/content/data/Preprocessed CT scans/nCT/nCT2303.jpg,nCT,0,2303,27
/content/data/Preprocessed CT scans/nCT/nCT7825.jpg,nCT,0,7825,70
/content/data/Preprocessed CT scans/nCT/nCT1393.jpg,nCT,0,1393,26
/content/data/Preprocessed CT scans/nCT/nCT1665.jpg,nCT,0,1665,367
/content/data/Preprocessed CT scans/nCT/nCT9482.jpg,nCT,0,9482,241
/content/data/Preprocessed CT scans/nCT/nCT2531.jpg,nCT,0,2531,81
/content/data/Preprocessed CT scans/nCT/nCT2661.jpg,nCT,0,2661,206
/content/data/Preprocessed CT scans/nCT/nCT9503.jpg,nCT,0,9503,164
/content/data/Preprocessed CT scans/nCT/nCT9596.jpg,nCT,0,9596,370
/content/data/Preprocessed CT scans/nCT/nCT9394.jpg,nCT,0,9394,390
/content/data/Preprocessed CT scans/nCT/nCT800.jpg,nCT,0,800,231
/content/data/Preprocessed CT scans/nCT/nCT229.jpg,nCT,0,229,56
/content/data/Preprocessed CT scans/nCT/nCT1737.jpg,nCT,0,1737,136
/content/data/Preprocessed CT scans/nCT/nCT1322.jpg,nCT,0,1322,193
/content/data/Preprocessed CT scans/nCT/nCT4749.jpg,nCT,0,4749,96
/content/data/Preprocessed CT scans/nCT/nCT7031.jpg,nCT,0,7031,156
/content/data/Preprocessed CT scans/nCT/nCT788.jpg,nCT,0,788,261
/content/data/Preprocessed CT scans/nCT/nCT9823.jpg,nCT,0,9823,256
/content/data/Preprocessed CT scans/nCT/nCT3314.jpg,nCT,0,3314,91
/content/data/Preprocessed CT scans/nCT/nCT2754.jpg,nCT,0,2754,386
/content/data/Preprocessed CT scans/nCT/nCT1345.jpg,nCT,0,1345,193
/content/data/Preprocessed CT scans/nCT/nCT8870.jpg,nCT,0,8870,150
/content/data/Preprocessed CT scans/nCT/nCT8175.jpg,nCT,0,8175,380
/content/data/Preprocessed CT scans/nCT/nCT5437.jpg,nCT,0,5437,98
/content/data/Preprocessed CT scans/nCT/nCT466.jpg,nCT,0,466,231
/content/data/Preprocessed CT scans/nCT/nCT2059.jpg,nCT,0,2059,79
/content/data/Preprocessed CT scans/nCT/nCT4487.jpg,nCT,0,4487,383
/content/data/Preprocessed CT scans/nCT/nCT855.jpg,nCT,0,855,320
/content/data/Preprocessed CT scans/nCT/nCT9798.jpg,nCT,0,9798,188
/content/data/Preprocessed CT scans/nCT/nCT8994.jpg,nCT,0,8994,106
/content/data/Preprocessed CT scans/nCT/nCT4567.jpg,nCT,0,4567,91
/content/data/Preprocessed CT scans/nCT/nCT4691.jpg,nCT,0,4691,100
/content/data/Preprocessed CT scans/nCT/nCT944.jpg,nCT,0,944,93
/content/data/Preprocessed CT scans/nCT/nCT1704.jpg,nCT,0,1704,62
/content/data/Preprocessed CT scans/nCT/nCT9718.jpg,nCT,0,9718,192
/content/data/Preprocessed CT scans/nCT/nCT9683.jpg,nCT,0,9683,243
/content/data/Preprocessed CT scans/nCT/nCT1793.jpg,nCT,0,1793,120
/content/data/Preprocessed CT scans/nCT/nCT5101.jpg,nCT,0,5101,2
/content/data/Preprocessed CT scans/nCT/nCT1733.jpg,nCT,0,1733,345
/content/data/Preprocessed CT scans/nCT/nCT5958.jpg,nCT,0,5958,45
/content/data/Preprocessed CT scans/nCT/nCT8973.jpg,nCT,0,8973,222
/content/data/Preprocessed CT scans/nCT/nCT9595.jpg,nCT,0,9595,370
/content/data/Preprocessed CT scans/nCT/nCT799.jpg,nCT,0,799,47
/content/data/Preprocessed CT scans/nCT/nCT1550.jpg,nCT,0,1550,233
/content/data/Preprocessed CT scans/nCT/nCT426.jpg,nCT,0,426,129
/content/data/Preprocessed CT scans/nCT/nCT2193.jpg,nCT,0,2193,323
/content/data/Preprocessed CT scans/nCT/nCT3670.jpg,nCT,0,3670,174
/content/data/Preprocessed CT scans/nCT/nCT5879.jpg,nCT,0,5879,102
/content/data/Preprocessed CT scans/nCT/nCT1396.jpg,nCT,0,1396,62
/content/data/Preprocessed CT scans/nCT/nCT8376.jpg,nCT,0,8376,137
/content/data/Preprocessed CT scans/nCT/nCT5265.jpg,nCT,0,5265,195
/content/data/Preprocessed CT scans/nCT/nCT5031.jpg,nCT,0,5031,173
/content/data/Preprocessed CT scans/nCT/nCT8776.jpg,nCT,0,8776,255
/content/data/Preprocessed CT scans/nCT/nCT7887.jpg,nCT,0,7887,28
/content/data/Preprocessed CT scans/nCT/nCT8342.jpg,nCT,0,8342,164
/content/data/Preprocessed CT scans/nCT/nCT9289.jpg,nCT,0,9289,292
/content/data/Preprocessed CT scans/nCT/nCT8248.jpg,nCT,0,8248,41
/content/data/Preprocessed CT scans/nCT/nCT3970.jpg,nCT,0,3970,231
/content/data/Preprocessed CT scans/nCT/nCT6682.jpg,nCT,0,6682,167
/content/data/Preprocessed CT scans/nCT/nCT827.jpg,nCT,0,827,9
/content/data/Preprocessed CT scans/nCT/nCT6736.jpg,nCT,0,6736,156
/content/data/Preprocessed CT scans/nCT/nCT1113.jpg,nCT,0,1113,341
/content/data/Preprocessed CT scans/nCT/nCT27.jpg,nCT,0,27,145
/content/data/Preprocessed CT scans/nCT/nCT4316.jpg,nCT,0,4316,346
/content/data/Preprocessed CT scans/nCT/nCT2880.jpg,nCT,0,2880,275
/content/data/Preprocessed CT scans/nCT/nCT8882.jpg,nCT,0,8882,267
/content/data/Preprocessed CT scans/nCT/nCT1117.jpg,nCT,0,1117,331
/content/data/Preprocessed CT scans/nCT/nCT5966.jpg,nCT,0,5966,250
/content/data/Preprocessed CT scans/nCT/nCT1712.jpg,nCT,0,1712,175
/content/data/Preprocessed CT scans/nCT/nCT2745.jpg,nCT,0,2745,204
/content/data/Preprocessed CT scans/nCT/nCT2359.jpg,nCT,0,2359,269
/content/data/Preprocessed CT scans/nCT/nCT5979.jpg,nCT,0,5979,17
/content/data/Preprocessed CT scans/nCT/nCT7010.jpg,nCT,0,7010,156
/content/data/Preprocessed CT scans/nCT/nCT4859.jpg,nCT,0,4859,167
/content/data/Preprocessed CT scans/nCT/nCT3388.jpg,nCT,0,3388,318
/content/data/Preprocessed CT scans/nCT/nCT7017.jpg,nCT,0,7017,208
/content/data/Preprocessed CT scans/nCT/nCT6059.jpg,nCT,0,6059,195
/content/data/Preprocessed CT scans/nCT/nCT4029.jpg,nCT,0,4029,174
/content/data/Preprocessed CT scans/nCT/nCT7806.jpg,nCT,0,7806,149
/content/data/Preprocessed CT scans/nCT/nCT6278.jpg,nCT,0,6278,304
/content/data/Preprocessed CT scans/nCT/nCT8735.jpg,nCT,0,8735,19
/content/data/Preprocessed CT scans/nCT/nCT5988.jpg,nCT,0,5988,236
/content/data/Preprocessed CT scans/nCT/nCT9532.jpg,nCT,0,9532,11
/content/data/Preprocessed CT scans/nCT/nCT2149.jpg,nCT,0,2149,143
/content/data/Preprocessed CT scans/nCT/nCT7829.jpg,nCT,0,7829,70
/content/data/Preprocessed CT scans/nCT/nCT8678.jpg,nCT,0,8678,361
/content/data/Preprocessed CT scans/nCT/nCT4325.jpg,nCT,0,4325,47
/content/data/Preprocessed CT scans/nCT/nCT903.jpg,nCT,0,903,186
/content/data/Preprocessed CT scans/nCT/nCT956.jpg,nCT,0,956,193
/content/data/Preprocessed CT scans/nCT/nCT76.jpg,nCT,0,76,108
/content/data/Preprocessed CT scans/nCT/nCT934.jpg,nCT,0,934,108
/content/data/Preprocessed CT scans/nCT/nCT3973.jpg,nCT,0,3973,305
/content/data/Preprocessed CT scans/nCT/nCT3601.jpg,nCT,0,3601,47
/content/data/Preprocessed CT scans/nCT/nCT5731.jpg,nCT,0,5731,173
/content/data/Preprocessed CT scans/nCT/nCT427.jpg,nCT,0,427,145
/content/data/Preprocessed CT scans/nCT/nCT3792.jpg,nCT,0,3792,56
/content/data/Preprocessed CT scans/nCT/nCT6296.jpg,nCT,0,6296,204
/content/data/Preprocessed CT scans/nCT/nCT8640.jpg,nCT,0,8640,19
/content/data/Preprocessed CT scans/nCT/nCT6002.jpg,nCT,0,6002,217
/content/data/Preprocessed CT scans/nCT/nCT9011.jpg,nCT,0,9011,188
/content/data/Preprocessed CT scans/nCT/nCT7070.jpg,nCT,0,7070,329
/content/data/Preprocessed CT scans/nCT/nCT4936.jpg,nCT,0,4936,334
/content/data/Preprocessed CT scans/nCT/nCT6132.jpg,nCT,0,6132,304
/content/data/Preprocessed CT scans/nCT/nCT3812.jpg,nCT,0,3812,339
/content/data/Preprocessed CT scans/nCT/nCT1903.jpg,nCT,0,1903,143
/content/data/Preprocessed CT scans/nCT/nCT7501.jpg,nCT,0,7501,96
/content/data/Preprocessed CT scans/nCT/nCT5007.jpg,nCT,0,5007,109
/content/data/Preprocessed CT scans/nCT/nCT3094.jpg,nCT,0,3094,96
/content/data/Preprocessed CT scans/nCT/nCT9255.jpg,nCT,0,9255,61
/content/data/Preprocessed CT scans/nCT/nCT4351.jpg,nCT,0,4351,101
/content/data/Preprocessed CT scans/nCT/nCT9883.jpg,nCT,0,9883,247
/content/data/Preprocessed CT scans/nCT/nCT5421.jpg,nCT,0,5421,80
/content/data/Preprocessed CT scans/nCT/nCT6439.jpg,nCT,0,6439,304
/content/data/Preprocessed CT scans/nCT/nCT2657.jpg,nCT,0,2657,206
/content/data/Preprocessed CT scans/nCT/nCT8868.jpg,nCT,0,8868,150
/content/data/Preprocessed CT scans/nCT/nCT1020.jpg,nCT,0,1020,34
/content/data/Preprocessed CT scans/nCT/nCT4499.jpg,nCT,0,4499,110
/content/data/Preprocessed CT scans/nCT/nCT3432.jpg,nCT,0,3432,25
/content/data/Preprocessed CT scans/nCT/nCT9744.jpg,nCT,0,9744,38
/content/data/Preprocessed CT scans/nCT/nCT5203.jpg,nCT,0,5203,83
/content/data/Preprocessed CT scans/nCT/nCT9764.jpg,nCT,0,9764,203
/content/data/Preprocessed CT scans/nCT/nCT9554.jpg,nCT,0,9554,11
/content/data/Preprocessed CT scans/nCT/nCT7800.jpg,nCT,0,7800,149
/content/data/Preprocessed CT scans/nCT/nCT2994.jpg,nCT,0,2994,390
/content/data/Preprocessed CT scans/nCT/nCT8773.jpg,nCT,0,8773,255
/content/data/Preprocessed CT scans/nCT/nCT4490.jpg,nCT,0,4490,261
/content/data/Preprocessed CT scans/nCT/nCT6259.jpg,nCT,0,6259,110
/content/data/Preprocessed CT scans/nCT/nCT560.jpg,nCT,0,560,129
/content/data/Preprocessed CT scans/nCT/nCT7472.jpg,nCT,0,7472,96
/content/data/Preprocessed CT scans/nCT/nCT3058.jpg,nCT,0,3058,75
/content/data/Preprocessed CT scans/nCT/nCT6561.jpg,nCT,0,6561,162
/content/data/Preprocessed CT scans/nCT/nCT8843.jpg,nCT,0,8843,135
/content/data/Preprocessed CT scans/nCT/nCT8049.jpg,nCT,0,8049,182
/content/data/Preprocessed CT scans/nCT/nCT6118.jpg,nCT,0,6118,354
/content/data/Preprocessed CT scans/nCT/nCT417.jpg,nCT,0,417,316
/content/data/Preprocessed CT scans/nCT/nCT1385.jpg,nCT,0,1385,254
/content/data/Preprocessed CT scans/nCT/nCT715.jpg,nCT,0,715,301
/content/data/Preprocessed CT scans/nCT/nCT9825.jpg,nCT,0,9825,256
/content/data/Preprocessed CT scans/nCT/nCT1305.jpg,nCT,0,1305,273
/content/data/Preprocessed CT scans/nCT/nCT4625.jpg,nCT,0,4625,334
/content/data/Preprocessed CT scans/nCT/nCT7376.jpg,nCT,0,7376,75
/content/data/Preprocessed CT scans/nCT/nCT9271.jpg,nCT,0,9271,61
/content/data/Preprocessed CT scans/nCT/nCT879.jpg,nCT,0,879,261
/content/data/Preprocessed CT scans/nCT/nCT2675.jpg,nCT,0,2675,206
/content/data/Preprocessed CT scans/nCT/nCT7855.jpg,nCT,0,7855,365
/content/data/Preprocessed CT scans/nCT/nCT5685.jpg,nCT,0,5685,204
/content/data/Preprocessed CT scans/nCT/nCT3474.jpg,nCT,0,3474,355
/content/data/Preprocessed CT scans/nCT/nCT336.jpg,nCT,0,336,119
/content/data/Preprocessed CT scans/nCT/nCT655.jpg,nCT,0,655,334
/content/data/Preprocessed CT scans/nCT/nCT969.jpg,nCT,0,969,214
/content/data/Preprocessed CT scans/nCT/nCT1143.jpg,nCT,0,1143,165
/content/data/Preprocessed CT scans/nCT/nCT1350.jpg,nCT,0,1350,331
/content/data/Preprocessed CT scans/nCT/nCT204.jpg,nCT,0,204,156
/content/data/Preprocessed CT scans/nCT/nCT173.jpg,nCT,0,173,22
/content/data/Preprocessed CT scans/nCT/nCT5143.jpg,nCT,0,5143,173
/content/data/Preprocessed CT scans/nCT/nCT2590.jpg,nCT,0,2590,4
/content/data/Preprocessed CT scans/nCT/nCT8754.jpg,nCT,0,8754,188
/content/data/Preprocessed CT scans/nCT/nCT7195.jpg,nCT,0,7195,172
/content/data/Preprocessed CT scans/nCT/nCT3985.jpg,nCT,0,3985,271
/content/data/Preprocessed CT scans/nCT/nCT5587.jpg,nCT,0,5587,224
/content/data/Preprocessed CT scans/nCT/nCT9366.jpg,nCT,0,9366,179
/content/data/Preprocessed CT scans/nCT/nCT994.jpg,nCT,0,994,249
/content/data/Preprocessed CT scans/nCT/nCT5770.jpg,nCT,0,5770,17
/content/data/Preprocessed CT scans/nCT/nCT7985.jpg,nCT,0,7985,253
/content/data/Preprocessed CT scans/nCT/nCT2462.jpg,nCT,0,2462,269
/content/data/Preprocessed CT scans/nCT/nCT360.jpg,nCT,0,360,47
/content/data/Preprocessed CT scans/nCT/nCT5659.jpg,nCT,0,5659,341
/content/data/Preprocessed CT scans/nCT/nCT5558.jpg,nCT,0,5558,304
/content/data/Preprocessed CT scans/nCT/nCT3093.jpg,nCT,0,3093,109
/content/data/Preprocessed CT scans/nCT/nCT2097.jpg,nCT,0,2097,143
/content/data/Preprocessed CT scans/nCT/nCT3858.jpg,nCT,0,3858,316
/content/data/Preprocessed CT scans/nCT/nCT5361.jpg,nCT,0,5361,42
/content/data/Preprocessed CT scans/nCT/nCT5394.jpg,nCT,0,5394,277
/content/data/Preprocessed CT scans/nCT/nCT9747.jpg,nCT,0,9747,286
/content/data/Preprocessed CT scans/nCT/nCT5283.jpg,nCT,0,5283,96
/content/data/Preprocessed CT scans/nCT/nCT8054.jpg,nCT,0,8054,65
/content/data/Preprocessed CT scans/nCT/nCT4432.jpg,nCT,0,4432,272
/content/data/Preprocessed CT scans/nCT/nCT9006.jpg,nCT,0,9006,41
/content/data/Preprocessed CT scans/nCT/nCT1672.jpg,nCT,0,1672,268
/content/data/Preprocessed CT scans/nCT/nCT5410.jpg,nCT,0,5410,156
/content/data/Preprocessed CT scans/nCT/nCT602.jpg,nCT,0,602,351
/content/data/Preprocessed CT scans/nCT/nCT6165.jpg,nCT,0,6165,110
/content/data/Preprocessed CT scans/nCT/nCT6023.jpg,nCT,0,6023,229
/content/data/Preprocessed CT scans/nCT/nCT3310.jpg,nCT,0,3310,25
/content/data/Preprocessed CT scans/nCT/nCT2275.jpg,nCT,0,2275,333
/content/data/Preprocessed CT scans/nCT/nCT9038.jpg,nCT,0,9038,256
/content/data/Preprocessed CT scans/nCT/nCT3292.jpg,nCT,0,3292,298
/content/data/Preprocessed CT scans/nCT/nCT3940.jpg,nCT,0,3940,300
/content/data/Preprocessed CT scans/nCT/nCT4537.jpg,nCT,0,4537,165
/content/data/Preprocessed CT scans/nCT/nCT6360.jpg,nCT,0,6360,167
/content/data/Preprocessed CT scans/nCT/nCT8414.jpg,nCT,0,8414,92
/content/data/Preprocessed CT scans/nCT/nCT551.jpg,nCT,0,551,142
/content/data/Preprocessed CT scans/nCT/nCT1638.jpg,nCT,0,1638,335
/content/data/Preprocessed CT scans/nCT/nCT3102.jpg,nCT,0,3102,275
/content/data/Preprocessed CT scans/nCT/nCT9478.jpg,nCT,0,9478,88
/content/data/Preprocessed CT scans/nCT/nCT5505.jpg,nCT,0,5505,390
/content/data/Preprocessed CT scans/nCT/nCT7720.jpg,nCT,0,7720,151
/content/data/Preprocessed CT scans/nCT/nCT1196.jpg,nCT,0,1196,335
/content/data/Preprocessed CT scans/nCT/nCT8344.jpg,nCT,0,8344,164
/content/data/Preprocessed CT scans/nCT/nCT5258.jpg,nCT,0,5258,83
/content/data/Preprocessed CT scans/nCT/nCT4182.jpg,nCT,0,4182,197
/content/data/Preprocessed CT scans/nCT/nCT3127.jpg,nCT,0,3127,209
/content/data/Preprocessed CT scans/nCT/nCT2044.jpg,nCT,0,2044,79
/content/data/Preprocessed CT scans/nCT/nCT1288.jpg,nCT,0,1288,254
/content/data/Preprocessed CT scans/nCT/nCT4036.jpg,nCT,0,4036,101
/content/data/Preprocessed CT scans/nCT/nCT3277.jpg,nCT,0,3277,339
/content/data/Preprocessed CT scans/nCT/nCT5938.jpg,nCT,0,5938,230
/content/data/Preprocessed CT scans/nCT/nCT3618.jpg,nCT,0,3618,244
/content/data/Preprocessed CT scans/nCT/nCT7074.jpg,nCT,0,7074,172
/content/data/Preprocessed CT scans/nCT/nCT2261.jpg,nCT,0,2261,79
/content/data/Preprocessed CT scans/nCT/nCT294.jpg,nCT,0,294,6
/content/data/Preprocessed CT scans/nCT/nCT694.jpg,nCT,0,694,345
/content/data/Preprocessed CT scans/nCT/nCT1075.jpg,nCT,0,1075,34
/content/data/Preprocessed CT scans/nCT/nCT1657.jpg,nCT,0,1657,208
/content/data/Preprocessed CT scans/nCT/nCT4937.jpg,nCT,0,4937,93
/content/data/Preprocessed CT scans/nCT/nCT7461.jpg,nCT,0,7461,167
/content/data/Preprocessed CT scans/nCT/nCT6740.jpg,nCT,0,6740,105
/content/data/Preprocessed CT scans/nCT/nCT2070.jpg,nCT,0,2070,143
/content/data/Preprocessed CT scans/nCT/nCT1964.jpg,nCT,0,1964,40
/content/data/Preprocessed CT scans/nCT/nCT2345.jpg,nCT,0,2345,282
/content/data/Preprocessed CT scans/nCT/nCT5325.jpg,nCT,0,5325,246
/content/data/Preprocessed CT scans/nCT/nCT9283.jpg,nCT,0,9283,292
/content/data/Preprocessed CT scans/nCT/nCT7736.jpg,nCT,0,7736,160
/content/data/Preprocessed CT scans/nCT/nCT5653.jpg,nCT,0,5653,304
/content/data/Preprocessed CT scans/nCT/nCT9959.jpg,nCT,0,9959,129
/content/data/Preprocessed CT scans/nCT/nCT7383.jpg,nCT,0,7383,298
/content/data/Preprocessed CT scans/nCT/nCT1896.jpg,nCT,0,1896,120
/content/data/Preprocessed CT scans/nCT/nCT4207.jpg,nCT,0,4207,277
/content/data/Preprocessed CT scans/nCT/nCT5951.jpg,nCT,0,5951,334
/content/data/Preprocessed CT scans/nCT/nCT6442.jpg,nCT,0,6442,145
/content/data/Preprocessed CT scans/nCT/nCT7054.jpg,nCT,0,7054,351
/content/data/Preprocessed CT scans/nCT/nCT790.jpg,nCT,0,790,234
/content/data/Preprocessed CT scans/nCT/nCT6799.jpg,nCT,0,6799,217
/content/data/Preprocessed CT scans/nCT/nCT8345.jpg,nCT,0,8345,164
/content/data/Preprocessed CT scans/nCT/nCT9589.jpg,nCT,0,9589,370
/content/data/Preprocessed CT scans/nCT/nCT2115.jpg,nCT,0,2115,141
/content/data/Preprocessed CT scans/nCT/nCT5072.jpg,nCT,0,5072,208
/content/data/Preprocessed CT scans/nCT/nCT5926.jpg,nCT,0,5926,13
/content/data/Preprocessed CT scans/nCT/nCT8364.jpg,nCT,0,8364,137
/content/data/Preprocessed CT scans/nCT/nCT9341.jpg,nCT,0,9341,389
/content/data/Preprocessed CT scans/nCT/nCT5208.jpg,nCT,0,5208,2
/content/data/Preprocessed CT scans/nCT/nCT7688.jpg,nCT,0,7688,241
/content/data/Preprocessed CT scans/nCT/nCT7900.jpg,nCT,0,7900,241
/content/data/Preprocessed CT scans/nCT/nCT5191.jpg,nCT,0,5191,236
/content/data/Preprocessed CT scans/nCT/nCT6667.jpg,nCT,0,6667,338
/content/data/Preprocessed CT scans/nCT/nCT4246.jpg,nCT,0,4246,208
/content/data/Preprocessed CT scans/nCT/nCT915.jpg,nCT,0,915,320
/content/data/Preprocessed CT scans/nCT/nCT889.jpg,nCT,0,889,208
/content/data/Preprocessed CT scans/nCT/nCT1006.jpg,nCT,0,1006,231
/content/data/Preprocessed CT scans/nCT/nCT9078.jpg,nCT,0,9078,128
/content/data/Preprocessed CT scans/nCT/nCT451.jpg,nCT,0,451,316
/content/data/Preprocessed CT scans/nCT/nCT1944.jpg,nCT,0,1944,230
/content/data/Preprocessed CT scans/nCT/nCT7694.jpg,nCT,0,7694,368
/content/data/Preprocessed CT scans/nCT/nCT2807.jpg,nCT,0,2807,197
/content/data/Preprocessed CT scans/nCT/nCT9572.jpg,nCT,0,9572,78
/content/data/Preprocessed CT scans/nCT/nCT5663.jpg,nCT,0,5663,230
/content/data/Preprocessed CT scans/nCT/nCT851.jpg,nCT,0,851,234
/content/data/Preprocessed CT scans/nCT/nCT9448.jpg,nCT,0,9448,65
/content/data/Preprocessed CT scans/nCT/nCT8749.jpg,nCT,0,8749,361
/content/data/Preprocessed CT scans/nCT/nCT6957.jpg,nCT,0,6957,350
/content/data/Preprocessed CT scans/nCT/nCT9969.jpg,nCT,0,9969,120
/content/data/Preprocessed CT scans/nCT/nCT2919.jpg,nCT,0,2919,233
/content/data/Preprocessed CT scans/nCT/nCT1655.jpg,nCT,0,1655,345
/content/data/Preprocessed CT scans/nCT/nCT8626.jpg,nCT,0,8626,19
/content/data/Preprocessed CT scans/nCT/nCT6504.jpg,nCT,0,6504,199
/content/data/Preprocessed CT scans/nCT/nCT9561.jpg,nCT,0,9561,389
/content/data/Preprocessed CT scans/nCT/nCT5195.jpg,nCT,0,5195,173
/content/data/Preprocessed CT scans/nCT/nCT5332.jpg,nCT,0,5332,252
/content/data/Preprocessed CT scans/nCT/nCT7857.jpg,nCT,0,7857,365
/content/data/Preprocessed CT scans/nCT/nCT6733.jpg,nCT,0,6733,399
/content/data/Preprocessed CT scans/nCT/nCT2336.jpg,nCT,0,2336,341
/content/data/Preprocessed CT scans/nCT/nCT1493.jpg,nCT,0,1493,143
/content/data/Preprocessed CT scans/nCT/nCT7542.jpg,nCT,0,7542,339
/content/data/Preprocessed CT scans/nCT/nCT4099.jpg,nCT,0,4099,156
/content/data/Preprocessed CT scans/nCT/nCT9670.jpg,nCT,0,9670,243
/content/data/Preprocessed CT scans/nCT/nCT2727.jpg,nCT,0,2727,339
/content/data/Preprocessed CT scans/nCT/nCT1411.jpg,nCT,0,1411,24
/content/data/Preprocessed CT scans/nCT/nCT8758.jpg,nCT,0,8758,188
/content/data/Preprocessed CT scans/nCT/nCT4087.jpg,nCT,0,4087,233
/content/data/Preprocessed CT scans/nCT/nCT3788.jpg,nCT,0,3788,174
/content/data/Preprocessed CT scans/nCT/nCT2032.jpg,nCT,0,2032,14
/content/data/Preprocessed CT scans/nCT/nCT4282.jpg,nCT,0,4282,316
/content/data/Preprocessed CT scans/nCT/nCT5390.jpg,nCT,0,5390,357
/content/data/Preprocessed CT scans/nCT/nCT8435.jpg,nCT,0,8435,70
/content/data/Preprocessed CT scans/nCT/nCT281.jpg,nCT,0,281,333
/content/data/Preprocessed CT scans/nCT/nCT6490.jpg,nCT,0,6490,355
/content/data/Preprocessed CT scans/nCT/nCT7140.jpg,nCT,0,7140,386
/content/data/Preprocessed CT scans/nCT/nCT3302.jpg,nCT,0,3302,25
/content/data/Preprocessed CT scans/nCT/nCT4262.jpg,nCT,0,4262,195
/content/data/Preprocessed CT scans/nCT/nCT2401.jpg,nCT,0,2401,81
/content/data/Preprocessed CT scans/nCT/nCT4965.jpg,nCT,0,4965,252
/content/data/Preprocessed CT scans/nCT/nCT8082.jpg,nCT,0,8082,88
/content/data/Preprocessed CT scans/nCT/nCT1460.jpg,nCT,0,1460,304
/content/data/Preprocessed CT scans/nCT/nCT7860.jpg,nCT,0,7860,365
/content/data/Preprocessed CT scans/nCT/nCT3553.jpg,nCT,0,3553,174
/content/data/Preprocessed CT scans/nCT/nCT1527.jpg,nCT,0,1527,304
/content/data/Preprocessed CT scans/nCT/nCT3583.jpg,nCT,0,3583,291
/content/data/Preprocessed CT scans/nCT/nCT3888.jpg,nCT,0,3888,100
/content/data/Preprocessed CT scans/nCT/nCT9577.jpg,nCT,0,9577,389
/content/data/Preprocessed CT scans/nCT/nCT4543.jpg,nCT,0,4543,34
/content/data/Preprocessed CT scans/nCT/nCT3317.jpg,nCT,0,3317,25
/content/data/Preprocessed CT scans/nCT/nCT1913.jpg,nCT,0,1913,120
/content/data/Preprocessed CT scans/nCT/nCT648.jpg,nCT,0,648,301
/content/data/Preprocessed CT scans/nCT/nCT3384.jpg,nCT,0,3384,68
/content/data/Preprocessed CT scans/nCT/nCT7456.jpg,nCT,0,7456,96
/content/data/Preprocessed CT scans/nCT/nCT2625.jpg,nCT,0,2625,347
/content/data/Preprocessed CT scans/nCT/nCT6860.jpg,nCT,0,6860,172
/content/data/Preprocessed CT scans/nCT/nCT954.jpg,nCT,0,954,351
/content/data/Preprocessed CT scans/nCT/nCT8554.jpg,nCT,0,8554,242
/content/data/Preprocessed CT scans/nCT/nCT3416.jpg,nCT,0,3416,231
/content/data/Preprocessed CT scans/nCT/nCT3624.jpg,nCT,0,3624,129
/content/data/Preprocessed CT scans/nCT/nCT5548.jpg,nCT,0,5548,304
/content/data/Preprocessed CT scans/nCT/nCT6573.jpg,nCT,0,6573,195
/content/data/Preprocessed CT scans/nCT/nCT8928.jpg,nCT,0,8928,373
/content/data/Preprocessed CT scans/nCT/nCT2300.jpg,nCT,0,2300,341
/content/data/Preprocessed CT scans/nCT/nCT5688.jpg,nCT,0,5688,334
/content/data/Preprocessed CT scans/nCT/nCT9865.jpg,nCT,0,9865,387
/content/data/Preprocessed CT scans/nCT/nCT9462.jpg,nCT,0,9462,88
/content/data/Preprocessed CT scans/nCT/nCT1169.jpg,nCT,0,1169,165
/content/data/Preprocessed CT scans/nCT/nCT397.jpg,nCT,0,397,231
/content/data/Preprocessed CT scans/nCT/nCT6375.jpg,nCT,0,6375,236
/content/data/Preprocessed CT scans/nCT/nCT2196.jpg,nCT,0,2196,141
/content/data/Preprocessed CT scans/nCT/nCT3453.jpg,nCT,0,3453,96
/content/data/Preprocessed CT scans/nCT/nCT6999.jpg,nCT,0,6999,360
/content/data/Preprocessed CT scans/nCT/nCT85.jpg,nCT,0,85,392
/content/data/Preprocessed CT scans/nCT/nCT9346.jpg,nCT,0,9346,179
/content/data/Preprocessed CT scans/nCT/nCT1523.jpg,nCT,0,1523,345
/content/data/Preprocessed CT scans/nCT/nCT8479.jpg,nCT,0,8479,103
/content/data/Preprocessed CT scans/nCT/nCT6227.jpg,nCT,0,6227,270
/content/data/Preprocessed CT scans/nCT/nCT538.jpg,nCT,0,538,72
/content/data/Preprocessed CT scans/nCT/nCT4035.jpg,nCT,0,4035,156
/content/data/Preprocessed CT scans/nCT/nCT3855.jpg,nCT,0,3855,275
/content/data/Preprocessed CT scans/nCT/nCT5878.jpg,nCT,0,5878,399
/content/data/Preprocessed CT scans/nCT/nCT1003.jpg,nCT,0,1003,341
/content/data/Preprocessed CT scans/nCT/nCT9643.jpg,nCT,0,9643,256
/content/data/Preprocessed CT scans/nCT/nCT4304.jpg,nCT,0,4304,80
/content/data/Preprocessed CT scans/nCT/nCT5796.jpg,nCT,0,5796,175
/content/data/Preprocessed CT scans/nCT/nCT634.jpg,nCT,0,634,120
/content/data/Preprocessed CT scans/nCT/nCT5081.jpg,nCT,0,5081,167
/content/data/Preprocessed CT scans/nCT/nCT8070.jpg,nCT,0,8070,88
/content/data/Preprocessed CT scans/nCT/nCT3390.jpg,nCT,0,3390,108
/content/data/Preprocessed CT scans/nCT/nCT1463.jpg,nCT,0,1463,40
/content/data/Preprocessed CT scans/nCT/nCT4248.jpg,nCT,0,4248,58
/content/data/Preprocessed CT scans/nCT/nCT140.jpg,nCT,0,140,145
/content/data/Preprocessed CT scans/nCT/nCT8449.jpg,nCT,0,8449,182
/content/data/Preprocessed CT scans/nCT/nCT1980.jpg,nCT,0,1980,56
/content/data/Preprocessed CT scans/nCT/nCT266.jpg,nCT,0,266,56
/content/data/Preprocessed CT scans/nCT/nCT4810.jpg,nCT,0,4810,173
/content/data/Preprocessed CT scans/nCT/nCT3445.jpg,nCT,0,3445,108
/content/data/Preprocessed CT scans/nCT/nCT8884.jpg,nCT,0,8884,267
/content/data/Preprocessed CT scans/nCT/nCT4592.jpg,nCT,0,4592,102
/content/data/Preprocessed CT scans/nCT/nCT1744.jpg,nCT,0,1744,62
/content/data/Preprocessed CT scans/nCT/nCT5817.jpg,nCT,0,5817,47
/content/data/Preprocessed CT scans/nCT/nCT2507.jpg,nCT,0,2507,347
/content/data/Preprocessed CT scans/nCT/nCT568.jpg,nCT,0,568,101
/content/data/Preprocessed CT scans/nCT/nCT5139.jpg,nCT,0,5139,156
/content/data/Preprocessed CT scans/nCT/nCT3070.jpg,nCT,0,3070,234
/content/data/Preprocessed CT scans/nCT/nCT1337.jpg,nCT,0,1337,93
/content/data/Preprocessed CT scans/nCT/nCT6219.jpg,nCT,0,6219,235
/content/data/Preprocessed CT scans/nCT/nCT3743.jpg,nCT,0,3743,129
/content/data/Preprocessed CT scans/nCT/nCT6150.jpg,nCT,0,6150,293
/content/data/Preprocessed CT scans/nCT/nCT387.jpg,nCT,0,387,333
/content/data/Preprocessed CT scans/nCT/nCT1213.jpg,nCT,0,1213,45
/content/data/Preprocessed CT scans/nCT/nCT9020.jpg,nCT,0,9020,41
/content/data/Preprocessed CT scans/nCT/nCT471.jpg,nCT,0,471,351
/content/data/Preprocessed CT scans/nCT/nCT7323.jpg,nCT,0,7323,185
/content/data/Preprocessed CT scans/nCT/nCT2239.jpg,nCT,0,2239,269
/content/data/Preprocessed CT scans/nCT/nCT1263.jpg,nCT,0,1263,93
/content/data/Preprocessed CT scans/nCT/nCT6420.jpg,nCT,0,6420,334
/content/data/Preprocessed CT scans/nCT/nCT4974.jpg,nCT,0,4974,393
/content/data/Preprocessed CT scans/nCT/nCT4628.jpg,nCT,0,4628,91
/content/data/Preprocessed CT scans/nCT/nCT6166.jpg,nCT,0,6166,355
/content/data/Preprocessed CT scans/nCT/nCT3193.jpg,nCT,0,3193,25
/content/data/Preprocessed CT scans/nCT/nCT3308.jpg,nCT,0,3308,390
/content/data/Preprocessed CT scans/nCT/nCT6835.jpg,nCT,0,6835,162
/content/data/Preprocessed CT scans/nCT/nCT6075.jpg,nCT,0,6075,229
/content/data/Preprocessed CT scans/nCT/nCT4362.jpg,nCT,0,4362,271
/content/data/Preprocessed CT scans/nCT/nCT9197.jpg,nCT,0,9197,41
/content/data/Preprocessed CT scans/nCT/nCT3730.jpg,nCT,0,3730,174
/content/data/Preprocessed CT scans/nCT/nCT9333.jpg,nCT,0,9333,389
/content/data/Preprocessed CT scans/nCT/nCT679.jpg,nCT,0,679,58
/content/data/Preprocessed CT scans/nCT/nCT5936.jpg,nCT,0,5936,236
/content/data/Preprocessed CT scans/nCT/nCT3176.jpg,nCT,0,3176,96
/content/data/Preprocessed CT scans/nCT/nCT4495.jpg,nCT,0,4495,83
/content/data/Preprocessed CT scans/nCT/nCT4560.jpg,nCT,0,4560,132
/content/data/Preprocessed CT scans/nCT/nCT4436.jpg,nCT,0,4436,110
/content/data/Preprocessed CT scans/nCT/nCT1633.jpg,nCT,0,1633,120
/content/data/Preprocessed CT scans/nCT/nCT3174.jpg,nCT,0,3174,329
/content/data/Preprocessed CT scans/nCT/nCT9647.jpg,nCT,0,9647,256
/content/data/Preprocessed CT scans/nCT/nCT5996.jpg,nCT,0,5996,208
/content/data/Preprocessed CT scans/nCT/nCT8044.jpg,nCT,0,8044,182
/content/data/Preprocessed CT scans/nCT/nCT9160.jpg,nCT,0,9160,222
/content/data/Preprocessed CT scans/nCT/nCT948.jpg,nCT,0,948,208
/content/data/Preprocessed CT scans/nCT/nCT5216.jpg,nCT,0,5216,209
/content/data/Preprocessed CT scans/nCT/nCT3621.jpg,nCT,0,3621,68
/content/data/Preprocessed CT scans/nCT/nCT5769.jpg,nCT,0,5769,133
/content/data/Preprocessed CT scans/nCT/nCT430.jpg,nCT,0,430,360
/content/data/Preprocessed CT scans/nCT/nCT9773.jpg,nCT,0,9773,3
/content/data/Preprocessed CT scans/nCT/nCT139.jpg,nCT,0,139,129
/content/data/Preprocessed CT scans/nCT/nCT6319.jpg,nCT,0,6319,233
/content/data/Preprocessed CT scans/nCT/nCT1239.jpg,nCT,0,1239,93
/content/data/Preprocessed CT scans/nCT/nCT7613.jpg,nCT,0,7613,112
/content/data/Preprocessed CT scans/nCT/nCT4482.jpg,nCT,0,4482,390
/content/data/Preprocessed CT scans/nCT/nCT2925.jpg,nCT,0,2925,93
/content/data/Preprocessed CT scans/nCT/nCT3144.jpg,nCT,0,3144,93
/content/data/Preprocessed CT scans/nCT/nCT5430.jpg,nCT,0,5430,195
/content/data/Preprocessed CT scans/nCT/nCT7614.jpg,nCT,0,7614,109
/content/data/Preprocessed CT scans/nCT/nCT1941.jpg,nCT,0,1941,14
/content/data/Preprocessed CT scans/nCT/nCT6584.jpg,nCT,0,6584,24
/content/data/Preprocessed CT scans/nCT/nCT6366.jpg,nCT,0,6366,252
/content/data/Preprocessed CT scans/nCT/nCT9968.jpg,nCT,0,9968,120
/content/data/Preprocessed CT scans/nCT/nCT3085.jpg,nCT,0,3085,197
/content/data/Preprocessed CT scans/nCT/nCT7550.jpg,nCT,0,7550,91
/content/data/Preprocessed CT scans/nCT/nCT5537.jpg,nCT,0,5537,341
/content/data/Preprocessed CT scans/nCT/nCT9129.jpg,nCT,0,9129,247
/content/data/Preprocessed CT scans/nCT/nCT8971.jpg,nCT,0,8971,222
/content/data/Preprocessed CT scans/nCT/nCT9785.jpg,nCT,0,9785,3
/content/data/Preprocessed CT scans/nCT/nCT1554.jpg,nCT,0,1554,367
/content/data/Preprocessed CT scans/nCT/nCT3579.jpg,nCT,0,3579,96
/content/data/Preprocessed CT scans/nCT/nCT6458.jpg,nCT,0,6458,133
/content/data/Preprocessed CT scans/nCT/nCT1798.jpg,nCT,0,1798,40
/content/data/Preprocessed CT scans/nCT/nCT2840.jpg,nCT,0,2840,329
/content/data/Preprocessed CT scans/nCT/nCT9618.jpg,nCT,0,9618,365
/content/data/Preprocessed CT scans/nCT/nCT8290.jpg,nCT,0,8290,28
/content/data/Preprocessed CT scans/nCT/nCT1331.jpg,nCT,0,1331,249
/content/data/Preprocessed CT scans/nCT/nCT118.jpg,nCT,0,118,162
/content/data/Preprocessed CT scans/nCT/nCT7023.jpg,nCT,0,7023,58
/content/data/Preprocessed CT scans/nCT/nCT6700.jpg,nCT,0,6700,21
/content/data/Preprocessed CT scans/nCT/nCT5413.jpg,nCT,0,5413,393
/content/data/Preprocessed CT scans/nCT/nCT8830.jpg,nCT,0,8830,135
/content/data/Preprocessed CT scans/nCT/nCT5946.jpg,nCT,0,5946,80
/content/data/Preprocessed CT scans/nCT/nCT8940.jpg,nCT,0,8940,78
/content/data/Preprocessed CT scans/nCT/nCT9518.jpg,nCT,0,9518,171
/content/data/Preprocessed CT scans/nCT/nCT2495.jpg,nCT,0,2495,306
/content/data/Preprocessed CT scans/nCT/nCT3039.jpg,nCT,0,3039,109
/content/data/Preprocessed CT scans/nCT/nCT6345.jpg,nCT,0,6345,240
/content/data/Preprocessed CT scans/nCT/nCT9858.jpg,nCT,0,9858,387
/content/data/Preprocessed CT scans/nCT/nCT1195.jpg,nCT,0,1195,165
/content/data/Preprocessed CT scans/nCT/nCT5044.jpg,nCT,0,5044,2
/content/data/Preprocessed CT scans/nCT/nCT5346.jpg,nCT,0,5346,300
/content/data/Preprocessed CT scans/nCT/nCT9620.jpg,nCT,0,9620,41
/content/data/Preprocessed CT scans/nCT/nCT7643.jpg,nCT,0,7643,365
/content/data/Preprocessed CT scans/nCT/nCT3559.jpg,nCT,0,3559,275
/content/data/Preprocessed CT scans/nCT/nCT8811.jpg,nCT,0,8811,19
/content/data/Preprocessed CT scans/nCT/nCT5210.jpg,nCT,0,5210,195
/content/data/Preprocessed CT scans/nCT/nCT8228.jpg,nCT,0,8228,314
/content/data/Preprocessed CT scans/nCT/nCT7820.jpg,nCT,0,7820,92
/content/data/Preprocessed CT scans/nCT/nCT40.jpg,nCT,0,40,108
/content/data/Preprocessed CT scans/nCT/nCT4750.jpg,nCT,0,4750,275
/content/data/Preprocessed CT scans/nCT/nCT2419.jpg,nCT,0,2419,306
/content/data/Preprocessed CT scans/nCT/nCT4933.jpg,nCT,0,4933,252
/content/data/Preprocessed CT scans/nCT/nCT383.jpg,nCT,0,383,249
/content/data/Preprocessed CT scans/nCT/nCT8440.jpg,nCT,0,8440,182
/content/data/Preprocessed CT scans/nCT/nCT4237.jpg,nCT,0,4237,133
/content/data/Preprocessed CT scans/nCT/nCT5795.jpg,nCT,0,5795,360
/content/data/Preprocessed CT scans/nCT/nCT3663.jpg,nCT,0,3663,100
/content/data/Preprocessed CT scans/nCT/nCT2203.jpg,nCT,0,2203,323
/content/data/Preprocessed CT scans/nCT/nCT7972.jpg,nCT,0,7972,253
/content/data/Preprocessed CT scans/nCT/nCT3935.jpg,nCT,0,3935,329
/content/data/Preprocessed CT scans/nCT/nCT4981.jpg,nCT,0,4981,80
/content/data/Preprocessed CT scans/nCT/nCT3863.jpg,nCT,0,3863,271
/content/data/Preprocessed CT scans/nCT/nCT8148.jpg,nCT,0,8148,190
/content/data/Preprocessed CT scans/nCT/nCT8040.jpg,nCT,0,8040,70
/content/data/Preprocessed CT scans/nCT/nCT9801.jpg,nCT,0,9801,188
/content/data/Preprocessed CT scans/nCT/nCT5290.jpg,nCT,0,5290,208
/content/data/Preprocessed CT scans/nCT/nCT1590.jpg,nCT,0,1590,120
/content/data/Preprocessed CT scans/nCT/nCT9258.jpg,nCT,0,9258,61
/content/data/Preprocessed CT scans/nCT/nCT9626.jpg,nCT,0,9626,65
/content/data/Preprocessed CT scans/nCT/nCT8467.jpg,nCT,0,8467,103
/content/data/Preprocessed CT scans/nCT/nCT4516.jpg,nCT,0,4516,305
/content/data/Preprocessed CT scans/nCT/nCT6447.jpg,nCT,0,6447,276
/content/data/Preprocessed CT scans/nCT/nCT3924.jpg,nCT,0,3924,271
/content/data/Preprocessed CT scans/nCT/nCT9502.jpg,nCT,0,9502,164
/content/data/Preprocessed CT scans/nCT/nCT840.jpg,nCT,0,840,341
/content/data/Preprocessed CT scans/nCT/nCT221.jpg,nCT,0,221,156
/content/data/Preprocessed CT scans/nCT/nCT1168.jpg,nCT,0,1168,354
/content/data/Preprocessed CT scans/nCT/nCT5284.jpg,nCT,0,5284,141
/content/data/Preprocessed CT scans/nCT/nCT89.jpg,nCT,0,89,22
/content/data/Preprocessed CT scans/nCT/nCT5563.jpg,nCT,0,5563,300
/content/data/Preprocessed CT scans/nCT/nCT4032.jpg,nCT,0,4032,354
/content/data/Preprocessed CT scans/nCT/nCT7568.jpg,nCT,0,7568,108
/content/data/Preprocessed CT scans/nCT/nCT9521.jpg,nCT,0,9521,171
/content/data/Preprocessed CT scans/nCT/nCT6330.jpg,nCT,0,6330,334
/content/data/Preprocessed CT scans/nCT/nCT2775.jpg,nCT,0,2775,185
/content/data/Preprocessed CT scans/nCT/nCT5779.jpg,nCT,0,5779,156
/content/data/Preprocessed CT scans/nCT/nCT7400.jpg,nCT,0,7400,34
/content/data/Preprocessed CT scans/nCT/nCT7897.jpg,nCT,0,7897,241
/content/data/Preprocessed CT scans/nCT/nCT1629.jpg,nCT,0,1629,24
/content/data/Preprocessed CT scans/nCT/nCT2456.jpg,nCT,0,2456,81
/content/data/Preprocessed CT scans/nCT/nCT9613.jpg,nCT,0,9613,365
/content/data/Preprocessed CT scans/nCT/nCT7769.jpg,nCT,0,7769,253
/content/data/Preprocessed CT scans/nCT/nCT9030.jpg,nCT,0,9030,255
/content/data/Preprocessed CT scans/nCT/nCT6079.jpg,nCT,0,6079,230
/content/data/Preprocessed CT scans/nCT/nCT9175.jpg,nCT,0,9175,222
/content/data/Preprocessed CT scans/nCT/nCT3234.jpg,nCT,0,3234,300
/content/data/Preprocessed CT scans/nCT/nCT9857.jpg,nCT,0,9857,387
/content/data/Preprocessed CT scans/nCT/nCT6358.jpg,nCT,0,6358,382
/content/data/Preprocessed CT scans/nCT/nCT1813.jpg,nCT,0,1813,40
/content/data/Preprocessed CT scans/nCT/nCT8336.jpg,nCT,0,8336,164
/content/data/Preprocessed CT scans/nCT/nCT5554.jpg,nCT,0,5554,95
/content/data/Preprocessed CT scans/nCT/nCT5949.jpg,nCT,0,5949,390
/content/data/Preprocessed CT scans/nCT/nCT3075.jpg,nCT,0,3075,60
/content/data/Preprocessed CT scans/nCT/nCT7696.jpg,nCT,0,7696,241
/content/data/Preprocessed CT scans/nCT/nCT6517.jpg,nCT,0,6517,162
/content/data/Preprocessed CT scans/nCT/nCT849.jpg,nCT,0,849,261
/content/data/Preprocessed CT scans/nCT/nCT7596.jpg,nCT,0,7596,276
/content/data/Preprocessed CT scans/nCT/nCT781.jpg,nCT,0,781,392
/content/data/Preprocessed CT scans/nCT/nCT9073.jpg,nCT,0,9073,387
/content/data/Preprocessed CT scans/nCT/nCT5507.jpg,nCT,0,5507,355
/content/data/Preprocessed CT scans/nCT/nCT161.jpg,nCT,0,161,236
/content/data/Preprocessed CT scans/nCT/nCT4763.jpg,nCT,0,4763,80
/content/data/Preprocessed CT scans/nCT/nCT4654.jpg,nCT,0,4654,195
/content/data/Preprocessed CT scans/nCT/nCT6762.jpg,nCT,0,6762,110
/content/data/Preprocessed CT scans/nCT/nCT5954.jpg,nCT,0,5954,2
/content/data/Preprocessed CT scans/nCT/nCT8072.jpg,nCT,0,8072,88
/content/data/Preprocessed CT scans/nCT/nCT8565.jpg,nCT,0,8565,361
/content/data/Preprocessed CT scans/nCT/nCT75.jpg,nCT,0,75,156
/content/data/Preprocessed CT scans/nCT/nCT389.jpg,nCT,0,389,22
/content/data/Preprocessed CT scans/nCT/nCT5300.jpg,nCT,0,5300,156
/content/data/Preprocessed CT scans/nCT/nCT8849.jpg,nCT,0,8849,135
/content/data/Preprocessed CT scans/nCT/nCT4851.jpg,nCT,0,4851,165
/content/data/Preprocessed CT scans/nCT/nCT6413.jpg,nCT,0,6413,2
/content/data/Preprocessed CT scans/nCT/nCT7484.jpg,nCT,0,7484,329
/content/data/Preprocessed CT scans/nCT/nCT1734.jpg,nCT,0,1734,120
/content/data/Preprocessed CT scans/nCT/nCT6339.jpg,nCT,0,6339,21
/content/data/Preprocessed CT scans/nCT/nCT9772.jpg,nCT,0,9772,3
/content/data/Preprocessed CT scans/nCT/nCT94.jpg,nCT,0,94,249
/content/data/Preprocessed CT scans/nCT/nCT3248.jpg,nCT,0,3248,272
/content/data/Preprocessed CT scans/nCT/nCT6105.jpg,nCT,0,6105,386
/content/data/Preprocessed CT scans/nCT/nCT8300.jpg,nCT,0,8300,28
/content/data/Preprocessed CT scans/nCT/nCT6328.jpg,nCT,0,6328,156
/content/data/Preprocessed CT scans/nCT/nCT4952.jpg,nCT,0,4952,233
/content/data/Preprocessed CT scans/nCT/nCT2400.jpg,nCT,0,2400,79
/content/data/Preprocessed CT scans/nCT/nCT2121.jpg,nCT,0,2121,79
/content/data/Preprocessed CT scans/nCT/nCT2451.jpg,nCT,0,2451,341
/content/data/Preprocessed CT scans/nCT/nCT2337.jpg,nCT,0,2337,206
/content/data/Preprocessed CT scans/nCT/nCT2477.jpg,nCT,0,2477,269
/content/data/Preprocessed CT scans/nCT/nCT6367.jpg,nCT,0,6367,133
/content/data/Preprocessed CT scans/nCT/nCT3196.jpg,nCT,0,3196,331
/content/data/Preprocessed CT scans/nCT/nCT2609.jpg,nCT,0,2609,347
/content/data/Preprocessed CT scans/nCT/nCT1741.jpg,nCT,0,1741,216
/content/data/Preprocessed CT scans/nCT/nCT9511.jpg,nCT,0,9511,171
/content/data/Preprocessed CT scans/nCT/nCT4327.jpg,nCT,0,4327,275
/content/data/Preprocessed CT scans/nCT/nCT337.jpg,nCT,0,337,56
/content/data/Preprocessed CT scans/nCT/nCT1055.jpg,nCT,0,1055,93
/content/data/Preprocessed CT scans/nCT/nCT4078.jpg,nCT,0,4078,47
/content/data/Preprocessed CT scans/nCT/nCT7828.jpg,nCT,0,7828,70
/content/data/Preprocessed CT scans/nCT/nCT9200.jpg,nCT,0,9200,41
/content/data/Preprocessed CT scans/nCT/nCT2936.jpg,nCT,0,2936,68
/content/data/Preprocessed CT scans/nCT/nCT3350.jpg,nCT,0,3350,98
/content/data/Preprocessed CT scans/nCT/nCT5831.jpg,nCT,0,5831,22
/content/data/Preprocessed CT scans/nCT/nCT5928.jpg,nCT,0,5928,17
/content/data/Preprocessed CT scans/nCT/nCT530.jpg,nCT,0,530,47
/content/data/Preprocessed CT scans/nCT/nCT2463.jpg,nCT,0,2463,79
/content/data/Preprocessed CT scans/nCT/nCT651.jpg,nCT,0,651,142
/content/data/Preprocessed CT scans/nCT/nCT4949.jpg,nCT,0,4949,229
/content/data/Preprocessed CT scans/nCT/nCT7741.jpg,nCT,0,7741,160
/content/data/Preprocessed CT scans/nCT/nCT61.jpg,nCT,0,61,354
/content/data/Preprocessed CT scans/nCT/nCT46.jpg,nCT,0,46,56
/content/data/Preprocessed CT scans/nCT/nCT3617.jpg,nCT,0,3617,98
/content/data/Preprocessed CT scans/nCT/nCT8457.jpg,nCT,0,8457,103
/content/data/Preprocessed CT scans/nCT/nCT737.jpg,nCT,0,737,335
/content/data/Preprocessed CT scans/nCT/nCT8327.jpg,nCT,0,8327,28
/content/data/Preprocessed CT scans/nCT/nCT3721.jpg,nCT,0,3721,386
/content/data/Preprocessed CT scans/nCT/nCT3370.jpg,nCT,0,3370,93
/content/data/Preprocessed CT scans/nCT/nCT3374.jpg,nCT,0,3374,25
/content/data/Preprocessed CT scans/nCT/nCT5581.jpg,nCT,0,5581,80
/content/data/Preprocessed CT scans/nCT/nCT5057.jpg,nCT,0,5057,250
/content/data/Preprocessed CT scans/nCT/nCT3602.jpg,nCT,0,3602,329
/content/data/Preprocessed CT scans/nCT/nCT6967.jpg,nCT,0,6967,105
/content/data/Preprocessed CT scans/nCT/nCT9476.jpg,nCT,0,9476,88
/content/data/Preprocessed CT scans/nCT/nCT9358.jpg,nCT,0,9358,179
/content/data/Preprocessed CT scans/nCT/nCT3457.jpg,nCT,0,3457,339
/content/data/Preprocessed CT scans/nCT/nCT7685.jpg,nCT,0,7685,241
/content/data/Preprocessed CT scans/nCT/nCT9472.jpg,nCT,0,9472,88
/content/data/Preprocessed CT scans/nCT/nCT9681.jpg,nCT,0,9681,243
/content/data/Preprocessed CT scans/nCT/nCT3361.jpg,nCT,0,3361,350
/content/data/Preprocessed CT scans/nCT/nCT9015.jpg,nCT,0,9015,188
/content/data/Preprocessed CT scans/nCT/nCT2663.jpg,nCT,0,2663,27
/content/data/Preprocessed CT scans/nCT/nCT2896.jpg,nCT,0,2896,339
/content/data/Preprocessed CT scans/nCT/nCT2573.jpg,nCT,0,2573,347
/content/data/Preprocessed CT scans/nCT/nCT2830.jpg,nCT,0,2830,318
/content/data/Preprocessed CT scans/nCT/nCT5993.jpg,nCT,0,5993,277
/content/data/Preprocessed CT scans/nCT/nCT5366.jpg,nCT,0,5366,80
/content/data/Preprocessed CT scans/nCT/nCT6841.jpg,nCT,0,6841,236
/content/data/Preprocessed CT scans/nCT/nCT2069.jpg,nCT,0,2069,144
/content/data/Preprocessed CT scans/nCT/nCT566.jpg,nCT,0,566,231
/content/data/Preprocessed CT scans/nCT/nCT3211.jpg,nCT,0,3211,271
/content/data/Preprocessed CT scans/nCT/nCT1247.jpg,nCT,0,1247,193
/content/data/Preprocessed CT scans/nCT/nCT1708.jpg,nCT,0,1708,230
/content/data/Preprocessed CT scans/nCT/nCT9190.jpg,nCT,0,9190,91
/content/data/Preprocessed CT scans/nCT/nCT6567.jpg,nCT,0,6567,291
/content/data/Preprocessed CT scans/nCT/nCT2246.jpg,nCT,0,2246,141
/content/data/Preprocessed CT scans/nCT/nCT7817.jpg,nCT,0,7817,92
/content/data/Preprocessed CT scans/nCT/nCT5523.jpg,nCT,0,5523,173
/content/data/Preprocessed CT scans/nCT/nCT6356.jpg,nCT,0,6356,333
/content/data/Preprocessed CT scans/nCT/nCT582.jpg,nCT,0,582,142
/content/data/Preprocessed CT scans/nCT/nCT6096.jpg,nCT,0,6096,101
/content/data/Preprocessed CT scans/nCT/nCT6475.jpg,nCT,0,6475,110
/content/data/Preprocessed CT scans/nCT/nCT4843.jpg,nCT,0,4843,197
/content/data/Preprocessed CT scans/nCT/nCT5399.jpg,nCT,0,5399,355
/content/data/Preprocessed CT scans/nCT/nCT6276.jpg,nCT,0,6276,133
/content/data/Preprocessed CT scans/nCT/nCT3084.jpg,nCT,0,3084,350
/content/data/Preprocessed CT scans/nCT/nCT8844.jpg,nCT,0,8844,135
/content/data/Preprocessed CT scans/nCT/nCT1584.jpg,nCT,0,1584,165
/content/data/Preprocessed CT scans/nCT/nCT3923.jpg,nCT,0,3923,108
/content/data/Preprocessed CT scans/nCT/nCT4746.jpg,nCT,0,4746,130
/content/data/Preprocessed CT scans/nCT/nCT873.jpg,nCT,0,873,186
/content/data/Preprocessed CT scans/nCT/nCT8058.jpg,nCT,0,8058,65
/content/data/Preprocessed CT scans/nCT/nCT7120.jpg,nCT,0,7120,390
/content/data/Preprocessed CT scans/nCT/nCT1635.jpg,nCT,0,1635,208
/content/data/Preprocessed CT scans/nCT/nCT7656.jpg,nCT,0,7656,41
/content/data/Preprocessed CT scans/nCT/nCT3265.jpg,nCT,0,3265,316
/content/data/Preprocessed CT scans/nCT/nCT3104.jpg,nCT,0,3104,316
/content/data/Preprocessed CT scans/nCT/nCT9086.jpg,nCT,0,9086,128
/content/data/Preprocessed CT scans/nCT/nCT5964.jpg,nCT,0,5964,355
/content/data/Preprocessed CT scans/nCT/nCT8929.jpg,nCT,0,8929,373
/content/data/Preprocessed CT scans/nCT/nCT3378.jpg,nCT,0,3378,96
/content/data/Preprocessed CT scans/nCT/nCT456.jpg,nCT,0,456,333
/content/data/Preprocessed CT scans/nCT/nCT9388.jpg,nCT,0,9388,390
/content/data/Preprocessed CT scans/nCT/nCT2550.jpg,nCT,0,2550,4
/content/data/Preprocessed CT scans/nCT/nCT6773.jpg,nCT,0,6773,360
/content/data/Preprocessed CT scans/nCT/nCT4073.jpg,nCT,0,4073,275
/content/data/Preprocessed CT scans/nCT/nCT3794.jpg,nCT,0,3794,244
/content/data/Preprocessed CT scans/nCT/nCT7493.jpg,nCT,0,7493,91
/content/data/Preprocessed CT scans/nCT/nCT6429.jpg,nCT,0,6429,21
/content/data/Preprocessed CT scans/nCT/nCT9192.jpg,nCT,0,9192,91
/content/data/Preprocessed CT scans/nCT/nCT9756.jpg,nCT,0,9756,203
/content/data/Preprocessed CT scans/nCT/nCT2210.jpg,nCT,0,2210,252
/content/data/Preprocessed CT scans/nCT/nCT1918.jpg,nCT,0,1918,216
/content/data/Preprocessed CT scans/nCT/nCT296.jpg,nCT,0,296,351
/content/data/Preprocessed CT scans/nCT/nCT4405.jpg,nCT,0,4405,13
/content/data/Preprocessed CT scans/nCT/nCT6161.jpg,nCT,0,6161,91
/content/data/Preprocessed CT scans/nCT/nCT2993.jpg,nCT,0,2993,68
/content/data/Preprocessed CT scans/nCT/nCT9409.jpg,nCT,0,9409,65
/content/data/Preprocessed CT scans/nCT/nCT6790.jpg,nCT,0,6790,230
/content/data/Preprocessed CT scans/nCT/nCT1032.jpg,nCT,0,1032,47
/content/data/Preprocessed CT scans/nCT/nCT8805.jpg,nCT,0,8805,19
/content/data/Preprocessed CT scans/nCT/nCT4630.jpg,nCT,0,4630,261
/content/data/Preprocessed CT scans/nCT/nCT1594.jpg,nCT,0,1594,335
/content/data/Preprocessed CT scans/nCT/nCT3061.jpg,nCT,0,3061,305
/content/data/Preprocessed CT scans/nCT/nCT7285.jpg,nCT,0,7285,339
/content/data/Preprocessed CT scans/nCT/nCT7030.jpg,nCT,0,7030,249
/content/data/Preprocessed CT scans/nCT/nCT5720.jpg,nCT,0,5720,399
/content/data/Preprocessed CT scans/nCT/nCT1276.jpg,nCT,0,1276,62
/content/data/Preprocessed CT scans/nCT/nCT5170.jpg,nCT,0,5170,252
/content/data/Preprocessed CT scans/nCT/nCT848.jpg,nCT,0,848,60
/content/data/Preprocessed CT scans/nCT/nCT4522.jpg,nCT,0,4522,277
/content/data/Preprocessed CT scans/nCT/nCT7014.jpg,nCT,0,7014,308
/content/data/Preprocessed CT scans/nCT/nCT6468.jpg,nCT,0,6468,105
/content/data/Preprocessed CT scans/nCT/nCT1841.jpg,nCT,0,1841,175
/content/data/Preprocessed CT scans/nCT/nCT3862.jpg,nCT,0,3862,271
/content/data/Preprocessed CT scans/nCT/nCT573.jpg,nCT,0,573,56
/content/data/Preprocessed CT scans/nCT/nCT3272.jpg,nCT,0,3272,305
/content/data/Preprocessed CT scans/nCT/nCT7512.jpg,nCT,0,7512,109
/content/data/Preprocessed CT scans/nCT/nCT9168.jpg,nCT,0,9168,222
/content/data/Preprocessed CT scans/nCT/nCT6093.jpg,nCT,0,6093,173
/content/data/Preprocessed CT scans/nCT/nCT6046.jpg,nCT,0,6046,208
/content/data/Preprocessed CT scans/nCT/nCT9018.jpg,nCT,0,9018,41
/content/data/Preprocessed CT scans/nCT/nCT7421.jpg,nCT,0,7421,316
/content/data/Preprocessed CT scans/nCT/nCT4129.jpg,nCT,0,4129,329
/content/data/Preprocessed CT scans/nCT/nCT1613.jpg,nCT,0,1613,208
/content/data/Preprocessed CT scans/nCT/nCT3018.jpg,nCT,0,3018,276
/content/data/Preprocessed CT scans/nCT/nCT3000.jpg,nCT,0,3000,339
/content/data/Preprocessed CT scans/nCT/nCT2581.jpg,nCT,0,2581,347
/content/data/Preprocessed CT scans/nCT/nCT3958.jpg,nCT,0,3958,47
/content/data/Preprocessed CT scans/nCT/nCT8393.jpg,nCT,0,8393,149
/content/data/Preprocessed CT scans/nCT/nCT6818.jpg,nCT,0,6818,360
/content/data/Preprocessed CT scans/nCT/nCT4708.jpg,nCT,0,4708,233
/content/data/Preprocessed CT scans/nCT/nCT7796.jpg,nCT,0,7796,149
/content/data/Preprocessed CT scans/nCT/nCT1605.jpg,nCT,0,1605,165
/content/data/Preprocessed CT scans/nCT/nCT2405.jpg,nCT,0,2405,341
/content/data/Preprocessed CT scans/nCT/nCT7185.jpg,nCT,0,7185,93
/content/data/Preprocessed CT scans/nCT/nCT9025.jpg,nCT,0,9025,255
/content/data/Preprocessed CT scans/nCT/nCT907.jpg,nCT,0,907,301
/content/data/Preprocessed CT scans/nCT/nCT1768.jpg,nCT,0,1768,234
/content/data/Preprocessed CT scans/nCT/nCT4666.jpg,nCT,0,4666,105
/content/data/Preprocessed CT scans/nCT/nCT1927.jpg,nCT,0,1927,211
/content/data/Preprocessed CT scans/nCT/nCT7691.jpg,nCT,0,7691,241
/content/data/Preprocessed CT scans/nCT/nCT9323.jpg,nCT,0,9323,389
/content/data/Preprocessed CT scans/nCT/nCT6252.jpg,nCT,0,6252,2
/content/data/Preprocessed CT scans/nCT/nCT9460.jpg,nCT,0,9460,88
/content/data/Preprocessed CT scans/nCT/nCT3353.jpg,nCT,0,3353,34
/content/data/Preprocessed CT scans/nCT/nCT2743.jpg,nCT,0,2743,276
/content/data/Preprocessed CT scans/nCT/nCT7301.jpg,nCT,0,7301,167
/content/data/Preprocessed CT scans/nCT/nCT3685.jpg,nCT,0,3685,284
/content/data/Preprocessed CT scans/nCT/nCT3535.jpg,nCT,0,3535,277
/content/data/Preprocessed CT scans/nCT/nCT1515.jpg,nCT,0,1515,143
/content/data/Preprocessed CT scans/nCT/nCT460.jpg,nCT,0,460,129
/content/data/Preprocessed CT scans/nCT/nCT2073.jpg,nCT,0,2073,79
/content/data/Preprocessed CT scans/nCT/nCT7986.jpg,nCT,0,7986,253
/content/data/Preprocessed CT scans/nCT/nCT9422.jpg,nCT,0,9422,88
/content/data/Preprocessed CT scans/nCT/nCT6103.jpg,nCT,0,6103,334
/content/data/Preprocessed CT scans/nCT/nCT2868.jpg,nCT,0,2868,93
/content/data/Preprocessed CT scans/nCT/nCT2221.jpg,nCT,0,2221,79
/content/data/Preprocessed CT scans/nCT/nCT7028.jpg,nCT,0,7028,204
/content/data/Preprocessed CT scans/nCT/nCT8421.jpg,nCT,0,8421,92
/content/data/Preprocessed CT scans/nCT/nCT1226.jpg,nCT,0,1226,37
/content/data/Preprocessed CT scans/nCT/nCT4758.jpg,nCT,0,4758,233
/content/data/Preprocessed CT scans/nCT/nCT2889.jpg,nCT,0,2889,277
/content/data/Preprocessed CT scans/nCT/nCT1048.jpg,nCT,0,1048,58
/content/data/Preprocessed CT scans/nCT/nCT5783.jpg,nCT,0,5783,393
/content/data/Preprocessed CT scans/nCT/nCT7533.jpg,nCT,0,7533,60
/content/data/Preprocessed CT scans/nCT/nCT2442.jpg,nCT,0,2442,306
/content/data/Preprocessed CT scans/nCT/nCT1480.jpg,nCT,0,1480,345
/content/data/Preprocessed CT scans/nCT/nCT5367.jpg,nCT,0,5367,80
/content/data/Preprocessed CT scans/nCT/nCT5186.jpg,nCT,0,5186,282
/content/data/Preprocessed CT scans/nCT/nCT1405.jpg,nCT,0,1405,268
/content/data/Preprocessed CT scans/nCT/nCT4013.jpg,nCT,0,4013,47
/content/data/Preprocessed CT scans/nCT/nCT2393.jpg,nCT,0,2393,27
/content/data/Preprocessed CT scans/nCT/nCT9286.jpg,nCT,0,9286,292
/content/data/Preprocessed CT scans/nCT/nCT7578.jpg,nCT,0,7578,331
/content/data/Preprocessed CT scans/nCT/nCT9479.jpg,nCT,0,9479,88
/content/data/Preprocessed CT scans/nCT/nCT2017.jpg,nCT,0,2017,143
/content/data/Preprocessed CT scans/nCT/nCT260.jpg,nCT,0,260,105
/content/data/Preprocessed CT scans/nCT/nCT1892.jpg,nCT,0,1892,214
/content/data/Preprocessed CT scans/nCT/nCT2940.jpg,nCT,0,2940,108
/content/data/Preprocessed CT scans/nCT/nCT4149.jpg,nCT,0,4149,172
/content/data/Preprocessed CT scans/nCT/nCT5668.jpg,nCT,0,5668,399
/content/data/Preprocessed CT scans/nCT/nCT3932.jpg,nCT,0,3932,271
/content/data/Preprocessed CT scans/nCT/nCT4339.jpg,nCT,0,4339,233
/content/data/Preprocessed CT scans/nCT/nCT3449.jpg,nCT,0,3449,390
/content/data/Preprocessed CT scans/nCT/nCT2062.jpg,nCT,0,2062,158
/content/data/Preprocessed CT scans/nCT/nCT9910.jpg,nCT,0,9910,78
/content/data/Preprocessed CT scans/nCT/nCT5569.jpg,nCT,0,5569,167
/content/data/Preprocessed CT scans/nCT/nCT6368.jpg,nCT,0,6368,27
/content/data/Preprocessed CT scans/nCT/nCT9389.jpg,nCT,0,9389,390
/content/data/Preprocessed CT scans/nCT/nCT4057.jpg,nCT,0,4057,197
/content/data/Preprocessed CT scans/nCT/nCT7437.jpg,nCT,0,7437,350
/content/data/Preprocessed CT scans/nCT/nCT9401.jpg,nCT,0,9401,65
/content/data/Preprocessed CT scans/nCT/nCT5614.jpg,nCT,0,5614,17
/content/data/Preprocessed CT scans/nCT/nCT2078.jpg,nCT,0,2078,224
/content/data/Preprocessed CT scans/nCT/nCT7823.jpg,nCT,0,7823,92
/content/data/Preprocessed CT scans/nCT/nCT1960.jpg,nCT,0,1960,230
/content/data/Preprocessed CT scans/nCT/nCT3422.jpg,nCT,0,3422,390
/content/data/Preprocessed CT scans/nCT/nCT9829.jpg,nCT,0,9829,256
/content/data/Preprocessed CT scans/nCT/nCT6184.jpg,nCT,0,6184,102
/content/data/Preprocessed CT scans/nCT/nCT6945.jpg,nCT,0,6945,9
/content/data/Preprocessed CT scans/nCT/nCT6340.jpg,nCT,0,6340,293
/content/data/Preprocessed CT scans/nCT/nCT5025.jpg,nCT,0,5025,129
/content/data/Preprocessed CT scans/nCT/nCT6749.jpg,nCT,0,6749,386
/content/data/Preprocessed CT scans/nCT/nCT7784.jpg,nCT,0,7784,149
/content/data/Preprocessed CT scans/nCT/nCT2739.jpg,nCT,0,2739,131
/content/data/Preprocessed CT scans/nCT/nCT463.jpg,nCT,0,463,23
/content/data/Preprocessed CT scans/nCT/nCT8180.jpg,nCT,0,8180,380
/content/data/Preprocessed CT scans/nCT/nCT3365.jpg,nCT,0,3365,334
/content/data/Preprocessed CT scans/nCT/nCT1000.jpg,nCT,0,1000,93
/content/data/Preprocessed CT scans/nCT/nCT982.jpg,nCT,0,982,335
/content/data/Preprocessed CT scans/nCT/nCT5179.jpg,nCT,0,5179,209
/content/data/Preprocessed CT scans/nCT/nCT8102.jpg,nCT,0,8102,274
/content/data/Preprocessed CT scans/nCT/nCT2301.jpg,nCT,0,2301,79
/content/data/Preprocessed CT scans/nCT/nCT9766.jpg,nCT,0,9766,3
/content/data/Preprocessed CT scans/nCT/nCT3347.jpg,nCT,0,3347,334
/content/data/Preprocessed CT scans/nCT/nCT6163.jpg,nCT,0,6163,304
/content/data/Preprocessed CT scans/nCT/nCT9423.jpg,nCT,0,9423,88
/content/data/Preprocessed CT scans/nCT/nCT287.jpg,nCT,0,287,217
/content/data/Preprocessed CT scans/nCT/nCT5703.jpg,nCT,0,5703,304
/content/data/Preprocessed CT scans/nCT/nCT1501.jpg,nCT,0,1501,120
/content/data/Preprocessed CT scans/nCT/nCT3284.jpg,nCT,0,3284,329
/content/data/Preprocessed CT scans/nCT/nCT1441.jpg,nCT,0,1441,16
/content/data/Preprocessed CT scans/nCT/nCT6551.jpg,nCT,0,6551,399
/content/data/Preprocessed CT scans/nCT/nCT8741.jpg,nCT,0,8741,19
/content/data/Preprocessed CT scans/nCT/nCT5818.jpg,nCT,0,5818,386
/content/data/Preprocessed CT scans/nCT/nCT5655.jpg,nCT,0,5655,357
/content/data/Preprocessed CT scans/nCT/nCT3851.jpg,nCT,0,3851,195
/content/data/Preprocessed CT scans/nCT/nCT9404.jpg,nCT,0,9404,65
/content/data/Preprocessed CT scans/nCT/nCT3683.jpg,nCT,0,3683,129
/content/data/Preprocessed CT scans/nCT/nCT8661.jpg,nCT,0,8661,121
/content/data/Preprocessed CT scans/nCT/nCT7393.jpg,nCT,0,7393,96
/content/data/Preprocessed CT scans/nCT/nCT1456.jpg,nCT,0,1456,345
/content/data/Preprocessed CT scans/nCT/nCT2386.jpg,nCT,0,2386,341
/content/data/Preprocessed CT scans/nCT/nCT6565.jpg,nCT,0,6565,21
/content/data/Preprocessed CT scans/nCT/nCT7786.jpg,nCT,0,7786,149
/content/data/Preprocessed CT scans/nCT/nCT1575.jpg,nCT,0,1575,26
/content/data/Preprocessed CT scans/nCT/nCT7601.jpg,nCT,0,7601,91
/content/data/Preprocessed CT scans/nCT/nCT7457.jpg,nCT,0,7457,132
/content/data/Preprocessed CT scans/nCT/nCT1524.jpg,nCT,0,1524,24
/content/data/Preprocessed CT scans/nCT/nCT1024.jpg,nCT,0,1024,234
/content/data/Preprocessed CT scans/nCT/nCT8009.jpg,nCT,0,8009,253
/content/data/Preprocessed CT scans/nCT/nCT3404.jpg,nCT,0,3404,300
/content/data/Preprocessed CT scans/nCT/nCT9783.jpg,nCT,0,9783,3
/content/data/Preprocessed CT scans/nCT/nCT5250.jpg,nCT,0,5250,173
/content/data/Preprocessed CT scans/nCT/nCT4174.jpg,nCT,0,4174,279
/content/data/Preprocessed CT scans/nCT/nCT5502.jpg,nCT,0,5502,141
/content/data/Preprocessed CT scans/nCT/nCT5976.jpg,nCT,0,5976,233
/content/data/Preprocessed CT scans/nCT/nCT9125.jpg,nCT,0,9125,247
/content/data/Preprocessed CT scans/nCT/nCT3960.jpg,nCT,0,3960,277
/content/data/Preprocessed CT scans/nCT/nCT6644.jpg,nCT,0,6644,34
/content/data/Preprocessed CT scans/nCT/nCT5763.jpg,nCT,0,5763,95
/content/data/Preprocessed CT scans/nCT/nCT9005.jpg,nCT,0,9005,106
/content/data/Preprocessed CT scans/nCT/nCT8495.jpg,nCT,0,8495,253
/content/data/Preprocessed CT scans/nCT/nCT2570.jpg,nCT,0,2570,4
/content/data/Preprocessed CT scans/nCT/nCT5637.jpg,nCT,0,5637,334
/content/data/Preprocessed CT scans/nCT/nCT8183.jpg,nCT,0,8183,30
/content/data/Preprocessed CT scans/nCT/nCT6302.jpg,nCT,0,6302,2
/content/data/Preprocessed CT scans/nCT/nCT6932.jpg,nCT,0,6932,291
/content/data/Preprocessed CT scans/nCT/nCT8511.jpg,nCT,0,8511,242
/content/data/Preprocessed CT scans/nCT/nCT7853.jpg,nCT,0,7853,365
/content/data/Preprocessed CT scans/nCT/nCT1828.jpg,nCT,0,1828,335
/content/data/Preprocessed CT scans/nCT/nCT1702.jpg,nCT,0,1702,40
/content/data/Preprocessed CT scans/nCT/nCT6261.jpg,nCT,0,6261,9
/content/data/Preprocessed CT scans/nCT/nCT4988.jpg,nCT,0,4988,2
/content/data/Preprocessed CT scans/nCT/nCT4903.jpg,nCT,0,4903,355
/content/data/Preprocessed CT scans/nCT/nCT7311.jpg,nCT,0,7311,96
/content/data/Preprocessed CT scans/nCT/nCT6251.jpg,nCT,0,6251,217
/content/data/Preprocessed CT scans/nCT/nCT7548.jpg,nCT,0,7548,204
/content/data/Preprocessed CT scans/nCT/nCT5314.jpg,nCT,0,5314,133
/content/data/Preprocessed CT scans/nCT/nCT8007.jpg,nCT,0,8007,253
/content/data/Preprocessed CT scans/nCT/nCT2120.jpg,nCT,0,2120,347
/content/data/Preprocessed CT scans/nCT/nCT8954.jpg,nCT,0,8954,78
/content/data/Preprocessed CT scans/nCT/nCT4873.jpg,nCT,0,4873,272
/content/data/Preprocessed CT scans/nCT/nCT3827.jpg,nCT,0,3827,109
/content/data/Preprocessed CT scans/nCT/nCT9587.jpg,nCT,0,9587,389
/content/data/Preprocessed CT scans/nCT/nCT6875.jpg,nCT,0,6875,334
/content/data/Preprocessed CT scans/nCT/nCT2331.jpg,nCT,0,2331,79
/content/data/Preprocessed CT scans/nCT/nCT1675.jpg,nCT,0,1675,175
/content/data/Preprocessed CT scans/nCT/nCT6056.jpg,nCT,0,6056,158
/content/data/Preprocessed CT scans/nCT/nCT305.jpg,nCT,0,305,236
/content/data/Preprocessed CT scans/nCT/nCT2370.jpg,nCT,0,2370,142
/content/data/Preprocessed CT scans/nCT/nCT5264.jpg,nCT,0,5264,119
/content/data/Preprocessed CT scans/nCT/nCT9235.jpg,nCT,0,9235,332
/content/data/Preprocessed CT scans/nCT/nCT2906.jpg,nCT,0,2906,276
/content/data/Preprocessed CT scans/nCT/nCT702.jpg,nCT,0,702,351
/content/data/Preprocessed CT scans/nCT/nCT6223.jpg,nCT,0,6223,229
/content/data/Preprocessed CT scans/nCT/nCT7988.jpg,nCT,0,7988,253
/content/data/Preprocessed CT scans/nCT/nCT5415.jpg,nCT,0,5415,162
/content/data/Preprocessed CT scans/nCT/nCT1413.jpg,nCT,0,1413,136
/content/data/Preprocessed CT scans/nCT/nCT4340.jpg,nCT,0,4340,100
/content/data/Preprocessed CT scans/nCT/nCT412.jpg,nCT,0,412,108
/content/data/Preprocessed CT scans/nCT/nCT2597.jpg,nCT,0,2597,347
/content/data/Preprocessed CT scans/nCT/nCT1654.jpg,nCT,0,1654,175
/content/data/Preprocessed CT scans/nCT/nCT2548.jpg,nCT,0,2548,347
/content/data/Preprocessed CT scans/nCT/nCT9740.jpg,nCT,0,9740,38
/content/data/Preprocessed CT scans/nCT/nCT9265.jpg,nCT,0,9265,61
/content/data/Preprocessed CT scans/nCT/nCT2715.jpg,nCT,0,2715,93
/content/data/Preprocessed CT scans/nCT/nCT619.jpg,nCT,0,619,261
/content/data/Preprocessed CT scans/nCT/nCT783.jpg,nCT,0,783,108
/content/data/Preprocessed CT scans/nCT/nCT4472.jpg,nCT,0,4472,195
/content/data/Preprocessed CT scans/nCT/nCT3161.jpg,nCT,0,3161,390
/content/data/Preprocessed CT scans/nCT/nCT6726.jpg,nCT,0,6726,360
/content/data/Preprocessed CT scans/nCT/nCT1713.jpg,nCT,0,1713,345
/content/data/Preprocessed CT scans/nCT/nCT9434.jpg,nCT,0,9434,65
/content/data/Preprocessed CT scans/nCT/nCT3188.jpg,nCT,0,3188,204
/content/data/Preprocessed CT scans/nCT/nCT449.jpg,nCT,0,449,301
/content/data/Preprocessed CT scans/nCT/nCT8184.jpg,nCT,0,8184,30
/content/data/Preprocessed CT scans/nCT/nCT3984.jpg,nCT,0,3984,108
/content/data/Preprocessed CT scans/nCT/nCT7488.jpg,nCT,0,7488,131
/content/data/Preprocessed CT scans/nCT/nCT9480.jpg,nCT,0,9480,241
/content/data/Preprocessed CT scans/nCT/nCT4366.jpg,nCT,0,4366,233
/content/data/Preprocessed CT scans/nCT/nCT7232.jpg,nCT,0,7232,204
/content/data/Preprocessed CT scans/nCT/nCT2480.jpg,nCT,0,2480,306
/content/data/Preprocessed CT scans/nCT/nCT3734.jpg,nCT,0,3734,100
/content/data/Preprocessed CT scans/nCT/nCT9939.jpg,nCT,0,9939,222
/content/data/Preprocessed CT scans/nCT/nCT5944.jpg,nCT,0,5944,101
/content/data/Preprocessed CT scans/nCT/nCT1325.jpg,nCT,0,1325,62
/content/data/Preprocessed CT scans/nCT/nCT6381.jpg,nCT,0,6381,230
/content/data/Preprocessed CT scans/nCT/nCT6203.jpg,nCT,0,6203,217
/content/data/Preprocessed CT scans/nCT/nCT8334.jpg,nCT,0,8334,164
/content/data/Preprocessed CT scans/nCT/nCT1824.jpg,nCT,0,1824,211
/content/data/Preprocessed CT scans/nCT/nCT158.jpg,nCT,0,158,14
/content/data/Preprocessed CT scans/nCT/nCT3343.jpg,nCT,0,3343,112
/content/data/Preprocessed CT scans/nCT/nCT435.jpg,nCT,0,435,6
/content/data/Preprocessed CT scans/nCT/nCT6783.jpg,nCT,0,6783,156
/content/data/Preprocessed CT scans/nCT/nCT1806.jpg,nCT,0,1806,175
/content/data/Preprocessed CT scans/nCT/nCT5806.jpg,nCT,0,5806,355
/content/data/Preprocessed CT scans/nCT/nCT8469.jpg,nCT,0,8469,103
/content/data/Preprocessed CT scans/nCT/nCT9509.jpg,nCT,0,9509,171
/content/data/Preprocessed CT scans/nCT/nCT8739.jpg,nCT,0,8739,19
/content/data/Preprocessed CT scans/nCT/nCT9029.jpg,nCT,0,9029,255
/content/data/Preprocessed CT scans/nCT/nCT6068.jpg,nCT,0,6068,333
/content/data/Preprocessed CT scans/nCT/nCT663.jpg,nCT,0,663,360
/content/data/Preprocessed CT scans/nCT/nCT2279.jpg,nCT,0,2279,269
/content/data/Preprocessed CT scans/nCT/nCT6012.jpg,nCT,0,6012,304
/content/data/Preprocessed CT scans/nCT/nCT2510.jpg,nCT,0,2510,81
/content/data/Preprocessed CT scans/nCT/nCT9765.jpg,nCT,0,9765,3
/content/data/Preprocessed CT scans/nCT/nCT2315.jpg,nCT,0,2315,282
/content/data/Preprocessed CT scans/nCT/nCT4536.jpg,nCT,0,4536,244
/content/data/Preprocessed CT scans/nCT/nCT9471.jpg,nCT,0,9471,88
/content/data/Preprocessed CT scans/nCT/nCT7707.jpg,nCT,0,7707,368
/content/data/Preprocessed CT scans/nCT/nCT531.jpg,nCT,0,531,231
/content/data/Preprocessed CT scans/nCT/nCT4439.jpg,nCT,0,4439,230
/content/data/Preprocessed CT scans/nCT/nCT985.jpg,nCT,0,985,193
/content/data/Preprocessed CT scans/nCT/nCT7172.jpg,nCT,0,7172,167
/content/data/Preprocessed CT scans/nCT/nCT8655.jpg,nCT,0,8655,121
/content/data/Preprocessed CT scans/nCT/nCT4204.jpg,nCT,0,4204,100
/content/data/Preprocessed CT scans/nCT/nCT4557.jpg,nCT,0,4557,329
/content/data/Preprocessed CT scans/nCT/nCT8060.jpg,nCT,0,8060,65
/content/data/Preprocessed CT scans/nCT/nCT2688.jpg,nCT,0,2688,206
/content/data/Preprocessed CT scans/nCT/nCT4043.jpg,nCT,0,4043,108
/content/data/Preprocessed CT scans/nCT/nCT8293.jpg,nCT,0,8293,28
/content/data/Preprocessed CT scans/nCT/nCT4209.jpg,nCT,0,4209,13
/content/data/Preprocessed CT scans/nCT/nCT482.jpg,nCT,0,482,58
/content/data/Preprocessed CT scans/nCT/nCT3006.jpg,nCT,0,3006,96
/content/data/Preprocessed CT scans/nCT/nCT9917.jpg,nCT,0,9917,78
/content/data/Preprocessed CT scans/nCT/nCT6182.jpg,nCT,0,6182,399
/content/data/Preprocessed CT scans/nCT/nCT251.jpg,nCT,0,251,110
/content/data/Preprocessed CT scans/nCT/nCT1312.jpg,nCT,0,1312,93
/content/data/Preprocessed CT scans/nCT/nCT6174.jpg,nCT,0,6174,142
/content/data/Preprocessed CT scans/nCT/nCT7792.jpg,nCT,0,7792,149
/content/data/Preprocessed CT scans/nCT/nCT9293.jpg,nCT,0,9293,292
/content/data/Preprocessed CT scans/nCT/nCT6697.jpg,nCT,0,6697,230
/content/data/Preprocessed CT scans/nCT/nCT2101.jpg,nCT,0,2101,14
/content/data/Preprocessed CT scans/nCT/nCT7267.jpg,nCT,0,7267,378
/content/data/Preprocessed CT scans/nCT/nCT6538.jpg,nCT,0,6538,172
/content/data/Preprocessed CT scans/nCT/nCT8733.jpg,nCT,0,8733,19
/content/data/Preprocessed CT scans/nCT/nCT2219.jpg,nCT,0,2219,143
/content/data/Preprocessed CT scans/nCT/nCT8499.jpg,nCT,0,8499,149
/content/data/Preprocessed CT scans/nCT/nCT1362.jpg,nCT,0,1362,345
/content/data/Preprocessed CT scans/nCT/nCT9008.jpg,nCT,0,9008,188
/content/data/Preprocessed CT scans/nCT/nCT5643.jpg,nCT,0,5643,195
/content/data/Preprocessed CT scans/nCT/nCT9041.jpg,nCT,0,9041,256
/content/data/Preprocessed CT scans/nCT/nCT4829.jpg,nCT,0,4829,334
/content/data/Preprocessed CT scans/nCT/nCT2574.jpg,nCT,0,2574,4
/content/data/Preprocessed CT scans/nCT/nCT1645.jpg,nCT,0,1645,62
/content/data/Preprocessed CT scans/nCT/nCT9339.jpg,nCT,0,9339,389
/content/data/Preprocessed CT scans/nCT/nCT5714.jpg,nCT,0,5714,355
/content/data/Preprocessed CT scans/nCT/nCT877.jpg,nCT,0,877,301
/content/data/Preprocessed CT scans/nCT/nCT7021.jpg,nCT,0,7021,293
/content/data/Preprocessed CT scans/nCT/nCT1565.jpg,nCT,0,1565,175
/content/data/Preprocessed CT scans/nCT/nCT4172.jpg,nCT,0,4172,96
/content/data/Preprocessed CT scans/nCT/nCT7845.jpg,nCT,0,7845,391
/content/data/Preprocessed CT scans/nCT/nCT3192.jpg,nCT,0,3192,272
/content/data/Preprocessed CT scans/nCT/nCT7375.jpg,nCT,0,7375,329
/content/data/Preprocessed CT scans/nCT/nCT3627.jpg,nCT,0,3627,60
/content/data/Preprocessed CT scans/nCT/nCT4616.jpg,nCT,0,4616,305
/content/data/Preprocessed CT scans/nCT/nCT7859.jpg,nCT,0,7859,365
/content/data/Preprocessed CT scans/nCT/nCT3740.jpg,nCT,0,3740,316
/content/data/Preprocessed CT scans/nCT/nCT494.jpg,nCT,0,494,129
/content/data/Preprocessed CT scans/nCT/nCT5289.jpg,nCT,0,5289,355
/content/data/Preprocessed CT scans/nCT/nCT9267.jpg,nCT,0,9267,61
/content/data/Preprocessed CT scans/nCT/nCT824.jpg,nCT,0,824,320
/content/data/Preprocessed CT scans/nCT/nCT9492.jpg,nCT,0,9492,274
/content/data/Preprocessed CT scans/nCT/nCT1230.jpg,nCT,0,1230,186
/content/data/Preprocessed CT scans/nCT/nCT3056.jpg,nCT,0,3056,339
/content/data/Preprocessed CT scans/nCT/nCT7032.jpg,nCT,0,7032,338
/content/data/Preprocessed CT scans/nCT/nCT6051.jpg,nCT,0,6051,293
/content/data/Preprocessed CT scans/nCT/nCT8415.jpg,nCT,0,8415,92
/content/data/Preprocessed CT scans/nCT/nCT1261.jpg,nCT,0,1261,120
/content/data/Preprocessed CT scans/nCT/nCT4701.jpg,nCT,0,4701,108
/content/data/Preprocessed CT scans/nCT/nCT8779.jpg,nCT,0,8779,255
/content/data/Preprocessed CT scans/nCT/nCT7697.jpg,nCT,0,7697,241
/content/data/Preprocessed CT scans/nCT/nCT5020.jpg,nCT,0,5020,252
/content/data/Preprocessed CT scans/nCT/nCT1577.jpg,nCT,0,1577,367
/content/data/Preprocessed CT scans/nCT/nCT6743.jpg,nCT,0,6743,162
/content/data/Preprocessed CT scans/nCT/nCT2159.jpg,nCT,0,2159,143
/content/data/Preprocessed CT scans/nCT/nCT961.jpg,nCT,0,961,186
/content/data/Preprocessed CT scans/nCT/nCT1235.jpg,nCT,0,1235,234
/content/data/Preprocessed CT scans/nCT/nCT9083.jpg,nCT,0,9083,19
/content/data/Preprocessed CT scans/nCT/nCT8989.jpg,nCT,0,8989,106
/content/data/Preprocessed CT scans/nCT/nCT6978.jpg,nCT,0,6978,291
/content/data/Preprocessed CT scans/nCT/nCT673.jpg,nCT,0,673,72
/content/data/Preprocessed CT scans/nCT/nCT2697.jpg,nCT,0,2697,206
/content/data/Preprocessed CT scans/nCT/nCT5984.jpg,nCT,0,5984,282
/content/data/Preprocessed CT scans/nCT/nCT9540.jpg,nCT,0,9540,11
/content/data/Preprocessed CT scans/nCT/nCT4932.jpg,nCT,0,4932,2
/content/data/Preprocessed CT scans/nCT/nCT3212.jpg,nCT,0,3212,60
/content/data/Preprocessed CT scans/nCT/nCT4694.jpg,nCT,0,4694,261
/content/data/Preprocessed CT scans/nCT/nCT142.jpg,nCT,0,142,110
/content/data/Preprocessed CT scans/nCT/nCT2655.jpg,nCT,0,2655,27
/content/data/Preprocessed CT scans/nCT/nCT454.jpg,nCT,0,454,350
/content/data/Preprocessed CT scans/nCT/nCT3073.jpg,nCT,0,3073,98
/content/data/Preprocessed CT scans/nCT/nCT3600.jpg,nCT,0,3600,112
/content/data/Preprocessed CT scans/nCT/nCT8170.jpg,nCT,0,8170,380
/content/data/Preprocessed CT scans/nCT/nCT5965.jpg,nCT,0,5965,354
/content/data/Preprocessed CT scans/nCT/nCT9468.jpg,nCT,0,9468,88
/content/data/Preprocessed CT scans/nCT/nCT6921.jpg,nCT,0,6921,105
/content/data/Preprocessed CT scans/nCT/nCT3793.jpg,nCT,0,3793,305
/content/data/Preprocessed CT scans/nCT/nCT8970.jpg,nCT,0,8970,222
/content/data/Preprocessed CT scans/nCT/nCT2136.jpg,nCT,0,2136,141
/content/data/Preprocessed CT scans/nCT/nCT7056.jpg,nCT,0,7056,108
/content/data/Preprocessed CT scans/nCT/nCT4716.jpg,nCT,0,4716,305
/content/data/Preprocessed CT scans/nCT/nCT972.jpg,nCT,0,972,45
/content/data/Preprocessed CT scans/nCT/nCT9673.jpg,nCT,0,9673,243
/content/data/Preprocessed CT scans/nCT/nCT6852.jpg,nCT,0,6852,347
/content/data/Preprocessed CT scans/nCT/nCT5541.jpg,nCT,0,5541,58
/content/data/Preprocessed CT scans/nCT/nCT924.jpg,nCT,0,924,335
/content/data/Preprocessed CT scans/nCT/nCT5912.jpg,nCT,0,5912,354
/content/data/Preprocessed CT scans/nCT/nCT2211.jpg,nCT,0,2211,79
/content/data/Preprocessed CT scans/nCT/nCT3089.jpg,nCT,0,3089,93
/content/data/Preprocessed CT scans/nCT/nCT7994.jpg,nCT,0,7994,253
/content/data/Preprocessed CT scans/nCT/nCT9040.jpg,nCT,0,9040,256
/content/data/Preprocessed CT scans/nCT/nCT3059.jpg,nCT,0,3059,108
/content/data/Preprocessed CT scans/nCT/nCT9313.jpg,nCT,0,9313,389
/content/data/Preprocessed CT scans/nCT/nCT6668.jpg,nCT,0,6668,110
/content/data/Preprocessed CT scans/nCT/nCT8074.jpg,nCT,0,8074,88
/content/data/Preprocessed CT scans/nCT/nCT1373.jpg,nCT,0,1373,62
/content/data/Preprocessed CT scans/nCT/nCT922.jpg,nCT,0,922,214
/content/data/Preprocessed CT scans/nCT/nCT4249.jpg,nCT,0,4249,60
/content/data/Preprocessed CT scans/nCT/nCT7009.jpg,nCT,0,7009,351
/content/data/Preprocessed CT scans/nCT/nCT4645.jpg,nCT,0,4645,47
/content/data/Preprocessed CT scans/nCT/nCT4735.jpg,nCT,0,4735,386
/content/data/Preprocessed CT scans/nCT/nCT5648.jpg,nCT,0,5648,110
/content/data/Preprocessed CT scans/nCT/nCT4921.jpg,nCT,0,4921,261
/content/data/Preprocessed CT scans/nCT/nCT5099.jpg,nCT,0,5099,109
/content/data/Preprocessed CT scans/nCT/nCT5158.jpg,nCT,0,5158,195
/content/data/Preprocessed CT scans/nCT/nCT9320.jpg,nCT,0,9320,389
/content/data/Preprocessed CT scans/nCT/nCT6986.jpg,nCT,0,6986,275
/content/data/Preprocessed CT scans/nCT/nCT8907.jpg,nCT,0,8907,373
/content/data/Preprocessed CT scans/nCT/nCT1945.jpg,nCT,0,1945,136
/content/data/Preprocessed CT scans/nCT/nCT5557.jpg,nCT,0,5557,386
/content/data/Preprocessed CT scans/nCT/nCT594.jpg,nCT,0,594,23
/content/data/Preprocessed CT scans/nCT/nCT2798.jpg,nCT,0,2798,25
/content/data/Preprocessed CT scans/nCT/nCT9514.jpg,nCT,0,9514,171
/content/data/Preprocessed CT scans/nCT/nCT2379.jpg,nCT,0,2379,269
/content/data/Preprocessed CT scans/nCT/nCT9064.jpg,nCT,0,9064,274
/content/data/Preprocessed CT scans/nCT/nCT2488.jpg,nCT,0,2488,306
/content/data/Preprocessed CT scans/nCT/nCT5312.jpg,nCT,0,5312,80
/content/data/Preprocessed CT scans/nCT/nCT618.jpg,nCT,0,618,14
/content/data/Preprocessed CT scans/nCT/nCT2091.jpg,nCT,0,2091,224
/content/data/Preprocessed CT scans/nCT/nCT267.jpg,nCT,0,267,119
/content/data/Preprocessed CT scans/nCT/nCT5085.jpg,nCT,0,5085,236
/content/data/Preprocessed CT scans/nCT/nCT8709.jpg,nCT,0,8709,255
/content/data/Preprocessed CT scans/nCT/nCT4611.jpg,nCT,0,4611,233
/content/data/Preprocessed CT scans/nCT/nCT7253.jpg,nCT,0,7253,96
/content/data/Preprocessed CT scans/nCT/nCT7896.jpg,nCT,0,7896,241
/content/data/Preprocessed CT scans/nCT/nCT4632.jpg,nCT,0,4632,100
/content/data/Preprocessed CT scans/nCT/nCT2180.jpg,nCT,0,2180,347
/content/data/Preprocessed CT scans/nCT/nCT6500.jpg,nCT,0,6500,360
/content/data/Preprocessed CT scans/nCT/nCT5295.jpg,nCT,0,5295,282
/content/data/Preprocessed CT scans/nCT/nCT8346.jpg,nCT,0,8346,164
/content/data/Preprocessed CT scans/nCT/nCT2483.jpg,nCT,0,2483,81
/content/data/Preprocessed CT scans/nCT/nCT4498.jpg,nCT,0,4498,197
/content/data/Preprocessed CT scans/nCT/nCT5676.jpg,nCT,0,5676,156
/content/data/Preprocessed CT scans/nCT/nCT8365.jpg,nCT,0,8365,137
/content/data/Preprocessed CT scans/nCT/nCT8588.jpg,nCT,0,8588,255
/content/data/Preprocessed CT scans/nCT/nCT1299.jpg,nCT,0,1299,37
/content/data/Preprocessed CT scans/nCT/nCT3587.jpg,nCT,0,3587,276
/content/data/Preprocessed CT scans/nCT/nCT1990.jpg,nCT,0,1990,268
/content/data/Preprocessed CT scans/nCT/nCT8771.jpg,nCT,0,8771,255
/content/data/Preprocessed CT scans/nCT/nCT1339.jpg,nCT,0,1339,341
/content/data/Preprocessed CT scans/nCT/nCT4136.jpg,nCT,0,4136,195
/content/data/Preprocessed CT scans/nCT/nCT438.jpg,nCT,0,438,105
/content/data/Preprocessed CT scans/nCT/nCT3886.jpg,nCT,0,3886,233
/content/data/Preprocessed CT scans/nCT/nCT372.jpg,nCT,0,372,56
/content/data/Preprocessed CT scans/nCT/nCT82.jpg,nCT,0,82,208
/content/data/Preprocessed CT scans/nCT/nCT4334.jpg,nCT,0,4334,334
/content/data/Preprocessed CT scans/nCT/nCT1886.jpg,nCT,0,1886,62
/content/data/Preprocessed CT scans/nCT/nCT1097.jpg,nCT,0,1097,72
/content/data/Preprocessed CT scans/nCT/nCT6702.jpg,nCT,0,6702,236
/content/data/Preprocessed CT scans/nCT/nCT7585.jpg,nCT,0,7585,91
/content/data/Preprocessed CT scans/nCT/nCT9560.jpg,nCT,0,9560,11
/content/data/Preprocessed CT scans/nCT/nCT5628.jpg,nCT,0,5628,393
/content/data/Preprocessed CT scans/nCT/nCT9619.jpg,nCT,0,9619,365
/content/data/Preprocessed CT scans/nCT/nCT6080.jpg,nCT,0,6080,133
/content/data/Preprocessed CT scans/nCT/nCT7216.jpg,nCT,0,7216,240
/content/data/Preprocessed CT scans/nCT/nCT132.jpg,nCT,0,132,156
/content/data/Preprocessed CT scans/nCT/nCT7366.jpg,nCT,0,7366,390
/content/data/Preprocessed CT scans/nCT/nCT3346.jpg,nCT,0,3346,300
/content/data/Preprocessed CT scans/nCT/nCT3874.jpg,nCT,0,3874,339
/content/data/Preprocessed CT scans/nCT/nCT9642.jpg,nCT,0,9642,256
/content/data/Preprocessed CT scans/nCT/nCT6714.jpg,nCT,0,6714,110
/content/data/Preprocessed CT scans/nCT/nCT9360.jpg,nCT,0,9360,179
/content/data/Preprocessed CT scans/nCT/nCT7496.jpg,nCT,0,7496,204
/content/data/Preprocessed CT scans/nCT/nCT3169.jpg,nCT,0,3169,75
/content/data/Preprocessed CT scans/nCT/nCT1202.jpg,nCT,0,1202,37
/content/data/Preprocessed CT scans/nCT/nCT6018.jpg,nCT,0,6018,304
/content/data/Preprocessed CT scans/nCT/nCT6527.jpg,nCT,0,6527,98
/content/data/Preprocessed CT scans/nCT/nCT9195.jpg,nCT,0,9195,91
/content/data/Preprocessed CT scans/nCT/nCT8939.jpg,nCT,0,8939,78
/content/data/Preprocessed CT scans/nCT/nCT7858.jpg,nCT,0,7858,365
/content/data/Preprocessed CT scans/nCT/nCT3857.jpg,nCT,0,3857,68
/content/data/Preprocessed CT scans/nCT/nCT5450.jpg,nCT,0,5450,386
/content/data/Preprocessed CT scans/nCT/nCT5935.jpg,nCT,0,5935,22
/content/data/Preprocessed CT scans/nCT/nCT5734.jpg,nCT,0,5734,334
/content/data/Preprocessed CT scans/nCT/nCT9026.jpg,nCT,0,9026,255
/content/data/Preprocessed CT scans/nCT/nCT8634.jpg,nCT,0,8634,19
/content/data/Preprocessed CT scans/nCT/nCT49.jpg,nCT,0,49,293
/content/data/Preprocessed CT scans/nCT/nCT9021.jpg,nCT,0,9021,41
/content/data/Preprocessed CT scans/nCT/nCT9357.jpg,nCT,0,9357,179
/content/data/Preprocessed CT scans/nCT/nCT6524.jpg,nCT,0,6524,334
/content/data/Preprocessed CT scans/nCT/nCT242.jpg,nCT,0,242,328
/content/data/Preprocessed CT scans/nCT/nCT4914.jpg,nCT,0,4914,105
/content/data/Preprocessed CT scans/nCT/nCT1862.jpg,nCT,0,1862,335
/content/data/Preprocessed CT scans/nCT/nCT5304.jpg,nCT,0,5304,173
/content/data/Preprocessed CT scans/nCT/nCT863.jpg,nCT,0,863,120
/content/data/Preprocessed CT scans/nCT/nCT9512.jpg,nCT,0,9512,171
/content/data/Preprocessed CT scans/nCT/nCT865.jpg,nCT,0,865,351
/content/data/Preprocessed CT scans/nCT/nCT9966.jpg,nCT,0,9966,129
/content/data/Preprocessed CT scans/nCT/nCT6335.jpg,nCT,0,6335,101
/content/data/Preprocessed CT scans/nCT/nCT6637.jpg,nCT,0,6637,252
/content/data/Preprocessed CT scans/nCT/nCT19.jpg,nCT,0,19,338
/content/data/Preprocessed CT scans/nCT/nCT3203.jpg,nCT,0,3203,112
/content/data/Preprocessed CT scans/nCT/nCT4877.jpg,nCT,0,4877,299
/content/data/Preprocessed CT scans/nCT/nCT6240.jpg,nCT,0,6240,173
/content/data/Preprocessed CT scans/nCT/nCT7288.jpg,nCT,0,7288,60
/content/data/Preprocessed CT scans/nCT/nCT7744.jpg,nCT,0,7744,160
/content/data/Preprocessed CT scans/nCT/nCT7830.jpg,nCT,0,7830,70
/content/data/Preprocessed CT scans/nCT/nCT9238.jpg,nCT,0,9238,332
/content/data/Preprocessed CT scans/nCT/nCT733.jpg,nCT,0,733,231
/content/data/Preprocessed CT scans/nCT/nCT9909.jpg,nCT,0,9909,78
/content/data/Preprocessed CT scans/nCT/nCT9335.jpg,nCT,0,9335,389
/content/data/Preprocessed CT scans/nCT/nCT959.jpg,nCT,0,959,56
/content/data/Preprocessed CT scans/nCT/nCT6791.jpg,nCT,0,6791,56
/content/data/Preprocessed CT scans/nCT/nCT413.jpg,nCT,0,413,58
/content/data/Preprocessed CT scans/nCT/nCT4425.jpg,nCT,0,4425,383
/content/data/Preprocessed CT scans/nCT/nCT278.jpg,nCT,0,278,231
/content/data/Preprocessed CT scans/nCT/nCT4886.jpg,nCT,0,4886,165
/content/data/Preprocessed CT scans/nCT/nCT6249.jpg,nCT,0,6249,13
/content/data/Preprocessed CT scans/nCT/nCT5356.jpg,nCT,0,5356,236
/content/data/Preprocessed CT scans/nCT/nCT4005.jpg,nCT,0,4005,305
/content/data/Preprocessed CT scans/nCT/nCT2271.jpg,nCT,0,2271,79
/content/data/Preprocessed CT scans/nCT/nCT3720.jpg,nCT,0,3720,47
/content/data/Preprocessed CT scans/nCT/nCT9621.jpg,nCT,0,9621,41
/content/data/Preprocessed CT scans/nCT/nCT8208.jpg,nCT,0,8208,92
/content/data/Preprocessed CT scans/nCT/nCT9507.jpg,nCT,0,9507,171
/content/data/Preprocessed CT scans/nCT/nCT7144.jpg,nCT,0,7144,275
/content/data/Preprocessed CT scans/nCT/nCT8301.jpg,nCT,0,8301,28
/content/data/Preprocessed CT scans/nCT/nCT496.jpg,nCT,0,496,217
/content/data/Preprocessed CT scans/nCT/nCT7807.jpg,nCT,0,7807,149
/content/data/Preprocessed CT scans/nCT/nCT1615.jpg,nCT,0,1615,304
/content/data/Preprocessed CT scans/nCT/nCT3562.jpg,nCT,0,3562,68
/content/data/Preprocessed CT scans/nCT/nCT687.jpg,nCT,0,687,24
/content/data/Preprocessed CT scans/nCT/nCT8439.jpg,nCT,0,8439,182
/content/data/Preprocessed CT scans/nCT/nCT220.jpg,nCT,0,220,6
/content/data/Preprocessed CT scans/nCT/nCT3850.jpg,nCT,0,3850,390
/content/data/Preprocessed CT scans/nCT/nCT5665.jpg,nCT,0,5665,355
/content/data/Preprocessed CT scans/nCT/nCT681.jpg,nCT,0,681,301
/content/data/Preprocessed CT scans/nCT/nCT2285.jpg,nCT,0,2285,333
/content/data/Preprocessed CT scans/nCT/nCT8553.jpg,nCT,0,8553,242
/content/data/Preprocessed CT scans/nCT/nCT3688.jpg,nCT,0,3688,271
/content/data/Preprocessed CT scans/nCT/nCT8434.jpg,nCT,0,8434,70
/content/data/Preprocessed CT scans/nCT/nCT1512.jpg,nCT,0,1512,81
/content/data/Preprocessed CT scans/nCT/nCT4794.jpg,nCT,0,4794,13
/content/data/Preprocessed CT scans/nCT/nCT577.jpg,nCT,0,577,58
/content/data/Preprocessed CT scans/nCT/nCT8215.jpg,nCT,0,8215,382
/content/data/Preprocessed CT scans/nCT/nCT3213.jpg,nCT,0,3213,34
/content/data/Preprocessed CT scans/nCT/nCT9597.jpg,nCT,0,9597,222
/content/data/Preprocessed CT scans/nCT/nCT7210.jpg,nCT,0,7210,91
/content/data/Preprocessed CT scans/nCT/nCT8585.jpg,nCT,0,8585,255
/content/data/Preprocessed CT scans/nCT/nCT8056.jpg,nCT,0,8056,65
/content/data/Preprocessed CT scans/nCT/nCT6337.jpg,nCT,0,6337,208
/content/data/Preprocessed CT scans/nCT/nCT6410.jpg,nCT,0,6410,252
/content/data/Preprocessed CT scans/nCT/nCT6248.jpg,nCT,0,6248,204
/content/data/Preprocessed CT scans/nCT/nCT6106.jpg,nCT,0,6106,158
/content/data/Preprocessed CT scans/nCT/nCT335.jpg,nCT,0,335,72
/content/data/Preprocessed CT scans/nCT/nCT5752.jpg,nCT,0,5752,304
/content/data/Preprocessed CT scans/nCT/nCT9248.jpg,nCT,0,9248,332
/content/data/Preprocessed CT scans/nCT/nCT441.jpg,nCT,0,441,72
/content/data/Preprocessed CT scans/nCT/nCT7545.jpg,nCT,0,7545,96
/content/data/Preprocessed CT scans/nCT/nCT143.jpg,nCT,0,143,360
/content/data/Preprocessed CT scans/nCT/nCT9007.jpg,nCT,0,9007,41
/content/data/Preprocessed CT scans/nCT/nCT8424.jpg,nCT,0,8424,92
/content/data/Preprocessed CT scans/nCT/nCT9256.jpg,nCT,0,9256,61
/content/data/Preprocessed CT scans/nCT/nCT8319.jpg,nCT,0,8319,164
/content/data/Preprocessed CT scans/nCT/nCT7832.jpg,nCT,0,7832,242
/content/data/Preprocessed CT scans/nCT/nCT8567.jpg,nCT,0,8567,188
/content/data/Preprocessed CT scans/nCT/nCT3087.jpg,nCT,0,3087,350
/content/data/Preprocessed CT scans/nCT/nCT1490.jpg,nCT,0,1490,367
/content/data/Preprocessed CT scans/nCT/nCT8405.jpg,nCT,0,8405,92
/content/data/Preprocessed CT scans/nCT/nCT1390.jpg,nCT,0,1390,335
/content/data/Preprocessed CT scans/nCT/nCT7137.jpg,nCT,0,7137,346
/content/data/Preprocessed CT scans/nCT/nCT7025.jpg,nCT,0,7025,22
/content/data/Preprocessed CT scans/nCT/nCT5844.jpg,nCT,0,5844,293
/content/data/Preprocessed CT scans/nCT/nCT5767.jpg,nCT,0,5767,230
/content/data/Preprocessed CT scans/nCT/nCT3419.jpg,nCT,0,3419,350
/content/data/Preprocessed CT scans/nCT/nCT6421.jpg,nCT,0,6421,105
/content/data/Preprocessed CT scans/nCT/nCT4910.jpg,nCT,0,4910,130
/content/data/Preprocessed CT scans/nCT/nCT6385.jpg,nCT,0,6385,208
/content/data/Preprocessed CT scans/nCT/nCT6268.jpg,nCT,0,6268,276
/content/data/Preprocessed CT scans/nCT/nCT2008.jpg,nCT,0,2008,323
/content/data/Preprocessed CT scans/nCT/nCT878.jpg,nCT,0,878,93
/content/data/Preprocessed CT scans/nCT/nCT5476.jpg,nCT,0,5476,272
/content/data/Preprocessed CT scans/nCT/nCT9701.jpg,nCT,0,9701,267
/content/data/Preprocessed CT scans/nCT/nCT6298.jpg,nCT,0,6298,217
/content/data/Preprocessed CT scans/nCT/nCT1544.jpg,nCT,0,1544,120
/content/data/Preprocessed CT scans/nCT/nCT970.jpg,nCT,0,970,234
/content/data/Preprocessed CT scans/nCT/nCT5772.jpg,nCT,0,5772,165
/content/data/Preprocessed CT scans/nCT/nCT8326.jpg,nCT,0,8326,28
/content/data/Preprocessed CT scans/nCT/nCT1510.jpg,nCT,0,1510,16
/content/data/Preprocessed CT scans/nCT/nCT7410.jpg,nCT,0,7410,167
/content/data/Preprocessed CT scans/nCT/nCT6065.jpg,nCT,0,6065,304
/content/data/Preprocessed CT scans/nCT/nCT5890.jpg,nCT,0,5890,101
/content/data/Preprocessed CT scans/nCT/nCT2869.jpg,nCT,0,2869,112
/content/data/Preprocessed CT scans/nCT/nCT4789.jpg,nCT,0,4789,195
/content/data/Preprocessed CT scans/nCT/nCT9877.jpg,nCT,0,9877,387
/content/data/Preprocessed CT scans/nCT/nCT3840.jpg,nCT,0,3840,386
/content/data/Preprocessed CT scans/nCT/nCT7693.jpg,nCT,0,7693,368
/content/data/Preprocessed CT scans/nCT/nCT8657.jpg,nCT,0,8657,121
/content/data/Preprocessed CT scans/nCT/nCT3017.jpg,nCT,0,3017,98
/content/data/Preprocessed CT scans/nCT/nCT7813.jpg,nCT,0,7813,92
/content/data/Preprocessed CT scans/nCT/nCT4961.jpg,nCT,0,4961,209
/content/data/Preprocessed CT scans/nCT/nCT5987.jpg,nCT,0,5987,217
/content/data/Preprocessed CT scans/nCT/nCT8501.jpg,nCT,0,8501,149
/content/data/Preprocessed CT scans/nCT/nCT5058.jpg,nCT,0,5058,246
/content/data/Preprocessed CT scans/nCT/nCT5894.jpg,nCT,0,5894,21
/content/data/Preprocessed CT scans/nCT/nCT7889.jpg,nCT,0,7889,28
/content/data/Preprocessed CT scans/nCT/nCT1711.jpg,nCT,0,1711,14
/content/data/Preprocessed CT scans/nCT/nCT4433.jpg,nCT,0,4433,83
/content/data/Preprocessed CT scans/nCT/nCT6388.jpg,nCT,0,6388,258
/content/data/Preprocessed CT scans/nCT/nCT3164.jpg,nCT,0,3164,108
/content/data/Preprocessed CT scans/nCT/nCT420.jpg,nCT,0,420,156
/content/data/Preprocessed CT scans/nCT/nCT2801.jpg,nCT,0,2801,91
/content/data/Preprocessed CT scans/nCT/nCT8480.jpg,nCT,0,8480,103
/content/data/Preprocessed CT scans/nCT/nCT9874.jpg,nCT,0,9874,387
/content/data/Preprocessed CT scans/nCT/nCT3834.jpg,nCT,0,3834,47
/content/data/Preprocessed CT scans/nCT/nCT4925.jpg,nCT,0,4925,80
/content/data/Preprocessed CT scans/nCT/nCT5992.jpg,nCT,0,5992,162
/content/data/Preprocessed CT scans/nCT/nCT8662.jpg,nCT,0,8662,121
/content/data/Preprocessed CT scans/nCT/nCT2487.jpg,nCT,0,2487,81
/content/data/Preprocessed CT scans/nCT/nCT3558.jpg,nCT,0,3558,244
/content/data/Preprocessed CT scans/nCT/nCT8317.jpg,nCT,0,8317,164
/content/data/Preprocessed CT scans/nCT/nCT1297.jpg,nCT,0,1297,193
/content/data/Preprocessed CT scans/nCT/nCT3712.jpg,nCT,0,3712,100
/content/data/Preprocessed CT scans/nCT/nCT269.jpg,nCT,0,269,293
/content/data/Preprocessed CT scans/nCT/nCT104.jpg,nCT,0,104,276
/content/data/Preprocessed CT scans/nCT/nCT1538.jpg,nCT,0,1538,165
/content/data/Preprocessed CT scans/nCT/nCT3187.jpg,nCT,0,3187,34
/content/data/Preprocessed CT scans/nCT/nCT3646.jpg,nCT,0,3646,276
/content/data/Preprocessed CT scans/nCT/nCT7442.jpg,nCT,0,7442,91
/content/data/Preprocessed CT scans/nCT/nCT6734.jpg,nCT,0,6734,102
/content/data/Preprocessed CT scans/nCT/nCT459.jpg,nCT,0,459,34
/content/data/Preprocessed CT scans/nCT/nCT7677.jpg,nCT,0,7677,241
/content/data/Preprocessed CT scans/nCT/nCT874.jpg,nCT,0,874,108
/content/data/Preprocessed CT scans/nCT/nCT3806.jpg,nCT,0,3806,271
/content/data/Preprocessed CT scans/nCT/nCT2860.jpg,nCT,0,2860,47
/content/data/Preprocessed CT scans/nCT/nCT5159.jpg,nCT,0,5159,350
/content/data/Preprocessed CT scans/nCT/nCT325.jpg,nCT,0,325,350
/content/data/Preprocessed CT scans/nCT/nCT3744.jpg,nCT,0,3744,284
/content/data/Preprocessed CT scans/nCT/nCT8484.jpg,nCT,0,8484,253
/content/data/Preprocessed CT scans/nCT/nCT1177.jpg,nCT,0,1177,62
/content/data/Preprocessed CT scans/nCT/nCT7650.jpg,nCT,0,7650,41
/content/data/Preprocessed CT scans/nCT/nCT1825.jpg,nCT,0,1825,230
/content/data/Preprocessed CT scans/nCT/nCT1092.jpg,nCT,0,1092,335
/content/data/Preprocessed CT scans/nCT/nCT5913.jpg,nCT,0,5913,250
/content/data/Preprocessed CT scans/nCT/nCT4447.jpg,nCT,0,4447,91
/content/data/Preprocessed CT scans/nCT/nCT7644.jpg,nCT,0,7644,365
/content/data/Preprocessed CT scans/nCT/nCT3877.jpg,nCT,0,3877,197
/content/data/Preprocessed CT scans/nCT/nCT6496.jpg,nCT,0,6496,235
/content/data/Preprocessed CT scans/nCT/nCT4222.jpg,nCT,0,4222,244
/content/data/Preprocessed CT scans/nCT/nCT1652.jpg,nCT,0,1652,24
/content/data/Preprocessed CT scans/nCT/nCT981.jpg,nCT,0,981,214
/content/data/Preprocessed CT scans/nCT/nCT5479.jpg,nCT,0,5479,109
/content/data/Preprocessed CT scans/nCT/nCT810.jpg,nCT,0,810,56
/content/data/Preprocessed CT scans/nCT/nCT1911.jpg,nCT,0,1911,230
/content/data/Preprocessed CT scans/nCT/nCT1188.jpg,nCT,0,1188,45
/content/data/Preprocessed CT scans/nCT/nCT3585.jpg,nCT,0,3585,298
/content/data/Preprocessed CT scans/nCT/nCT7595.jpg,nCT,0,7595,91
/content/data/Preprocessed CT scans/nCT/nCT2277.jpg,nCT,0,2277,282
/content/data/Preprocessed CT scans/nCT/nCT7789.jpg,nCT,0,7789,149
/content/data/Preprocessed CT scans/nCT/nCT9583.jpg,nCT,0,9583,389
/content/data/Preprocessed CT scans/nCT/nCT6067.jpg,nCT,0,6067,355
/content/data/Preprocessed CT scans/nCT/nCT8670.jpg,nCT,0,8670,121
/content/data/Preprocessed CT scans/nCT/nCT2961.jpg,nCT,0,2961,34
/content/data/Preprocessed CT scans/nCT/nCT7022.jpg,nCT,0,7022,236
/content/data/Preprocessed CT scans/nCT/nCT2033.jpg,nCT,0,2033,62
/content/data/Preprocessed CT scans/nCT/nCT2594.jpg,nCT,0,2594,4
/content/data/Preprocessed CT scans/nCT/nCT2497.jpg,nCT,0,2497,341
/content/data/Preprocessed CT scans/nCT/nCT3476.jpg,nCT,0,3476,34
/content/data/Preprocessed CT scans/nCT/nCT8687.jpg,nCT,0,8687,188
/content/data/Preprocessed CT scans/nCT/nCT612.jpg,nCT,0,612,58
/content/data/Preprocessed CT scans/nCT/nCT8752.jpg,nCT,0,8752,188
/content/data/Preprocessed CT scans/nCT/nCT306.jpg,nCT,0,306,58
/content/data/Preprocessed CT scans/nCT/nCT3711.jpg,nCT,0,3711,355
/content/data/Preprocessed CT scans/nCT/nCT5526.jpg,nCT,0,5526,234
/content/data/Preprocessed CT scans/nCT/nCT4125.jpg,nCT,0,4125,133
/content/data/Preprocessed CT scans/nCT/nCT1104.jpg,nCT,0,1104,249
/content/data/Preprocessed CT scans/nCT/nCT5583.jpg,nCT,0,5583,80
/content/data/Preprocessed CT scans/nCT/nCT3364.jpg,nCT,0,3364,390
/content/data/Preprocessed CT scans/nCT/nCT9498.jpg,nCT,0,9498,274
/content/data/Preprocessed CT scans/nCT/nCT2387.jpg,nCT,0,2387,206
/content/data/Preprocessed CT scans/nCT/nCT1549.jpg,nCT,0,1549,335
/content/data/Preprocessed CT scans/nCT/nCT8909.jpg,nCT,0,8909,373
/content/data/Preprocessed CT scans/nCT/nCT3714.jpg,nCT,0,3714,47
/content/data/Preprocessed CT scans/nCT/nCT7298.jpg,nCT,0,7298,277
/content/data/Preprocessed CT scans/nCT/nCT4047.jpg,nCT,0,4047,279
/content/data/Preprocessed CT scans/nCT/nCT5586.jpg,nCT,0,5586,109
/content/data/Preprocessed CT scans/nCT/nCT1455.jpg,nCT,0,1455,120
/content/data/Preprocessed CT scans/nCT/nCT8890.jpg,nCT,0,8890,373
/content/data/Preprocessed CT scans/nCT/nCT2855.jpg,nCT,0,2855,390
/content/data/Preprocessed CT scans/nCT/nCT8226.jpg,nCT,0,8226,314
/content/data/Preprocessed CT scans/nCT/nCT605.jpg,nCT,0,605,72
/content/data/Preprocessed CT scans/nCT/nCT1846.jpg,nCT,0,1846,335
/content/data/Preprocessed CT scans/nCT/nCT7790.jpg,nCT,0,7790,149
/content/data/Preprocessed CT scans/nCT/nCT9546.jpg,nCT,0,9546,11
/content/data/Preprocessed CT scans/nCT/nCT8995.jpg,nCT,0,8995,106
/content/data/Preprocessed CT scans/nCT/nCT6703.jpg,nCT,0,6703,291
/content/data/Preprocessed CT scans/nCT/nCT3990.jpg,nCT,0,3990,100
/content/data/Preprocessed CT scans/nCT/nCT767.jpg,nCT,0,767,208
/content/data/Preprocessed CT scans/nCT/nCT4745.jpg,nCT,0,4745,208
/content/data/Preprocessed CT scans/nCT/nCT1151.jpg,nCT,0,1151,24
/content/data/Preprocessed CT scans/nCT/nCT9274.jpg,nCT,0,9274,61
/content/data/Preprocessed CT scans/nCT/nCT7692.jpg,nCT,0,7692,241
/content/data/Preprocessed CT scans/nCT/nCT5921.jpg,nCT,0,5921,341
/content/data/Preprocessed CT scans/nCT/nCT3008.jpg,nCT,0,3008,339
/content/data/Preprocessed CT scans/nCT/nCT2021.jpg,nCT,0,2021,323
/content/data/Preprocessed CT scans/nCT/nCT5084.jpg,nCT,0,5084,156
/content/data/Preprocessed CT scans/nCT/nCT8188.jpg,nCT,0,8188,30
/content/data/Preprocessed CT scans/nCT/nCT1437.jpg,nCT,0,1437,335
/content/data/Preprocessed CT scans/nCT/nCT5106.jpg,nCT,0,5106,47
/content/data/Preprocessed CT scans/nCT/nCT729.jpg,nCT,0,729,345
/content/data/Preprocessed CT scans/nCT/nCT1419.jpg,nCT,0,1419,37
/content/data/Preprocessed CT scans/nCT/nCT5909.jpg,nCT,0,5909,304
/content/data/Preprocessed CT scans/nCT/nCT6815.jpg,nCT,0,6815,329
/content/data/Preprocessed CT scans/nCT/nCT2774.jpg,nCT,0,2774,318
/content/data/Preprocessed CT scans/nCT/nCT3904.jpg,nCT,0,3904,233
/content/data/Preprocessed CT scans/nCT/nCT2255.jpg,nCT,0,2255,333
/content/data/Preprocessed CT scans/nCT/nCT8008.jpg,nCT,0,8008,253
/content/data/Preprocessed CT scans/nCT/nCT2339.jpg,nCT,0,2339,269
/content/data/Preprocessed CT scans/nCT/nCT2617.jpg,nCT,0,2617,347
/content/data/Preprocessed CT scans/nCT/nCT6781.jpg,nCT,0,6781,34
/content/data/Preprocessed CT scans/nCT/nCT5142.jpg,nCT,0,5142,393
/content/data/Preprocessed CT scans/nCT/nCT5910.jpg,nCT,0,5910,110
/content/data/Preprocessed CT scans/nCT/nCT8508.jpg,nCT,0,8508,242
/content/data/Preprocessed CT scans/nCT/nCT1993.jpg,nCT,0,1993,56
/content/data/Preprocessed CT scans/nCT/nCT3074.jpg,nCT,0,3074,276
/content/data/Preprocessed CT scans/nCT/nCT8461.jpg,nCT,0,8461,103
/content/data/Preprocessed CT scans/nCT/nCT5280.jpg,nCT,0,5280,346
/content/data/Preprocessed CT scans/nCT/nCT8891.jpg,nCT,0,8891,373
/content/data/Preprocessed CT scans/nCT/nCT408.jpg,nCT,0,408,56
/content/data/Preprocessed CT scans/nCT/nCT99.jpg,nCT,0,99,333
/content/data/Preprocessed CT scans/nCT/nCT6185.jpg,nCT,0,6185,282
/content/data/Preprocessed CT scans/nCT/nCT6204.jpg,nCT,0,6204,2
/content/data/Preprocessed CT scans/nCT/nCT8889.jpg,nCT,0,8889,373
/content/data/Preprocessed CT scans/nCT/nCT9395.jpg,nCT,0,9395,112
/content/data/Preprocessed CT scans/nCT/nCT5575.jpg,nCT,0,5575,173
/content/data/Preprocessed CT scans/nCT/nCT238.jpg,nCT,0,238,316
/content/data/Preprocessed CT scans/nCT/nCT3246.jpg,nCT,0,3246,100
/content/data/Preprocessed CT scans/nCT/nCT6444.jpg,nCT,0,6444,9
/content/data/Preprocessed CT scans/nCT/nCT3802.jpg,nCT,0,3802,284
/content/data/Preprocessed CT scans/nCT/nCT7136.jpg,nCT,0,7136,167
/content/data/Preprocessed CT scans/nCT/nCT2143.jpg,nCT,0,2143,323
/content/data/Preprocessed CT scans/nCT/nCT2333.jpg,nCT,0,2333,27
/content/data/Preprocessed CT scans/nCT/nCT9878.jpg,nCT,0,9878,247
/content/data/Preprocessed CT scans/nCT/nCT5995.jpg,nCT,0,5995,354
/content/data/Preprocessed CT scans/nCT/nCT8291.jpg,nCT,0,8291,28
/content/data/Preprocessed CT scans/nCT/nCT366.jpg,nCT,0,366,351
/content/data/Preprocessed CT scans/nCT/nCT7207.jpg,nCT,0,7207,335
/content/data/Preprocessed CT scans/nCT/nCT10.jpg,nCT,0,10,236
/content/data/Preprocessed CT scans/nCT/nCT6849.jpg,nCT,0,6849,98
/content/data/Preprocessed CT scans/nCT/nCT3359.jpg,nCT,0,3359,25
/content/data/Preprocessed CT scans/nCT/nCT1563.jpg,nCT,0,1563,24
/content/data/Preprocessed CT scans/nCT/nCT5931.jpg,nCT,0,5931,102
/content/data/Preprocessed CT scans/nCT/nCT5726.jpg,nCT,0,5726,156
/content/data/Preprocessed CT scans/nCT/nCT226.jpg,nCT,0,226,308
/content/data/Preprocessed CT scans/nCT/nCT7655.jpg,nCT,0,7655,41
/content/data/Preprocessed CT scans/nCT/nCT1160.jpg,nCT,0,1160,234
/content/data/Preprocessed CT scans/nCT/nCT9944.jpg,nCT,0,9944,222
/content/data/Preprocessed CT scans/nCT/nCT857.jpg,nCT,0,857,341
/content/data/Preprocessed CT scans/nCT/nCT9092.jpg,nCT,0,9092,387
/content/data/Preprocessed CT scans/nCT/nCT9695.jpg,nCT,0,9695,192
/content/data/Preprocessed CT scans/nCT/nCT1504.jpg,nCT,0,1504,208
/content/data/Preprocessed CT scans/nCT/nCT8651.jpg,nCT,0,8651,121
/content/data/Preprocessed CT scans/nCT/nCT5308.jpg,nCT,0,5308,234
/content/data/Preprocessed CT scans/nCT/nCT7810.jpg,nCT,0,7810,149
/content/data/Preprocessed CT scans/nCT/nCT2606.jpg,nCT,0,2606,4
/content/data/Preprocessed CT scans/nCT/nCT6898.jpg,nCT,0,6898,9
/content/data/Preprocessed CT scans/nCT/nCT839.jpg,nCT,0,839,72
/content/data/Preprocessed CT scans/nCT/nCT2859.jpg,nCT,0,2859,93
/content/data/Preprocessed CT scans/nCT/nCT7381.jpg,nCT,0,7381,91
/content/data/Preprocessed CT scans/nCT/nCT6130.jpg,nCT,0,6130,133
/content/data/Preprocessed CT scans/nCT/nCT8366.jpg,nCT,0,8366,137
/content/data/Preprocessed CT scans/nCT/nCT5807.jpg,nCT,0,5807,354
/content/data/Preprocessed CT scans/nCT/nCT4158.jpg,nCT,0,4158,244
/content/data/Preprocessed CT scans/nCT/nCT1491.jpg,nCT,0,1491,62
/content/data/Preprocessed CT scans/nCT/nCT9364.jpg,nCT,0,9364,179
/content/data/Preprocessed CT scans/nCT/nCT3205.jpg,nCT,0,3205,305
/content/data/Preprocessed CT scans/nCT/nCT6344.jpg,nCT,0,6344,217
/content/data/Preprocessed CT scans/nCT/nCT3095.jpg,nCT,0,3095,209
/content/data/Preprocessed CT scans/nCT/nCT1310.jpg,nCT,0,1310,120
/content/data/Preprocessed CT scans/nCT/nCT5398.jpg,nCT,0,5398,355
/content/data/Preprocessed CT scans/nCT/nCT9916.jpg,nCT,0,9916,78
/content/data/Preprocessed CT scans/nCT/nCT1409.jpg,nCT,0,1409,254
/content/data/Preprocessed CT scans/nCT/nCT950.jpg,nCT,0,950,334
/content/data/Preprocessed CT scans/nCT/nCT5253.jpg,nCT,0,5253,234
/content/data/Preprocessed CT scans/nCT/nCT995.jpg,nCT,0,995,261
/content/data/Preprocessed CT scans/nCT/nCT3988.jpg,nCT,0,3988,279
/content/data/Preprocessed CT scans/nCT/nCT3287.jpg,nCT,0,3287,112
/content/data/Preprocessed CT scans/nCT/nCT7377.jpg,nCT,0,7377,60
/content/data/Preprocessed CT scans/nCT/nCT9014.jpg,nCT,0,9014,188
/content/data/Preprocessed CT scans/nCT/nCT4518.jpg,nCT,0,4518,197
/content/data/Preprocessed CT scans/nCT/nCT3722.jpg,nCT,0,3722,100
/content/data/Preprocessed CT scans/nCT/nCT4203.jpg,nCT,0,4203,47
/content/data/Preprocessed CT scans/nCT/nCT1474.jpg,nCT,0,1474,165
/content/data/Preprocessed CT scans/nCT/nCT4116.jpg,nCT,0,4116,275
/content/data/Preprocessed CT scans/nCT/nCT1194.jpg,nCT,0,1194,354
/content/data/Preprocessed CT scans/nCT/nCT6391.jpg,nCT,0,6391,240
/content/data/Preprocessed CT scans/nCT/nCT1522.jpg,nCT,0,1522,120
/content/data/Preprocessed CT scans/nCT/nCT4394.jpg,nCT,0,4394,305
/content/data/Preprocessed CT scans/nCT/nCT1189.jpg,nCT,0,1189,93
/content/data/Preprocessed CT scans/nCT/nCT224.jpg,nCT,0,224,72
/content/data/Preprocessed CT scans/nCT/nCT497.jpg,nCT,0,497,23
/content/data/Preprocessed CT scans/nCT/nCT8217.jpg,nCT,0,8217,382
/content/data/Preprocessed CT scans/nCT/nCT4185.jpg,nCT,0,4185,300
/content/data/Preprocessed CT scans/nCT/nCT1167.jpg,nCT,0,1167,208
/content/data/Preprocessed CT scans/nCT/nCT9240.jpg,nCT,0,9240,332
/content/data/Preprocessed CT scans/nCT/nCT4048.jpg,nCT,0,4048,25
/content/data/Preprocessed CT scans/nCT/nCT9513.jpg,nCT,0,9513,171
/content/data/Preprocessed CT scans/nCT/nCT8667.jpg,nCT,0,8667,121
/content/data/Preprocessed CT scans/nCT/nCT9447.jpg,nCT,0,9447,65
/content/data/Preprocessed CT scans/nCT/nCT5617.jpg,nCT,0,5617,399
/content/data/Preprocessed CT scans/nCT/nCT2035.jpg,nCT,0,2035,323
/content/data/Preprocessed CT scans/nCT/nCT5349.jpg,nCT,0,5349,390
/content/data/Preprocessed CT scans/nCT/nCT9538.jpg,nCT,0,9538,11
/content/data/Preprocessed CT scans/nCT/nCT3502.jpg,nCT,0,3502,68
/content/data/Preprocessed CT scans/nCT/nCT5821.jpg,nCT,0,5821,133
/content/data/Preprocessed CT scans/nCT/nCT4450.jpg,nCT,0,4450,250
/content/data/Preprocessed CT scans/nCT/nCT5409.jpg,nCT,0,5409,167
/content/data/Preprocessed CT scans/nCT/nCT6611.jpg,nCT,0,6611,293
/content/data/Preprocessed CT scans/nCT/nCT4864.jpg,nCT,0,4864,393
/content/data/Preprocessed CT scans/nCT/nCT3484.jpg,nCT,0,3484,210
/content/data/Preprocessed CT scans/nCT/nCT4805.jpg,nCT,0,4805,167
/content/data/Preprocessed CT scans/nCT/nCT5876.jpg,nCT,0,5876,17
/content/data/Preprocessed CT scans/nCT/nCT1128.jpg,nCT,0,1128,186
/content/data/Preprocessed CT scans/nCT/nCT6107.jpg,nCT,0,6107,2
/content/data/Preprocessed CT scans/nCT/nCT8017.jpg,nCT,0,8017,92
/content/data/Preprocessed CT scans/nCT/nCT794.jpg,nCT,0,794,320
/content/data/Preprocessed CT scans/nCT/nCT9963.jpg,nCT,0,9963,129
/content/data/Preprocessed CT scans/nCT/nCT4998.jpg,nCT,0,4998,98
/content/data/Preprocessed CT scans/nCT/nCT4192.jpg,nCT,0,4192,329
/content/data/Preprocessed CT scans/nCT/nCT5418.jpg,nCT,0,5418,234
/content/data/Preprocessed CT scans/nCT/nCT5178.jpg,nCT,0,5178,304
/content/data/Preprocessed CT scans/nCT/nCT5785.jpg,nCT,0,5785,162
/content/data/Preprocessed CT scans/nCT/nCT2348.jpg,nCT,0,2348,347
/content/data/Preprocessed CT scans/nCT/nCT6028.jpg,nCT,0,6028,230
/content/data/Preprocessed CT scans/nCT/nCT406.jpg,nCT,0,406,72
/content/data/Preprocessed CT scans/nCT/nCT9659.jpg,nCT,0,9659,241
/content/data/Preprocessed CT scans/nCT/nCT1729.jpg,nCT,0,1729,268
/content/data/Preprocessed CT scans/nCT/nCT1088.jpg,nCT,0,1088,354
/content/data/Preprocessed CT scans/nCT/nCT131.jpg,nCT,0,131,249
/content/data/Preprocessed CT scans/nCT/nCT6936.jpg,nCT,0,6936,233
/content/data/Preprocessed CT scans/nCT/nCT8429.jpg,nCT,0,8429,70
/content/data/Preprocessed CT scans/nCT/nCT4409.jpg,nCT,0,4409,101
/content/data/Preprocessed CT scans/nCT/nCT2293.jpg,nCT,0,2293,27
/content/data/Preprocessed CT scans/nCT/nCT7473.jpg,nCT,0,7473,318
/content/data/Preprocessed CT scans/nCT/nCT5762.jpg,nCT,0,5762,229
/content/data/Preprocessed CT scans/nCT/nCT2397.jpg,nCT,0,2397,206
/content/data/Preprocessed CT scans/nCT/nCT1627.jpg,nCT,0,1627,165
/content/data/Preprocessed CT scans/nCT/nCT885.jpg,nCT,0,885,320
/content/data/Preprocessed CT scans/nCT/nCT8408.jpg,nCT,0,8408,92
/content/data/Preprocessed CT scans/nCT/nCT8803.jpg,nCT,0,8803,19
/content/data/Preprocessed CT scans/nCT/nCT5730.jpg,nCT,0,5730,393
/content/data/Preprocessed CT scans/nCT/nCT6359.jpg,nCT,0,6359,235
/content/data/Preprocessed CT scans/nCT/nCT1253.jpg,nCT,0,1253,331
/content/data/Preprocessed CT scans/nCT/nCT6286.jpg,nCT,0,6286,105
/content/data/Preprocessed CT scans/nCT/nCT400.jpg,nCT,0,400,6
/content/data/Preprocessed CT scans/nCT/nCT3394.jpg,nCT,0,3394,165
/content/data/Preprocessed CT scans/nCT/nCT2645.jpg,nCT,0,2645,206
/content/data/Preprocessed CT scans/nCT/nCT88.jpg,nCT,0,88,58
/content/data/Preprocessed CT scans/nCT/nCT8897.jpg,nCT,0,8897,373
/content/data/Preprocessed CT scans/nCT/nCT5188.jpg,nCT,0,5188,333
/content/data/Preprocessed CT scans/nCT/nCT9316.jpg,nCT,0,9316,292
/content/data/Preprocessed CT scans/nCT/nCT6465.jpg,nCT,0,6465,156
/content/data/Preprocessed CT scans/nCT/nCT7487.jpg,nCT,0,7487,350
/content/data/Preprocessed CT scans/nCT/nCT7370.jpg,nCT,0,7370,13
/content/data/Preprocessed CT scans/nCT/nCT1542.jpg,nCT,0,1542,175
/content/data/Preprocessed CT scans/nCT/nCT9871.jpg,nCT,0,9871,387
/content/data/Preprocessed CT scans/nCT/nCT8967.jpg,nCT,0,8967,222
/content/data/Preprocessed CT scans/nCT/nCT2847.jpg,nCT,0,2847,339
/content/data/Preprocessed CT scans/nCT/nCT2918.jpg,nCT,0,2918,390
/content/data/Preprocessed CT scans/nCT/nCT3354.jpg,nCT,0,3354,204
/content/data/Preprocessed CT scans/nCT/nCT6140.jpg,nCT,0,6140,236
/content/data/Preprocessed CT scans/nCT/nCT62.jpg,nCT,0,62,333
/content/data/Preprocessed CT scans/nCT/nCT3917.jpg,nCT,0,3917,68
/content/data/Preprocessed CT scans/nCT/nCT5093.jpg,nCT,0,5093,101
/content/data/Preprocessed CT scans/nCT/nCT999.jpg,nCT,0,999,45
/content/data/Preprocessed CT scans/nCT/nCT9880.jpg,nCT,0,9880,247
/content/data/Preprocessed CT scans/nCT/nCT2669.jpg,nCT,0,2669,206
/content/data/Preprocessed CT scans/nCT/nCT5972.jpg,nCT,0,5972,95
/content/data/Preprocessed CT scans/nCT/nCT2853.jpg,nCT,0,2853,25
/content/data/Preprocessed CT scans/nCT/nCT5435.jpg,nCT,0,5435,246
/content/data/Preprocessed CT scans/nCT/nCT2851.jpg,nCT,0,2851,276
/content/data/Preprocessed CT scans/nCT/nCT2621.jpg,nCT,0,2621,347
/content/data/Preprocessed CT scans/nCT/nCT6039.jpg,nCT,0,6039,236
/content/data/Preprocessed CT scans/nCT/nCT2241.jpg,nCT,0,2241,79
/content/data/Preprocessed CT scans/nCT/nCT5365.jpg,nCT,0,5365,350
/content/data/Preprocessed CT scans/nCT/nCT769.jpg,nCT,0,769,231
/content/data/Preprocessed CT scans/nCT/nCT6564.jpg,nCT,0,6564,119
/content/data/Preprocessed CT scans/nCT/nCT7236.jpg,nCT,0,7236,316
/content/data/Preprocessed CT scans/nCT/nCT5565.jpg,nCT,0,5565,102
/content/data/Preprocessed CT scans/nCT/nCT5535.jpg,nCT,0,5535,224
/content/data/Preprocessed CT scans/nCT/nCT321.jpg,nCT,0,321,145
/content/data/Preprocessed CT scans/nCT/nCT6362.jpg,nCT,0,6362,276
/content/data/Preprocessed CT scans/nCT/nCT7134.jpg,nCT,0,7134,91
/content/data/Preprocessed CT scans/nCT/nCT4137.jpg,nCT,0,4137,311
/content/data/Preprocessed CT scans/nCT/nCT5222.jpg,nCT,0,5222,252
/content/data/Preprocessed CT scans/nCT/nCT9118.jpg,nCT,0,9118,247
/content/data/Preprocessed CT scans/nCT/nCT1410.jpg,nCT,0,1410,345
/content/data/Preprocessed CT scans/nCT/nCT6141.jpg,nCT,0,6141,105
/content/data/Preprocessed CT scans/nCT/nCT8775.jpg,nCT,0,8775,255
/content/data/Preprocessed CT scans/nCT/nCT2730.jpg,nCT,0,2730,75
/content/data/Preprocessed CT scans/nCT/nCT1972.jpg,nCT,0,1972,214
/content/data/Preprocessed CT scans/nCT/nCT4922.jpg,nCT,0,4922,354
/content/data/Preprocessed CT scans/nCT/nCT9972.jpg,nCT,0,9972,120
/content/data/Preprocessed CT scans/nCT/nCT6681.jpg,nCT,0,6681,252
/content/data/Preprocessed CT scans/nCT/nCT4768.jpg,nCT,0,4768,299
/content/data/Preprocessed CT scans/nCT/nCT5871.jpg,nCT,0,5871,172
/content/data/Preprocessed CT scans/nCT/nCT6613.jpg,nCT,0,6613,291
/content/data/Preprocessed CT scans/nCT/nCT983.jpg,nCT,0,983,351
/content/data/Preprocessed CT scans/nCT/nCT1662.jpg,nCT,0,1662,40
/content/data/Preprocessed CT scans/nCT/nCT6315.jpg,nCT,0,6315,276
/content/data/Preprocessed CT scans/nCT/nCT5698.jpg,nCT,0,5698,304
/content/data/Preprocessed CT scans/nCT/nCT4866.jpg,nCT,0,4866,42
/content/data/Preprocessed CT scans/nCT/nCT7812.jpg,nCT,0,7812,92
/content/data/Preprocessed CT scans/nCT/nCT7612.jpg,nCT,0,7612,93
/content/data/Preprocessed CT scans/nCT/nCT1678.jpg,nCT,0,1678,208
/content/data/Preprocessed CT scans/nCT/nCT3560.jpg,nCT,0,3560,165
/content/data/Preprocessed CT scans/nCT/nCT7271.jpg,nCT,0,7271,108
/content/data/Preprocessed CT scans/nCT/nCT5555.jpg,nCT,0,5555,141
/content/data/Preprocessed CT scans/nCT/nCT1935.jpg,nCT,0,1935,216
/content/data/Preprocessed CT scans/nCT/nCT1792.jpg,nCT,0,1792,345
/content/data/Preprocessed CT scans/nCT/nCT1489.jpg,nCT,0,1489,16
/content/data/Preprocessed CT scans/nCT/nCT9303.jpg,nCT,0,9303,292
/content/data/Preprocessed CT scans/nCT/nCT1874.jpg,nCT,0,1874,24
/content/data/Preprocessed CT scans/nCT/nCT77.jpg,nCT,0,77,105
/content/data/Preprocessed CT scans/nCT/nCT946.jpg,nCT,0,946,345
/content/data/Preprocessed CT scans/nCT/nCT670.jpg,nCT,0,670,351
/content/data/Preprocessed CT scans/nCT/nCT1344.jpg,nCT,0,1344,208
/content/data/Preprocessed CT scans/nCT/nCT1417.jpg,nCT,0,1417,26
/content/data/Preprocessed CT scans/nCT/nCT797.jpg,nCT,0,797,34
/content/data/Preprocessed CT scans/nCT/nCT5678.jpg,nCT,0,5678,393
/content/data/Preprocessed CT scans/nCT/nCT4586.jpg,nCT,0,4586,13
/content/data/Preprocessed CT scans/nCT/nCT3012.jpg,nCT,0,3012,300
/content/data/Preprocessed CT scans/nCT/nCT2408.jpg,nCT,0,2408,269
/content/data/Preprocessed CT scans/nCT/nCT3496.jpg,nCT,0,3496,60
/content/data/Preprocessed CT scans/nCT/nCT5125.jpg,nCT,0,5125,209
/content/data/Preprocessed CT scans/nCT/nCT106.jpg,nCT,0,106,360
/content/data/Preprocessed CT scans/nCT/nCT7047.jpg,nCT,0,7047,399
/content/data/Preprocessed CT scans/nCT/nCT1220.jpg,nCT,0,1220,335
/content/data/Preprocessed CT scans/nCT/nCT3954.jpg,nCT,0,3954,47
/content/data/Preprocessed CT scans/nCT/nCT9108.jpg,nCT,0,9108,247
/content/data/Preprocessed CT scans/nCT/nCT8099.jpg,nCT,0,8099,274
/content/data/Preprocessed CT scans/nCT/nCT6645.jpg,nCT,0,6645,156
/content/data/Preprocessed CT scans/nCT/nCT6297.jpg,nCT,0,6297,58
/content/data/Preprocessed CT scans/nCT/nCT3526.jpg,nCT,0,3526,209
/content/data/Preprocessed CT scans/nCT/nCT7273.jpg,nCT,0,7273,204
/content/data/Preprocessed CT scans/nCT/nCT1942.jpg,nCT,0,1942,214
/content/data/Preprocessed CT scans/nCT/nCT2955.jpg,nCT,0,2955,354
/content/data/Preprocessed CT scans/nCT/nCT3037.jpg,nCT,0,3037,153
/content/data/Preprocessed CT scans/nCT/nCT4.jpg,nCT,0,4,162
/content/data/Preprocessed CT scans/nCT/nCT4605.jpg,nCT,0,4605,305
/content/data/Preprocessed CT scans/nCT/nCT7097.jpg,nCT,0,7097,386
/content/data/Preprocessed CT scans/nCT/nCT2024.jpg,nCT,0,2024,136
/content/data/Preprocessed CT scans/nCT/nCT3240.jpg,nCT,0,3240,276
/content/data/Preprocessed CT scans/nCT/nCT7129.jpg,nCT,0,7129,91
/content/data/Preprocessed CT scans/nCT/nCT9947.jpg,nCT,0,9947,222
/content/data/Preprocessed CT scans/nCT/nCT5190.jpg,nCT,0,5190,156
/content/data/Preprocessed CT scans/nCT/nCT5396.jpg,nCT,0,5396,386
/content/data/Preprocessed CT scans/nCT/nCT1926.jpg,nCT,0,1926,214
/content/data/Preprocessed CT scans/nCT/nCT5552.jpg,nCT,0,5552,357
/content/data/Preprocessed CT scans/nCT/nCT5567.jpg,nCT,0,5567,130
/content/data/Preprocessed CT scans/nCT/nCT1063.jpg,nCT,0,1063,120
/content/data/Preprocessed CT scans/nCT/nCT4724.jpg,nCT,0,4724,393
/content/data/Preprocessed CT scans/nCT/nCT3071.jpg,nCT,0,3071,298
/content/data/Preprocessed CT scans/nCT/nCT8329.jpg,nCT,0,8329,164
/content/data/Preprocessed CT scans/nCT/nCT3933.jpg,nCT,0,3933,339
/content/data/Preprocessed CT scans/nCT/nCT7717.jpg,nCT,0,7717,151
/content/data/Preprocessed CT scans/nCT/nCT6566.jpg,nCT,0,6566,236
/content/data/Preprocessed CT scans/nCT/nCT7289.jpg,nCT,0,7289,34
/content/data/Preprocessed CT scans/nCT/nCT7728.jpg,nCT,0,7728,151
/content/data/Preprocessed CT scans/nCT/nCT1658.jpg,nCT,0,1658,230
/content/data/Preprocessed CT scans/nCT/nCT3143.jpg,nCT,0,3143,209
/content/data/Preprocessed CT scans/nCT/nCT9424.jpg,nCT,0,9424,88
/content/data/Preprocessed CT scans/nCT/nCT4012.jpg,nCT,0,4012,275
/content/data/Preprocessed CT scans/nCT/nCT5317.jpg,nCT,0,5317,224
/content/data/Preprocessed CT scans/nCT/nCT3936.jpg,nCT,0,3936,197
/content/data/Preprocessed CT scans/nCT/nCT7610.jpg,nCT,0,7610,34
/content/data/Preprocessed CT scans/nCT/nCT4258.jpg,nCT,0,4258,133
/content/data/Preprocessed CT scans/nCT/nCT9196.jpg,nCT,0,9196,91
/content/data/Preprocessed CT scans/nCT/nCT7063.jpg,nCT,0,7063,112
/content/data/Preprocessed CT scans/nCT/nCT1513.jpg,nCT,0,1513,62
/content/data/Preprocessed CT scans/nCT/nCT4134.jpg,nCT,0,4134,100
/content/data/Preprocessed CT scans/nCT/nCT2538.jpg,nCT,0,2538,4
/content/data/Preprocessed CT scans/nCT/nCT393.jpg,nCT,0,393,217
/content/data/Preprocessed CT scans/nCT/nCT5380.jpg,nCT,0,5380,246
/content/data/Preprocessed CT scans/nCT/nCT4457.jpg,nCT,0,4457,47
/content/data/Preprocessed CT scans/nCT/nCT4022.jpg,nCT,0,4022,13
/content/data/Preprocessed CT scans/nCT/nCT8206.jpg,nCT,0,8206,30
/content/data/Preprocessed CT scans/nCT/nCT1293.jpg,nCT,0,1293,304
/content/data/Preprocessed CT scans/nCT/nCT4720.jpg,nCT,0,4720,271
/content/data/Preprocessed CT scans/nCT/nCT1790.jpg,nCT,0,1790,14
/content/data/Preprocessed CT scans/nCT/nCT4757.jpg,nCT,0,4757,383
/content/data/Preprocessed CT scans/nCT/nCT5500.jpg,nCT,0,5500,165
/content/data/Preprocessed CT scans/nCT/nCT9550.jpg,nCT,0,9550,11
/content/data/Preprocessed CT scans/nCT/nCT9163.jpg,nCT,0,9163,222
/content/data/Preprocessed CT scans/nCT/nCT7353.jpg,nCT,0,7353,386
/content/data/Preprocessed CT scans/nCT/nCT2084.jpg,nCT,0,2084,143
/content/data/Preprocessed CT scans/nCT/nCT9023.jpg,nCT,0,9023,255
/content/data/Preprocessed CT scans/nCT/nCT5467.jpg,nCT,0,5467,393
/content/data/Preprocessed CT scans/nCT/nCT4357.jpg,nCT,0,4357,284
/content/data/Preprocessed CT scans/nCT/nCT9624.jpg,nCT,0,9624,41
/content/data/Preprocessed CT scans/nCT/nCT3661.jpg,nCT,0,3661,47
/content/data/Preprocessed CT scans/nCT/nCT8742.jpg,nCT,0,8742,19
/content/data/Preprocessed CT scans/nCT/nCT1289.jpg,nCT,0,1289,345
/content/data/Preprocessed CT scans/nCT/nCT5472.jpg,nCT,0,5472,234
/content/data/Preprocessed CT scans/nCT/nCT5048.jpg,nCT,0,5048,47
/content/data/Preprocessed CT scans/nCT/nCT1539.jpg,nCT,0,1539,268
/content/data/Preprocessed CT scans/nCT/nCT5227.jpg,nCT,0,5227,209
/content/data/Preprocessed CT scans/nCT/nCT3047.jpg,nCT,0,3047,275
/content/data/Preprocessed CT scans/nCT/nCT3348.jpg,nCT,0,3348,298
/content/data/Preprocessed CT scans/nCT/nCT11.jpg,nCT,0,11,58
/content/data/Preprocessed CT scans/nCT/nCT8894.jpg,nCT,0,8894,373
/content/data/Preprocessed CT scans/nCT/nCT7732.jpg,nCT,0,7732,160
/content/data/Preprocessed CT scans/nCT/nCT2557.jpg,nCT,0,2557,347
/content/data/Preprocessed CT scans/nCT/nCT6904.jpg,nCT,0,6904,75
/content/data/Preprocessed CT scans/nCT/nCT6991.jpg,nCT,0,6991,333
/content/data/Preprocessed CT scans/nCT/nCT3229.jpg,nCT,0,3229,132
/content/data/Preprocessed CT scans/nCT/nCT9534.jpg,nCT,0,9534,11
/content/data/Preprocessed CT scans/nCT/nCT2546.jpg,nCT,0,2546,4
/content/data/Preprocessed CT scans/nCT/nCT8926.jpg,nCT,0,8926,373
/content/data/Preprocessed CT scans/nCT/nCT8163.jpg,nCT,0,8163,190
/content/data/Preprocessed CT scans/nCT/nCT5391.jpg,nCT,0,5391,165
/content/data/Preprocessed CT scans/nCT/nCT4397.jpg,nCT,0,4397,277
/content/data/Preprocessed CT scans/nCT/nCT6623.jpg,nCT,0,6623,338
/content/data/Preprocessed CT scans/nCT/nCT7101.jpg,nCT,0,7101,386
/content/data/Preprocessed CT scans/nCT/nCT9581.jpg,nCT,0,9581,389
/content/data/Preprocessed CT scans/nCT/nCT3290.jpg,nCT,0,3290,334
/content/data/Preprocessed CT scans/nCT/nCT2447.jpg,nCT,0,2447,269
/content/data/Preprocessed CT scans/nCT/nCT5105.jpg,nCT,0,5105,165
/content/data/Preprocessed CT scans/nCT/nCT3507.jpg,nCT,0,3507,318
/content/data/Preprocessed CT scans/nCT/nCT2761.jpg,nCT,0,2761,390
/content/data/Preprocessed CT scans/nCT/nCT4063.jpg,nCT,0,4063,34
/content/data/Preprocessed CT scans/nCT/nCT2935.jpg,nCT,0,2935,275
/content/data/Preprocessed CT scans/nCT/nCT5348.jpg,nCT,0,5348,102
/content/data/Preprocessed CT scans/nCT/nCT8451.jpg,nCT,0,8451,103
/content/data/Preprocessed CT scans/nCT/nCT5277.jpg,nCT,0,5277,246
/content/data/Preprocessed CT scans/nCT/nCT6428.jpg,nCT,0,6428,136
/content/data/Preprocessed CT scans/nCT/nCT7274.jpg,nCT,0,7274,68
/content/data/Preprocessed CT scans/nCT/nCT5863.jpg,nCT,0,5863,304
/content/data/Preprocessed CT scans/nCT/nCT1023.jpg,nCT,0,1023,261
/content/data/Preprocessed CT scans/nCT/nCT8885.jpg,nCT,0,8885,373
/content/data/Preprocessed CT scans/nCT/nCT6753.jpg,nCT,0,6753,217
/content/data/Preprocessed CT scans/nCT/nCT5591.jpg,nCT,0,5591,58
/content/data/Preprocessed CT scans/nCT/nCT3373.jpg,nCT,0,3373,291
/content/data/Preprocessed CT scans/nCT/nCT3833.jpg,nCT,0,3833,275
/content/data/Preprocessed CT scans/nCT/nCT6737.jpg,nCT,0,6737,236
/content/data/Preprocessed CT scans/nCT/nCT3649.jpg,nCT,0,3649,390
/content/data/Preprocessed CT scans/nCT/nCT1049.jpg,nCT,0,1049,249
/content/data/Preprocessed CT scans/nCT/nCT3804.jpg,nCT,0,3804,209
/content/data/Preprocessed CT scans/nCT/nCT8998.jpg,nCT,0,8998,106
/content/data/Preprocessed CT scans/nCT/nCT9826.jpg,nCT,0,9826,256
/content/data/Preprocessed CT scans/nCT/nCT9429.jpg,nCT,0,9429,65
/content/data/Preprocessed CT scans/nCT/nCT9557.jpg,nCT,0,9557,11
/content/data/Preprocessed CT scans/nCT/nCT1421.jpg,nCT,0,1421,56
/content/data/Preprocessed CT scans/nCT/nCT7178.jpg,nCT,0,7178,25
/content/data/Preprocessed CT scans/nCT/nCT3821.jpg,nCT,0,3821,386
/content/data/Preprocessed CT scans/nCT/nCT1002.jpg,nCT,0,1002,345
/content/data/Preprocessed CT scans/nCT/nCT6748.jpg,nCT,0,6748,293
/content/data/Preprocessed CT scans/nCT/nCT9757.jpg,nCT,0,9757,203
/content/data/Preprocessed CT scans/nCT/nCT3048.jpg,nCT,0,3048,68
/content/data/Preprocessed CT scans/nCT/nCT3908.jpg,nCT,0,3908,174
/content/data/Preprocessed CT scans/nCT/nCT8465.jpg,nCT,0,8465,103
/content/data/Preprocessed CT scans/nCT/nCT2183.jpg,nCT,0,2183,323
/content/data/Preprocessed CT scans/nCT/nCT9386.jpg,nCT,0,9386,390
/content/data/Preprocessed CT scans/nCT/nCT8561.jpg,nCT,0,8561,361
/content/data/Preprocessed CT scans/nCT/nCT6433.jpg,nCT,0,6433,334
/content/data/Preprocessed CT scans/nCT/nCT8966.jpg,nCT,0,8966,222
/content/data/Preprocessed CT scans/nCT/nCT3656.jpg,nCT,0,3656,47
/content/data/Preprocessed CT scans/nCT/nCT8842.jpg,nCT,0,8842,135
/content/data/Preprocessed CT scans/nCT/nCT5967.jpg,nCT,0,5967,304
/content/data/Preprocessed CT scans/nCT/nCT8210.jpg,nCT,0,8210,92
/content/data/Preprocessed CT scans/nCT/nCT7618.jpg,nCT,0,7618,108
/content/data/Preprocessed CT scans/nCT/nCT1618.jpg,nCT,0,1618,40
/content/data/Preprocessed CT scans/nCT/nCT1219.jpg,nCT,0,1219,165
/content/data/Preprocessed CT scans/nCT/nCT1794.jpg,nCT,0,1794,230
/content/data/Preprocessed CT scans/nCT/nCT3997.jpg,nCT,0,3997,197
/content/data/Preprocessed CT scans/nCT/nCT9309.jpg,nCT,0,9309,292
/content/data/Preprocessed CT scans/nCT/nCT1209.jpg,nCT,0,1209,165
/content/data/Preprocessed CT scans/nCT/nCT6241.jpg,nCT,0,6241,162
/content/data/Preprocessed CT scans/nCT/nCT2034.jpg,nCT,0,2034,158
/content/data/Preprocessed CT scans/nCT/nCT1683.jpg,nCT,0,1683,40
/content/data/Preprocessed CT scans/nCT/nCT157.jpg,nCT,0,157,56
/content/data/Preprocessed CT scans/nCT/nCT4915.jpg,nCT,0,4915,112
/content/data/Preprocessed CT scans/nCT/nCT9406.jpg,nCT,0,9406,65
/content/data/Preprocessed CT scans/nCT/nCT2834.jpg,nCT,0,2834,75
/content/data/Preprocessed CT scans/nCT/nCT1050.jpg,nCT,0,1050,261
/content/data/Preprocessed CT scans/nCT/nCT8177.jpg,nCT,0,8177,380
/content/data/Preprocessed CT scans/nCT/nCT4016.jpg,nCT,0,4016,209
/content/data/Preprocessed CT scans/nCT/nCT1041.jpg,nCT,0,1041,72
/content/data/Preprocessed CT scans/nCT/nCT8203.jpg,nCT,0,8203,30
/content/data/Preprocessed CT scans/nCT/nCT3782.jpg,nCT,0,3782,165
/content/data/Preprocessed CT scans/nCT/nCT1502.jpg,nCT,0,1502,345
/content/data/Preprocessed CT scans/nCT/nCT3669.jpg,nCT,0,3669,386
/content/data/Preprocessed CT scans/nCT/nCT2389.jpg,nCT,0,2389,269
/content/data/Preprocessed CT scans/nCT/nCT2985.jpg,nCT,0,2985,275
/content/data/Preprocessed CT scans/nCT/nCT4696.jpg,nCT,0,4696,78
/content/data/Preprocessed CT scans/nCT/nCT8824.jpg,nCT,0,8824,242
/content/data/Preprocessed CT scans/nCT/nCT8552.jpg,nCT,0,8552,242
/content/data/Preprocessed CT scans/nCT/nCT1234.jpg,nCT,0,1234,165
/content/data/Preprocessed CT scans/nCT/nCT7394.jpg,nCT,0,7394,204
/content/data/Preprocessed CT scans/nCT/nCT415.jpg,nCT,0,415,34
/content/data/Preprocessed CT scans/nCT/nCT4613.jpg,nCT,0,4613,354
/content/data/Preprocessed CT scans/nCT/nCT3425.jpg,nCT,0,3425,329
/content/data/Preprocessed CT scans/nCT/nCT5377.jpg,nCT,0,5377,350
/content/data/Preprocessed CT scans/nCT/nCT4602.jpg,nCT,0,4602,34
/content/data/Preprocessed CT scans/nCT/nCT4883.jpg,nCT,0,4883,334
/content/data/Preprocessed CT scans/nCT/nCT8810.jpg,nCT,0,8810,19
/content/data/Preprocessed CT scans/nCT/nCT83.jpg,nCT,0,83,56
/content/data/Preprocessed CT scans/nCT/nCT764.jpg,nCT,0,764,320
/content/data/Preprocessed CT scans/nCT/nCT6792.jpg,nCT,0,6792,119
/content/data/Preprocessed CT scans/nCT/nCT4902.jpg,nCT,0,4902,98
/content/data/Preprocessed CT scans/nCT/nCT4360.jpg,nCT,0,4360,98
/content/data/Preprocessed CT scans/nCT/nCT1328.jpg,nCT,0,1328,186
/content/data/Preprocessed CT scans/nCT/nCT9111.jpg,nCT,0,9111,247
/content/data/Preprocessed CT scans/nCT/nCT7078.jpg,nCT,0,7078,25
/content/data/Preprocessed CT scans/nCT/nCT384.jpg,nCT,0,384,261
/content/data/Preprocessed CT scans/nCT/nCT1724.jpg,nCT,0,1724,186
/content/data/Preprocessed CT scans/nCT/nCT4722.jpg,nCT,0,4722,284
/content/data/Preprocessed CT scans/nCT/nCT252.jpg,nCT,0,252,360
/content/data/Preprocessed CT scans/nCT/nCT6522.jpg,nCT,0,6522,236
/content/data/Preprocessed CT scans/nCT/nCT7771.jpg,nCT,0,7771,253
/content/data/Preprocessed CT scans/nCT/nCT9669.jpg,nCT,0,9669,243
/content/data/Preprocessed CT scans/nCT/nCT740.jpg,nCT,0,740,72
/content/data/Preprocessed CT scans/nCT/nCT6216.jpg,nCT,0,6216,172
/content/data/Preprocessed CT scans/nCT/nCT5911.jpg,nCT,0,5911,355
/content/data/Preprocessed CT scans/nCT/nCT1106.jpg,nCT,0,1106,234
/content/data/Preprocessed CT scans/nCT/nCT1291.jpg,nCT,0,1291,208
/content/data/Preprocessed CT scans/nCT/nCT9002.jpg,nCT,0,9002,106
/content/data/Preprocessed CT scans/nCT/nCT5153.jpg,nCT,0,5153,109
/content/data/Preprocessed CT scans/nCT/nCT9308.jpg,nCT,0,9308,292
/content/data/Preprocessed CT scans/nCT/nCT6463.jpg,nCT,0,6463,102
/content/data/Preprocessed CT scans/nCT/nCT9745.jpg,nCT,0,9745,38
/content/data/Preprocessed CT scans/nCT/nCT2797.jpg,nCT,0,2797,60
/content/data/Preprocessed CT scans/nCT/nCT3393.jpg,nCT,0,3393,75
/content/data/Preprocessed CT scans/nCT/nCT3493.jpg,nCT,0,3493,390
/content/data/Preprocessed CT scans/nCT/nCT9569.jpg,nCT,0,9569,78
/content/data/Preprocessed CT scans/nCT/nCT4056.jpg,nCT,0,4056,329
/content/data/Preprocessed CT scans/nCT/nCT5939.jpg,nCT,0,5939,105
/content/data/Preprocessed CT scans/nCT/nCT199.jpg,nCT,0,199,9
/content/data/Preprocessed CT scans/nCT/nCT4108.jpg,nCT,0,4108,271
/content/data/Preprocessed CT scans/nCT/nCT8023.jpg,nCT,0,8023,92
/content/data/Preprocessed CT scans/nCT/nCT190.jpg,nCT,0,190,308
/content/data/Preprocessed CT scans/nCT/nCT1890.jpg,nCT,0,1890,268
/content/data/Preprocessed CT scans/nCT/nCT9759.jpg,nCT,0,9759,203
/content/data/Preprocessed CT scans/nCT/nCT3996.jpg,nCT,0,3996,329
/content/data/Preprocessed CT scans/nCT/nCT5428.jpg,nCT,0,5428,2
/content/data/Preprocessed CT scans/nCT/nCT8357.jpg,nCT,0,8357,164
/content/data/Preprocessed CT scans/nCT/nCT1988.jpg,nCT,0,1988,40
/content/data/Preprocessed CT scans/nCT/nCT3159.jpg,nCT,0,3159,68
/content/data/Preprocessed CT scans/nCT/nCT2434.jpg,nCT,0,2434,306
/content/data/Preprocessed CT scans/nCT/nCT8852.jpg,nCT,0,8852,135
/content/data/Preprocessed CT scans/nCT/nCT8153.jpg,nCT,0,8153,190
/content/data/Preprocessed CT scans/nCT/nCT6556.jpg,nCT,0,6556,334
/content/data/Preprocessed CT scans/nCT/nCT2505.jpg,nCT,0,2505,341
/content/data/Preprocessed CT scans/nCT/nCT3460.jpg,nCT,0,3460,390
/content/data/Preprocessed CT scans/nCT/nCT1968.jpg,nCT,0,1968,62
/content/data/Preprocessed CT scans/nCT/nCT5980.jpg,nCT,0,5980,165
/content/data/Preprocessed CT scans/nCT/nCT1037.jpg,nCT,0,1037,351
/content/data/Preprocessed CT scans/nCT/nCT8002.jpg,nCT,0,8002,253
/content/data/Preprocessed CT scans/nCT/nCT6446.jpg,nCT,0,6446,333
/content/data/Preprocessed CT scans/nCT/nCT9777.jpg,nCT,0,9777,3
/content/data/Preprocessed CT scans/nCT/nCT7432.jpg,nCT,0,7432,91
/content/data/Preprocessed CT scans/nCT/nCT3186.jpg,nCT,0,3186,60
/content/data/Preprocessed CT scans/nCT/nCT2785.jpg,nCT,0,2785,329
/content/data/Preprocessed CT scans/nCT/nCT1252.jpg,nCT,0,1252,56
/content/data/Preprocessed CT scans/nCT/nCT292.jpg,nCT,0,292,240
/content/data/Preprocessed CT scans/nCT/nCT1567.jpg,nCT,0,1567,120
/content/data/Preprocessed CT scans/nCT/nCT3026.jpg,nCT,0,3026,25
/content/data/Preprocessed CT scans/nCT/nCT653.jpg,nCT,0,653,331
/content/data/Preprocessed CT scans/nCT/nCT2537.jpg,nCT,0,2537,347
/content/data/Preprocessed CT scans/nCT/nCT5923.jpg,nCT,0,5923,233
/content/data/Preprocessed CT scans/nCT/nCT6699.jpg,nCT,0,6699,119
/content/data/Preprocessed CT scans/nCT/nCT4994.jpg,nCT,0,4994,357
/content/data/Preprocessed CT scans/nCT/nCT886.jpg,nCT,0,886,345
/content/data/Preprocessed CT scans/nCT/nCT2363.jpg,nCT,0,2363,27
/content/data/Preprocessed CT scans/nCT/nCT2659.jpg,nCT,0,2659,206
/content/data/Preprocessed CT scans/nCT/nCT347.jpg,nCT,0,347,249
/content/data/Preprocessed CT scans/nCT/nCT4791.jpg,nCT,0,4791,386
/content/data/Preprocessed CT scans/nCT/nCT7008.jpg,nCT,0,7008,6
/content/data/Preprocessed CT scans/nCT/nCT925.jpg,nCT,0,925,351
/content/data/Preprocessed CT scans/nCT/nCT1940.jpg,nCT,0,1940,268
/content/data/Preprocessed CT scans/nCT/nCT6640.jpg,nCT,0,6640,199
/content/data/Preprocessed CT scans/nCT/nCT8192.jpg,nCT,0,8192,30
/content/data/Preprocessed CT scans/nCT/nCT2418.jpg,nCT,0,2418,81
/content/data/Preprocessed CT scans/nCT/nCT1378.jpg,nCT,0,1378,273
/content/data/Preprocessed CT scans/nCT/nCT8964.jpg,nCT,0,8964,222
/content/data/Preprocessed CT scans/nCT/nCT3517.jpg,nCT,0,3517,271
/content/data/Preprocessed CT scans/nCT/nCT3628.jpg,nCT,0,3628,108
/content/data/Preprocessed CT scans/nCT/nCT3927.jpg,nCT,0,3927,172
/content/data/Preprocessed CT scans/nCT/nCT2529.jpg,nCT,0,2529,282
/content/data/Preprocessed CT scans/nCT/nCT4818.jpg,nCT,0,4818,272
/content/data/Preprocessed CT scans/nCT/nCT5978.jpg,nCT,0,5978,133
/content/data/Preprocessed CT scans/nCT/nCT2170.jpg,nCT,0,2170,347
/content/data/Preprocessed CT scans/nCT/nCT4074.jpg,nCT,0,4074,195
/content/data/Preprocessed CT scans/nCT/nCT8161.jpg,nCT,0,8161,190
/content/data/Preprocessed CT scans/nCT/nCT4564.jpg,nCT,0,4564,252
/content/data/Preprocessed CT scans/nCT/nCT4871.jpg,nCT,0,4871,277
/content/data/Preprocessed CT scans/nCT/nCT4086.jpg,nCT,0,4086,235
/content/data/Preprocessed CT scans/nCT/nCT9545.jpg,nCT,0,9545,11
/content/data/Preprocessed CT scans/nCT/nCT4589.jpg,nCT,0,4589,300
/content/data/Preprocessed CT scans/nCT/nCT1607.jpg,nCT,0,1607,24
/content/data/Preprocessed CT scans/nCT/nCT4095.jpg,nCT,0,4095,195
/content/data/Preprocessed CT scans/nCT/nCT5441.jpg,nCT,0,5441,304
/content/data/Preprocessed CT scans/nCT/nCT9686.jpg,nCT,0,9686,243
/content/data/Preprocessed CT scans/nCT/nCT8800.jpg,nCT,0,8800,19
/content/data/Preprocessed CT scans/nCT/nCT7343.jpg,nCT,0,7343,96
/content/data/Preprocessed CT scans/nCT/nCT152.jpg,nCT,0,152,72
/content/data/Preprocessed CT scans/nCT/nCT8413.jpg,nCT,0,8413,92
/content/data/Preprocessed CT scans/nCT/nCT6606.jpg,nCT,0,6606,162
/content/data/Preprocessed CT scans/nCT/nCT4124.jpg,nCT,0,4124,252
/content/data/Preprocessed CT scans/nCT/nCT2319.jpg,nCT,0,2319,269
/content/data/Preprocessed CT scans/nCT/nCT4776.jpg,nCT,0,4776,91
/content/data/Preprocessed CT scans/nCT/nCT9098.jpg,nCT,0,9098,373
/content/data/Preprocessed CT scans/nCT/nCT2265.jpg,nCT,0,2265,333
/content/data/Preprocessed CT scans/nCT/nCT356.jpg,nCT,0,356,145
/content/data/Preprocessed CT scans/nCT/nCT9322.jpg,nCT,0,9322,389
/content/data/Preprocessed CT scans/nCT/nCT2371.jpg,nCT,0,2371,79
/content/data/Preprocessed CT scans/nCT/nCT2380.jpg,nCT,0,2380,142
/content/data/Preprocessed CT scans/nCT/nCT6915.jpg,nCT,0,6915,390
/content/data/Preprocessed CT scans/nCT/nCT8904.jpg,nCT,0,8904,373
/content/data/Preprocessed CT scans/nCT/nCT3258.jpg,nCT,0,3258,93
/content/data/Preprocessed CT scans/nCT/nCT9311.jpg,nCT,0,9311,292
/content/data/Preprocessed CT scans/nCT/nCT905.jpg,nCT,0,905,58
/content/data/Preprocessed CT scans/nCT/nCT6061.jpg,nCT,0,6061,91
/content/data/Preprocessed CT scans/nCT/nCT1694.jpg,nCT,0,1694,175
/content/data/Preprocessed CT scans/nCT/nCT5893.jpg,nCT,0,5893,13
/content/data/Preprocessed CT scans/nCT/nCT5865.jpg,nCT,0,5865,357
/content/data/Preprocessed CT scans/nCT/nCT9415.jpg,nCT,0,9415,88
/content/data/Preprocessed CT scans/nCT/nCT606.jpg,nCT,0,606,224
/content/data/Preprocessed CT scans/nCT/nCT9484.jpg,nCT,0,9484,241
/content/data/Preprocessed CT scans/nCT/nCT3181.jpg,nCT,0,3181,234
/content/data/Preprocessed CT scans/nCT/nCT4652.jpg,nCT,0,4652,174
/content/data/Preprocessed CT scans/nCT/nCT2066.jpg,nCT,0,2066,141
/content/data/Preprocessed CT scans/nCT/nCT5782.jpg,nCT,0,5782,209
/content/data/Preprocessed CT scans/nCT/nCT2112.jpg,nCT,0,2112,79
/content/data/Preprocessed CT scans/nCT/nCT3146.jpg,nCT,0,3146,112
/content/data/Preprocessed CT scans/nCT/nCT1278.jpg,nCT,0,1278,331
/content/data/Preprocessed CT scans/nCT/nCT8477.jpg,nCT,0,8477,103
/content/data/Preprocessed CT scans/nCT/nCT6154.jpg,nCT,0,6154,217
/content/data/Preprocessed CT scans/nCT/nCT1162.jpg,nCT,0,1162,120
/content/data/Preprocessed CT scans/nCT/nCT9085.jpg,nCT,0,9085,19
/content/data/Preprocessed CT scans/nCT/nCT7444.jpg,nCT,0,7444,34
/content/data/Preprocessed CT scans/nCT/nCT8213.jpg,nCT,0,8213,382
/content/data/Preprocessed CT scans/nCT/nCT1212.jpg,nCT,0,1212,120
/content/data/Preprocessed CT scans/nCT/nCT2983.jpg,nCT,0,2983,209
/content/data/Preprocessed CT scans/nCT/nCT3778.jpg,nCT,0,3778,47
/content/data/Preprocessed CT scans/nCT/nCT6411.jpg,nCT,0,6411,133
/content/data/Preprocessed CT scans/nCT/nCT3401.jpg,nCT,0,3401,277
/content/data/Preprocessed CT scans/nCT/nCT6704.jpg,nCT,0,6704,91
/content/data/Preprocessed CT scans/nCT/nCT2792.jpg,nCT,0,2792,234
/content/data/Preprocessed CT scans/nCT/nCT2677.jpg,nCT,0,2677,206
/content/data/Preprocessed CT scans/nCT/nCT7854.jpg,nCT,0,7854,365
/content/data/Preprocessed CT scans/nCT/nCT6282.jpg,nCT,0,6282,156
/content/data/Preprocessed CT scans/nCT/nCT5404.jpg,nCT,0,5404,282
/content/data/Preprocessed CT scans/nCT/nCT297.jpg,nCT,0,297,105
/content/data/Preprocessed CT scans/nCT/nCT678.jpg,nCT,0,678,108
/content/data/Preprocessed CT scans/nCT/nCT6323.jpg,nCT,0,6323,2
/content/data/Preprocessed CT scans/nCT/nCT5469.jpg,nCT,0,5469,42
/content/data/Preprocessed CT scans/nCT/nCT248.jpg,nCT,0,248,129
/content/data/Preprocessed CT scans/nCT/nCT4240.jpg,nCT,0,4240,261
/content/data/Preprocessed CT scans/nCT/nCT4377.jpg,nCT,0,4377,354
/content/data/Preprocessed CT scans/nCT/nCT1840.jpg,nCT,0,1840,14
/content/data/Preprocessed CT scans/nCT/nCT6553.jpg,nCT,0,6553,34
/content/data/Preprocessed CT scans/nCT/nCT1207.jpg,nCT,0,1207,273
/content/data/Preprocessed CT scans/nCT/nCT4689.jpg,nCT,0,4689,91
/content/data/Preprocessed CT scans/nCT/nCT1916.jpg,nCT,0,1916,40
/content/data/Preprocessed CT scans/nCT/nCT8397.jpg,nCT,0,8397,149
/content/data/Preprocessed CT scans/nCT/nCT8666.jpg,nCT,0,8666,121
/content/data/Preprocessed CT scans/nCT/nCT3342.jpg,nCT,0,3342,96
/content/data/Preprocessed CT scans/nCT/nCT2349.jpg,nCT,0,2349,269
/content/data/Preprocessed CT scans/nCT/nCT4822.jpg,nCT,0,4822,299
/content/data/Preprocessed CT scans/nCT/nCT5337.jpg,nCT,0,5337,141
/content/data/Preprocessed CT scans/nCT/nCT368.jpg,nCT,0,368,72
/content/data/Preprocessed CT scans/nCT/nCT1700.jpg,nCT,0,1700,335
/content/data/Preprocessed CT scans/nCT/nCT6765.jpg,nCT,0,6765,333
/content/data/Preprocessed CT scans/nCT/nCT5120.jpg,nCT,0,5120,109
/content/data/Preprocessed CT scans/nCT/nCT7105.jpg,nCT,0,7105,93
/content/data/Preprocessed CT scans/nCT/nCT7340.jpg,nCT,0,7340,339
/content/data/Preprocessed CT scans/nCT/nCT8743.jpg,nCT,0,8743,19
/content/data/Preprocessed CT scans/nCT/nCT3338.jpg,nCT,0,3338,305
/content/data/Preprocessed CT scans/nCT/nCT1608.jpg,nCT,0,1608,14
/content/data/Preprocessed CT scans/nCT/nCT9556.jpg,nCT,0,9556,11
/content/data/Preprocessed CT scans/nCT/nCT4104.jpg,nCT,0,4104,209
/content/data/Preprocessed CT scans/nCT/nCT9461.jpg,nCT,0,9461,88
/content/data/Preprocessed CT scans/nCT/nCT629.jpg,nCT,0,629,360
/content/data/Preprocessed CT scans/nCT/nCT5357.jpg,nCT,0,5357,105
/content/data/Preprocessed CT scans/nCT/nCT569.jpg,nCT,0,569,351
/content/data/Preprocessed CT scans/nCT/nCT1497.jpg,nCT,0,1497,268
/content/data/Preprocessed CT scans/nCT/nCT4463.jpg,nCT,0,4463,91
/content/data/Preprocessed CT scans/nCT/nCT1997.jpg,nCT,0,1997,136
/content/data/Preprocessed CT scans/nCT/nCT5858.jpg,nCT,0,5858,110
/content/data/Preprocessed CT scans/nCT/nCT6232.jpg,nCT,0,6232,102
/content/data/Preprocessed CT scans/nCT/nCT1568.jpg,nCT,0,1568,214
/content/data/Preprocessed CT scans/nCT/nCT640.jpg,nCT,0,640,72
/content/data/Preprocessed CT scans/nCT/nCT9463.jpg,nCT,0,9463,88
/content/data/Preprocessed CT scans/nCT/nCT7151.jpg,nCT,0,7151,96
/content/data/Preprocessed CT scans/nCT/nCT7856.jpg,nCT,0,7856,365
/content/data/Preprocessed CT scans/nCT/nCT8340.jpg,nCT,0,8340,164
/content/data/Preprocessed CT scans/nCT/nCT6289.jpg,nCT,0,6289,162
/content/data/Preprocessed CT scans/nCT/nCT9675.jpg,nCT,0,9675,243
/content/data/Preprocessed CT scans/nCT/nCT5963.jpg,nCT,0,5963,110
/content/data/Preprocessed CT scans/nCT/nCT7945.jpg,nCT,0,7945,242
/content/data/Preprocessed CT scans/nCT/nCT8073.jpg,nCT,0,8073,88
/content/data/Preprocessed CT scans/nCT/nCT3966.jpg,nCT,0,3966,300
/content/data/Preprocessed CT scans/nCT/nCT1380.jpg,nCT,0,1380,165
/content/data/Preprocessed CT scans/nCT/nCT9475.jpg,nCT,0,9475,88
/content/data/Preprocessed CT scans/nCT/nCT4079.jpg,nCT,0,4079,386
/content/data/Preprocessed CT scans/nCT/nCT3829.jpg,nCT,0,3829,100
/content/data/Preprocessed CT scans/nCT/nCT1929.jpg,nCT,0,1929,136
/content/data/Preprocessed CT scans/nCT/nCT2736.jpg,nCT,0,2736,350
/content/data/Preprocessed CT scans/nCT/nCT3538.jpg,nCT,0,3538,96
/content/data/Preprocessed CT scans/nCT/nCT6047.jpg,nCT,0,6047,21
/content/data/Preprocessed CT scans/nCT/nCT8992.jpg,nCT,0,8992,106
/content/data/Preprocessed CT scans/nCT/nCT7702.jpg,nCT,0,7702,368
/content/data/Preprocessed CT scans/nCT/nCT8566.jpg,nCT,0,8566,361
/content/data/Preprocessed CT scans/nCT/nCT742.jpg,nCT,0,742,72
/content/data/Preprocessed CT scans/nCT/nCT9298.jpg,nCT,0,9298,292
/content/data/Preprocessed CT scans/nCT/nCT8627.jpg,nCT,0,8627,19
/content/data/Preprocessed CT scans/nCT/nCT7815.jpg,nCT,0,7815,92
/content/data/Preprocessed CT scans/nCT/nCT1025.jpg,nCT,0,1025,301
/content/data/Preprocessed CT scans/nCT/nCT1449.jpg,nCT,0,1449,249
/content/data/Preprocessed CT scans/nCT/nCT6402.jpg,nCT,0,6402,276
/content/data/Preprocessed CT scans/nCT/nCT7701.jpg,nCT,0,7701,368
/content/data/Preprocessed CT scans/nCT/nCT8999.jpg,nCT,0,8999,106
/content/data/Preprocessed CT scans/nCT/nCT1872.jpg,nCT,0,1872,268
/content/data/Preprocessed CT scans/nCT/nCT5313.jpg,nCT,0,5313,83
/content/data/Preprocessed CT scans/nCT/nCT9593.jpg,nCT,0,9593,370
/content/data/Preprocessed CT scans/nCT/nCT4769.jpg,nCT,0,4769,300
/content/data/Preprocessed CT scans/nCT/nCT6016.jpg,nCT,0,6016,354
/content/data/Preprocessed CT scans/nCT/nCT5914.jpg,nCT,0,5914,304
/content/data/Preprocessed CT scans/nCT/nCT1281.jpg,nCT,0,1281,273
/content/data/Preprocessed CT scans/nCT/nCT9420.jpg,nCT,0,9420,88
/content/data/Preprocessed CT scans/nCT/nCT9568.jpg,nCT,0,9568,78
/content/data/Preprocessed CT scans/nCT/nCT4141.jpg,nCT,0,4141,100
/content/data/Preprocessed CT scans/nCT/nCT8286.jpg,nCT,0,8286,28
/content/data/Preprocessed CT scans/nCT/nCT8107.jpg,nCT,0,8107,274
/content/data/Preprocessed CT scans/nCT/nCT4544.jpg,nCT,0,4544,284
/content/data/Preprocessed CT scans/nCT/nCT6414.jpg,nCT,0,6414,399
/content/data/Preprocessed CT scans/nCT/nCT1069.jpg,nCT,0,1069,72
/content/data/Preprocessed CT scans/nCT/nCT9879.jpg,nCT,0,9879,247
/content/data/Preprocessed CT scans/nCT/nCT4668.jpg,nCT,0,4668,383
/content/data/Preprocessed CT scans/nCT/nCT8386.jpg,nCT,0,8386,149
/content/data/Preprocessed CT scans/nCT/nCT8022.jpg,nCT,0,8022,92
/content/data/Preprocessed CT scans/nCT/nCT404.jpg,nCT,0,404,72
/content/data/Preprocessed CT scans/nCT/nCT4617.jpg,nCT,0,4617,83
/content/data/Preprocessed CT scans/nCT/nCT1920.jpg,nCT,0,1920,143
/content/data/Preprocessed CT scans/nCT/nCT1772.jpg,nCT,0,1772,345
/content/data/Preprocessed CT scans/nCT/nCT4211.jpg,nCT,0,4211,235
/content/data/Preprocessed CT scans/nCT/nCT74.jpg,nCT,0,74,6
/content/data/Preprocessed CT scans/nCT/nCT6842.jpg,nCT,0,6842,291
/content/data/Preprocessed CT scans/nCT/nCT8156.jpg,nCT,0,8156,190
/content/data/Preprocessed CT scans/nCT/nCT1773.jpg,nCT,0,1773,208
/content/data/Preprocessed CT scans/nCT/nCT3998.jpg,nCT,0,3998,195
/content/data/Preprocessed CT scans/nCT/nCT9965.jpg,nCT,0,9965,129
/content/data/Preprocessed CT scans/nCT/nCT1301.jpg,nCT,0,1301,56
/content/data/Preprocessed CT scans/nCT/nCT6401.jpg,nCT,0,6401,333
/content/data/Preprocessed CT scans/nCT/nCT3551.jpg,nCT,0,3551,25
/content/data/Preprocessed CT scans/nCT/nCT2423.jpg,nCT,0,2423,269
/content/data/Preprocessed CT scans/nCT/nCT4941.jpg,nCT,0,4941,96
/content/data/Preprocessed CT scans/nCT/nCT6797.jpg,nCT,0,6797,291
/content/data/Preprocessed CT scans/nCT/nCT2753.jpg,nCT,0,2753,93
/content/data/Preprocessed CT scans/nCT/nCT7160.jpg,nCT,0,7160,75
/content/data/Preprocessed CT scans/nCT/nCT9324.jpg,nCT,0,9324,389
/content/data/Preprocessed CT scans/nCT/nCT9390.jpg,nCT,0,9390,390
/content/data/Preprocessed CT scans/nCT/nCT854.jpg,nCT,0,854,93
/content/data/Preprocessed CT scans/nCT/nCT288.jpg,nCT,0,288,110
/content/data/Preprocessed CT scans/nCT/nCT4034.jpg,nCT,0,4034,244
/content/data/Preprocessed CT scans/nCT/nCT1783.jpg,nCT,0,1783,186
/content/data/Preprocessed CT scans/nCT/nCT923.jpg,nCT,0,923,120
/content/data/Preprocessed CT scans/nCT/nCT6109.jpg,nCT,0,6109,195
/content/data/Preprocessed CT scans/nCT/nCT8431.jpg,nCT,0,8431,70
/content/data/Preprocessed CT scans/nCT/nCT632.jpg,nCT,0,632,115
/content/data/Preprocessed CT scans/nCT/nCT3992.jpg,nCT,0,3992,271
/content/data/Preprocessed CT scans/nCT/nCT937.jpg,nCT,0,937,60
/content/data/Preprocessed CT scans/nCT/nCT119.jpg,nCT,0,119,208
/content/data/Preprocessed CT scans/nCT/nCT1937.jpg,nCT,0,1937,62
/content/data/Preprocessed CT scans/nCT/nCT5656.jpg,nCT,0,5656,229
/content/data/Preprocessed CT scans/nCT/nCT6744.jpg,nCT,0,6744,230
/content/data/Preprocessed CT scans/nCT/nCT5162.jpg,nCT,0,5162,204
/content/data/Preprocessed CT scans/nCT/nCT1756.jpg,nCT,0,1756,208
/content/data/Preprocessed CT scans/nCT/nCT38.jpg,nCT,0,38,275
/content/data/Preprocessed CT scans/nCT/nCT5547.jpg,nCT,0,5547,250
/content/data/Preprocessed CT scans/nCT/nCT2075.jpg,nCT,0,2075,14
/content/data/Preprocessed CT scans/nCT/nCT7214.jpg,nCT,0,7214,204
/content/data/Preprocessed CT scans/nCT/nCT786.jpg,nCT,0,786,301
/content/data/Preprocessed CT scans/nCT/nCT2109.jpg,nCT,0,2109,144
/content/data/Preprocessed CT scans/nCT/nCT7844.jpg,nCT,0,7844,391
/content/data/Preprocessed CT scans/nCT/nCT9720.jpg,nCT,0,9720,192
/content/data/Preprocessed CT scans/nCT/nCT8756.jpg,nCT,0,8756,188
/content/data/Preprocessed CT scans/nCT/nCT3463.jpg,nCT,0,3463,300
/content/data/Preprocessed CT scans/nCT/nCT2973.jpg,nCT,0,2973,197
/content/data/Preprocessed CT scans/nCT/nCT4459.jpg,nCT,0,4459,277
/content/data/Preprocessed CT scans/nCT/nCT6036.jpg,nCT,0,6036,156
/content/data/Preprocessed CT scans/nCT/nCT749.jpg,nCT,0,749,58
/content/data/Preprocessed CT scans/nCT/nCT2056.jpg,nCT,0,2056,143
/content/data/Preprocessed CT scans/nCT/nCT7864.jpg,nCT,0,7864,41
/content/data/Preprocessed CT scans/nCT/nCT3466.jpg,nCT,0,3466,209
/content/data/Preprocessed CT scans/nCT/nCT3912.jpg,nCT,0,3912,56
/content/data/Preprocessed CT scans/nCT/nCT2673.jpg,nCT,0,2673,206
/content/data/Preprocessed CT scans/nCT/nCT4566.jpg,nCT,0,4566,22
/content/data/Preprocessed CT scans/nCT/nCT4858.jpg,nCT,0,4858,335
/content/data/Preprocessed CT scans/nCT/nCT3964.jpg,nCT,0,3964,91
/content/data/Preprocessed CT scans/nCT/nCT3822.jpg,nCT,0,3822,276
/content/data/Preprocessed CT scans/nCT/nCT2803.jpg,nCT,0,2803,93
/content/data/Preprocessed CT scans/nCT/nCT7218.jpg,nCT,0,7218,167
/content/data/Preprocessed CT scans/nCT/nCT6982.jpg,nCT,0,6982,346
/content/data/Preprocessed CT scans/nCT/nCT8673.jpg,nCT,0,8673,121
/content/data/Preprocessed CT scans/nCT/nCT6498.jpg,nCT,0,6498,22
/content/data/Preprocessed CT scans/nCT/nCT113.jpg,nCT,0,113,108
/content/data/Preprocessed CT scans/nCT/nCT4555.jpg,nCT,0,4555,272
/content/data/Preprocessed CT scans/nCT/nCT34.jpg,nCT,0,34,231
/content/data/Preprocessed CT scans/nCT/nCT6927.jpg,nCT,0,6927,56
/content/data/Preprocessed CT scans/nCT/nCT3668.jpg,nCT,0,3668,120
/content/data/Preprocessed CT scans/nCT/nCT3291.jpg,nCT,0,3291,277
/content/data/Preprocessed CT scans/nCT/nCT6651.jpg,nCT,0,6651,308
/content/data/Preprocessed CT scans/nCT/nCT6128.jpg,nCT,0,6128,233
/content/data/Preprocessed CT scans/nCT/nCT8663.jpg,nCT,0,8663,121
/content/data/Preprocessed CT scans/nCT/nCT4274.jpg,nCT,0,4274,98
/content/data/Preprocessed CT scans/nCT/nCT2367.jpg,nCT,0,2367,206
/content/data/Preprocessed CT scans/nCT/nCT607.jpg,nCT,0,607,56
/content/data/Preprocessed CT scans/nCT/nCT6876.jpg,nCT,0,6876,105
/content/data/Preprocessed CT scans/nCT/nCT867.jpg,nCT,0,867,193
/content/data/Preprocessed CT scans/nCT/nCT909.jpg,nCT,0,909,261
/content/data/Preprocessed CT scans/nCT/nCT1830.jpg,nCT,0,1830,40
/content/data/Preprocessed CT scans/nCT/nCT1983.jpg,nCT,0,1983,323
/content/data/Preprocessed CT scans/nCT/nCT2396.jpg,nCT,0,2396,341
/content/data/Preprocessed CT scans/nCT/nCT8292.jpg,nCT,0,8292,28
/content/data/Preprocessed CT scans/nCT/nCT8845.jpg,nCT,0,8845,135
/content/data/Preprocessed CT scans/nCT/nCT5246.jpg,nCT,0,5246,236
/content/data/Preprocessed CT scans/nCT/nCT3961.jpg,nCT,0,3961,13
/content/data/Preprocessed CT scans/nCT/nCT1677.jpg,nCT,0,1677,120
/content/data/Preprocessed CT scans/nCT/nCT1090.jpg,nCT,0,1090,214
/content/data/Preprocessed CT scans/nCT/nCT9126.jpg,nCT,0,9126,247
/content/data/Preprocessed CT scans/nCT/nCT2558.jpg,nCT,0,2558,4
/content/data/Preprocessed CT scans/nCT/nCT4920.jpg,nCT,0,4920,42
/content/data/Preprocessed CT scans/nCT/nCT7960.jpg,nCT,0,7960,242
/content/data/Preprocessed CT scans/nCT/nCT5232.jpg,nCT,0,5232,209
/content/data/Preprocessed CT scans/nCT/nCT3843.jpg,nCT,0,3843,13
/content/data/Preprocessed CT scans/nCT/nCT1718.jpg,nCT,0,1718,335
/content/data/Preprocessed CT scans/nCT/nCT3698.jpg,nCT,0,3698,197
/content/data/Preprocessed CT scans/nCT/nCT6635.jpg,nCT,0,6635,360
/content/data/Preprocessed CT scans/nCT/nCT6033.jpg,nCT,0,6033,102
/content/data/Preprocessed CT scans/nCT/nCT4570.jpg,nCT,0,4570,261
/content/data/Preprocessed CT scans/nCT/nCT591.jpg,nCT,0,591,129
/content/data/Preprocessed CT scans/nCT/nCT7163.jpg,nCT,0,7163,252
/content/data/Preprocessed CT scans/nCT/nCT5291.jpg,nCT,0,5291,300
/content/data/Preprocessed CT scans/nCT/nCT1895.jpg,nCT,0,1895,136
/content/data/Preprocessed CT scans/nCT/nCT9725.jpg,nCT,0,9725,192
/content/data/Preprocessed CT scans/nCT/nCT9849.jpg,nCT,0,9849,267
/content/data/Preprocessed CT scans/nCT/nCT8287.jpg,nCT,0,8287,28
/content/data/Preprocessed CT scans/nCT/nCT203.jpg,nCT,0,203,249
/content/data/Preprocessed CT scans/nCT/nCT8618.jpg,nCT,0,8618,19
/content/data/Preprocessed CT scans/nCT/nCT6266.jpg,nCT,0,6266,235
/content/data/Preprocessed CT scans/nCT/nCT8249.jpg,nCT,0,8249,41
/content/data/Preprocessed CT scans/nCT/nCT3155.jpg,nCT,0,3155,60
/content/data/Preprocessed CT scans/nCT/nCT9039.jpg,nCT,0,9039,256
/content/data/Preprocessed CT scans/nCT/nCT4492.jpg,nCT,0,4492,272
/content/data/Preprocessed CT scans/nCT/nCT7086.jpg,nCT,0,7086,167
/content/data/Preprocessed CT scans/nCT/nCT150.jpg,nCT,0,150,108
/content/data/Preprocessed CT scans/nCT/nCT8355.jpg,nCT,0,8355,137
/content/data/Preprocessed CT scans/nCT/nCT4318.jpg,nCT,0,4318,329
/content/data/Preprocessed CT scans/nCT/nCT9796.jpg,nCT,0,9796,188
/content/data/Preprocessed CT scans/nCT/nCT486.jpg,nCT,0,486,91
/content/data/Preprocessed CT scans/nCT/nCT626.jpg,nCT,0,626,145
/content/data/Preprocessed CT scans/nCT/nCT3114.jpg,nCT,0,3114,96
/content/data/Preprocessed CT scans/nCT/nCT3400.jpg,nCT,0,3400,96
/content/data/Preprocessed CT scans/nCT/nCT4024.jpg,nCT,0,4024,235
/content/data/Preprocessed CT scans/nCT/nCT5375.jpg,nCT,0,5375,195
/content/data/Preprocessed CT scans/nCT/nCT2270.jpg,nCT,0,2270,252
/content/data/Preprocessed CT scans/nCT/nCT7787.jpg,nCT,0,7787,149
/content/data/Preprocessed CT scans/nCT/nCT8941.jpg,nCT,0,8941,78
/content/data/Preprocessed CT scans/nCT/nCT1471.jpg,nCT,0,1471,275
/content/data/Preprocessed CT scans/nCT/nCT8660.jpg,nCT,0,8660,121
/content/data/Preprocessed CT scans/nCT/nCT8306.jpg,nCT,0,8306,28
/content/data/Preprocessed CT scans/nCT/nCT5765.jpg,nCT,0,5765,47
/content/data/Preprocessed CT scans/nCT/nCT6134.jpg,nCT,0,6134,102
/content/data/Preprocessed CT scans/nCT/nCT935.jpg,nCT,0,935,58
/content/data/Preprocessed CT scans/nCT/nCT2327.jpg,nCT,0,2327,206
/content/data/Preprocessed CT scans/nCT/nCT2206.jpg,nCT,0,2206,141
/content/data/Preprocessed CT scans/nCT/nCT6658.jpg,nCT,0,6658,291
/content/data/Preprocessed CT scans/nCT/nCT5384.jpg,nCT,0,5384,98
/content/data/Preprocessed CT scans/nCT/nCT820.jpg,nCT,0,820,234
/content/data/Preprocessed CT scans/nCT/nCT2865.jpg,nCT,0,2865,277
/content/data/Preprocessed CT scans/nCT/nCT2089.jpg,nCT,0,2089,331
/content/data/Preprocessed CT scans/nCT/nCT1375.jpg,nCT,0,1375,331
/content/data/Preprocessed CT scans/nCT/nCT2544.jpg,nCT,0,2544,347
/content/data/Preprocessed CT scans/nCT/nCT6233.jpg,nCT,0,6233,282
/content/data/Preprocessed CT scans/nCT/nCT480.jpg,nCT,0,480,293
/content/data/Preprocessed CT scans/nCT/nCT9112.jpg,nCT,0,9112,247
/content/data/Preprocessed CT scans/nCT/nCT6934.jpg,nCT,0,6934,217
/content/data/Preprocessed CT scans/nCT/nCT4784.jpg,nCT,0,4784,100
/content/data/Preprocessed CT scans/nCT/nCT5028.jpg,nCT,0,5028,236
/content/data/Preprocessed CT scans/nCT/nCT8871.jpg,nCT,0,8871,150
/content/data/Preprocessed CT scans/nCT/nCT3568.jpg,nCT,0,3568,284
/content/data/Preprocessed CT scans/nCT/nCT4268.jpg,nCT,0,4268,386
/content/data/Preprocessed CT scans/nCT/nCT6274.jpg,nCT,0,6274,233
/content/data/Preprocessed CT scans/nCT/nCT2825.jpg,nCT,0,2825,68
/content/data/Preprocessed CT scans/nCT/nCT6628.jpg,nCT,0,6628,333
/content/data/Preprocessed CT scans/nCT/nCT3536.jpg,nCT,0,3536,34
/content/data/Preprocessed CT scans/nCT/nCT5707.jpg,nCT,0,5707,229
/content/data/Preprocessed CT scans/nCT/nCT1180.jpg,nCT,0,1180,186
/content/data/Preprocessed CT scans/nCT/nCT8185.jpg,nCT,0,8185,30
/content/data/Preprocessed CT scans/nCT/nCT8708.jpg,nCT,0,8708,255
/content/data/Preprocessed CT scans/nCT/nCT8747.jpg,nCT,0,8747,361
/content/data/Preprocessed CT scans/nCT/nCT4259.jpg,nCT,0,4259,250
/content/data/Preprocessed CT scans/nCT/nCT1051.jpg,nCT,0,1051,234
/content/data/Preprocessed CT scans/nCT/nCT7733.jpg,nCT,0,7733,160
/content/data/Preprocessed CT scans/nCT/nCT5141.jpg,nCT,0,5141,105
/content/data/Preprocessed CT scans/nCT/nCT8027.jpg,nCT,0,8027,92
/content/data/Preprocessed CT scans/nCT/nCT8965.jpg,nCT,0,8965,222
/content/data/Preprocessed CT scans/nCT/nCT8101.jpg,nCT,0,8101,274
/content/data/Preprocessed CT scans/nCT/nCT8711.jpg,nCT,0,8711,255
/content/data/Preprocessed CT scans/nCT/nCT1816.jpg,nCT,0,1816,143
/content/data/Preprocessed CT scans/nCT/nCT8295.jpg,nCT,0,8295,28
/content/data/Preprocessed CT scans/nCT/nCT3941.jpg,nCT,0,3941,195
/content/data/Preprocessed CT scans/nCT/nCT2422.jpg,nCT,0,2422,347
/content/data/Preprocessed CT scans/nCT/nCT8972.jpg,nCT,0,8972,222
/content/data/Preprocessed CT scans/nCT/nCT792.jpg,nCT,0,792,45
/content/data/Preprocessed CT scans/nCT/nCT2693.jpg,nCT,0,2693,206
/content/data/Preprocessed CT scans/nCT/nCT286.jpg,nCT,0,286,145
/content/data/Preprocessed CT scans/nCT/nCT9082.jpg,nCT,0,9082,19
/content/data/Preprocessed CT scans/nCT/nCT9101.jpg,nCT,0,9101,373
/content/data/Preprocessed CT scans/nCT/nCT7104.jpg,nCT,0,7104,60
/content/data/Preprocessed CT scans/nCT/nCT1193.jpg,nCT,0,1193,208
/content/data/Preprocessed CT scans/nCT/nCT5773.jpg,nCT,0,5773,399
/content/data/Preprocessed CT scans/nCT/nCT9198.jpg,nCT,0,9198,91
/content/data/Preprocessed CT scans/nCT/nCT8433.jpg,nCT,0,8433,70
/content/data/Preprocessed CT scans/nCT/nCT7706.jpg,nCT,0,7706,151
/content/data/Preprocessed CT scans/nCT/nCT9327.jpg,nCT,0,9327,389
/content/data/Preprocessed CT scans/nCT/nCT5551.jpg,nCT,0,5551,229
/content/data/Preprocessed CT scans/nCT/nCT7079.jpg,nCT,0,7079,252
/content/data/Preprocessed CT scans/nCT/nCT381.jpg,nCT,0,381,316
/content/data/Preprocessed CT scans/nCT/nCT3120.jpg,nCT,0,3120,96
/content/data/Preprocessed CT scans/nCT/nCT6878.jpg,nCT,0,6878,308
/content/data/Preprocessed CT scans/nCT/nCT9124.jpg,nCT,0,9124,247
/content/data/Preprocessed CT scans/nCT/nCT1029.jpg,nCT,0,1029,320
/content/data/Preprocessed CT scans/nCT/nCT6407.jpg,nCT,0,6407,276
/content/data/Preprocessed CT scans/nCT/nCT5128.jpg,nCT,0,5128,165
/content/data/Preprocessed CT scans/nCT/nCT4267.jpg,nCT,0,4267,47
/content/data/Preprocessed CT scans/nCT/nCT2118.jpg,nCT,0,2118,144
/content/data/Preprocessed CT scans/nCT/nCT2259.jpg,nCT,0,2259,269
/content/data/Preprocessed CT scans/nCT/nCT4629.jpg,nCT,0,4629,233
/content/data/Preprocessed CT scans/nCT/nCT1155.jpg,nCT,0,1155,186
/content/data/Preprocessed CT scans/nCT/nCT1273.jpg,nCT,0,1273,193
/content/data/Preprocessed CT scans/nCT/nCT5032.jpg,nCT,0,5032,42
/content/data/Preprocessed CT scans/nCT/nCT3356.jpg,nCT,0,3356,355
/content/data/Preprocessed CT scans/nCT/nCT8332.jpg,nCT,0,8332,164
/content/data/Preprocessed CT scans/nCT/nCT1865.jpg,nCT,0,1865,216
/content/data/Preprocessed CT scans/nCT/nCT4305.jpg,nCT,0,4305,305
/content/data/Preprocessed CT scans/nCT/nCT6222.jpg,nCT,0,6222,142
/content/data/Preprocessed CT scans/nCT/nCT7272.jpg,nCT,0,7272,108
/content/data/Preprocessed CT scans/nCT/nCT2962.jpg,nCT,0,2962,276
/content/data/Preprocessed CT scans/nCT/nCT1804.jpg,nCT,0,1804,234
/content/data/Preprocessed CT scans/nCT/nCT6976.jpg,nCT,0,6976,293
/content/data/Preprocessed CT scans/nCT/nCT1850.jpg,nCT,0,1850,143
/content/data/Preprocessed CT scans/nCT/nCT8411.jpg,nCT,0,8411,92
/content/data/Preprocessed CT scans/nCT/nCT4345.jpg,nCT,0,4345,316
/content/data/Preprocessed CT scans/nCT/nCT5463.jpg,nCT,0,5463,167
/content/data/Preprocessed CT scans/nCT/nCT7321.jpg,nCT,0,7321,318
/content/data/Preprocessed CT scans/nCT/nCT1684.jpg,nCT,0,1684,367
/content/data/Preprocessed CT scans/nCT/nCT5952.jpg,nCT,0,5952,217
/content/data/Preprocessed CT scans/nCT/nCT8011.jpg,nCT,0,8011,242
/content/data/Preprocessed CT scans/nCT/nCT6209.jpg,nCT,0,6209,45
/content/data/Preprocessed CT scans/nCT/nCT2828.jpg,nCT,0,2828,399
/content/data/Preprocessed CT scans/nCT/nCT4764.jpg,nCT,0,4764,272
/content/data/Preprocessed CT scans/nCT/nCT1233.jpg,nCT,0,1233,249
/content/data/Preprocessed CT scans/nCT/nCT5559.jpg,nCT,0,5559,355
/content/data/Preprocessed CT scans/nCT/nCT1833.jpg,nCT,0,1833,186
/content/data/Preprocessed CT scans/nCT/nCT4827.jpg,nCT,0,4827,390
/content/data/Preprocessed CT scans/nCT/nCT5920.jpg,nCT,0,5920,229
/content/data/Preprocessed CT scans/nCT/nCT1079.jpg,nCT,0,1079,234
/content/data/Preprocessed CT scans/nCT/nCT1499.jpg,nCT,0,1499,45
/content/data/Preprocessed CT scans/nCT/nCT1716.jpg,nCT,0,1716,230
/content/data/Preprocessed CT scans/nCT/nCT2714.jpg,nCT,0,2714,93
/content/data/Preprocessed CT scans/nCT/nCT3809.jpg,nCT,0,3809,100
/content/data/Preprocessed CT scans/nCT/nCT4284.jpg,nCT,0,4284,101
/content/data/Preprocessed CT scans/nCT/nCT2140.jpg,nCT,0,2140,252
/content/data/Preprocessed CT scans/nCT/nCT5986.jpg,nCT,0,5986,156
/content/data/Preprocessed CT scans/nCT/nCT6399.jpg,nCT,0,6399,9
/content/data/Preprocessed CT scans/nCT/nCT7201.jpg,nCT,0,7201,75
/content/data/Preprocessed CT scans/nCT/nCT8322.jpg,nCT,0,8322,164
/content/data/Preprocessed CT scans/nCT/nCT2790.jpg,nCT,0,2790,25
/content/data/Preprocessed CT scans/nCT/nCT1294.jpg,nCT,0,1294,335
/content/data/Preprocessed CT scans/nCT/nCT8701.jpg,nCT,0,8701,255
/content/data/Preprocessed CT scans/nCT/nCT5412.jpg,nCT,0,5412,105
/content/data/Preprocessed CT scans/nCT/nCT9869.jpg,nCT,0,9869,387
/content/data/Preprocessed CT scans/nCT/nCT2398.jpg,nCT,0,2398,347
/content/data/Preprocessed CT scans/nCT/nCT4872.jpg,nCT,0,4872,80
/content/data/Preprocessed CT scans/nCT/nCT1973.jpg,nCT,0,1973,323
/content/data/Preprocessed CT scans/nCT/nCT5780.jpg,nCT,0,5780,236
/content/data/Preprocessed CT scans/nCT/nCT1647.jpg,nCT,0,1647,143
/content/data/Preprocessed CT scans/nCT/nCT1017.jpg,nCT,0,1017,56
/content/data/Preprocessed CT scans/nCT/nCT9254.jpg,nCT,0,9254,61
/content/data/Preprocessed CT scans/nCT/nCT4831.jpg,nCT,0,4831,91
/content/data/Preprocessed CT scans/nCT/nCT7598.jpg,nCT,0,7598,204
/content/data/Preprocessed CT scans/nCT/nCT9356.jpg,nCT,0,9356,179
/content/data/Preprocessed CT scans/nCT/nCT6913.jpg,nCT,0,6913,240
/content/data/Preprocessed CT scans/nCT/nCT407.jpg,nCT,0,407,119
/content/data/Preprocessed CT scans/nCT/nCT2290.jpg,nCT,0,2290,341
/content/data/Preprocessed CT scans/nCT/nCT461.jpg,nCT,0,461,145
/content/data/Preprocessed CT scans/nCT/nCT6756.jpg,nCT,0,6756,47
/content/data/Preprocessed CT scans/nCT/nCT3486.jpg,nCT,0,3486,120
/content/data/Preprocessed CT scans/nCT/nCT4025.jpg,nCT,0,4025,233
/content/data/Preprocessed CT scans/nCT/nCT938.jpg,nCT,0,938,301
/content/data/Preprocessed CT scans/nCT/nCT4896.jpg,nCT,0,4896,233
/content/data/Preprocessed CT scans/nCT/nCT1573.jpg,nCT,0,1573,233
/content/data/Preprocessed CT scans/nCT/nCT6995.jpg,nCT,0,6995,235
/content/data/Preprocessed CT scans/nCT/nCT9549.jpg,nCT,0,9549,11
/content/data/Preprocessed CT scans/nCT/nCT1736.jpg,nCT,0,1736,230
/content/data/Preprocessed CT scans/nCT/nCT6474.jpg,nCT,0,6474,230
/content/data/Preprocessed CT scans/nCT/nCT2366.jpg,nCT,0,2366,341
/content/data/Preprocessed CT scans/nCT/nCT6125.jpg,nCT,0,6125,142
/content/data/Preprocessed CT scans/nCT/nCT7089.jpg,nCT,0,7089,96
/content/data/Preprocessed CT scans/nCT/nCT8901.jpg,nCT,0,8901,373
/content/data/Preprocessed CT scans/nCT/nCT2209.jpg,nCT,0,2209,269
/content/data/Preprocessed CT scans/nCT/nCT2229.jpg,nCT,0,2229,269
/content/data/Preprocessed CT scans/nCT/nCT5038.jpg,nCT,0,5038,172
/content/data/Preprocessed CT scans/nCT/nCT2499.jpg,nCT,0,2499,347
/content/data/Preprocessed CT scans/nCT/nCT2927.jpg,nCT,0,2927,305
/content/data/Preprocessed CT scans/nCT/nCT7527.jpg,nCT,0,7527,331
/content/data/Preprocessed CT scans/nCT/nCT1116.jpg,nCT,0,1116,165
/content/data/Preprocessed CT scans/nCT/nCT8262.jpg,nCT,0,8262,41
/content/data/Preprocessed CT scans/nCT/nCT5662.jpg,nCT,0,5662,386
/content/data/Preprocessed CT scans/nCT/nCT2335.jpg,nCT,0,2335,282
/content/data/Preprocessed CT scans/nCT/nCT5885.jpg,nCT,0,5885,236
/content/data/Preprocessed CT scans/nCT/nCT808.jpg,nCT,0,808,72
/content/data/Preprocessed CT scans/nCT/nCT628.jpg,nCT,0,628,23
/content/data/Preprocessed CT scans/nCT/nCT5786.jpg,nCT,0,5786,47
/content/data/Preprocessed CT scans/nCT/nCT4090.jpg,nCT,0,4090,174
/content/data/Preprocessed CT scans/nCT/nCT4885.jpg,nCT,0,4885,96
/content/data/Preprocessed CT scans/nCT/nCT7371.jpg,nCT,0,7371,318
/content/data/Preprocessed CT scans/nCT/nCT6701.jpg,nCT,0,6701,293
/content/data/Preprocessed CT scans/nCT/nCT9535.jpg,nCT,0,9535,11
/content/data/Preprocessed CT scans/nCT/nCT5690.jpg,nCT,0,5690,224
/content/data/Preprocessed CT scans/nCT/nCT7245.jpg,nCT,0,7245,339
/content/data/Preprocessed CT scans/nCT/nCT559.jpg,nCT,0,559,34
/content/data/Preprocessed CT scans/nCT/nCT6260.jpg,nCT,0,6260,230
/content/data/Preprocessed CT scans/nCT/nCT2292.jpg,nCT,0,2292,81
/content/data/Preprocessed CT scans/nCT/nCT181.jpg,nCT,0,181,231
/content/data/Preprocessed CT scans/nCT/nCT3118.jpg,nCT,0,3118,329
/content/data/Preprocessed CT scans/nCT/nCT3434.jpg,nCT,0,3434,112
/content/data/Preprocessed CT scans/nCT/nCT9656.jpg,nCT,0,9656,241
/content/data/Preprocessed CT scans/nCT/nCT5223.jpg,nCT,0,5223,229
/content/data/Preprocessed CT scans/nCT/nCT9679.jpg,nCT,0,9679,243
/content/data/Preprocessed CT scans/nCT/nCT250.jpg,nCT,0,250,217
/content/data/Preprocessed CT scans/nCT/nCT6147.jpg,nCT,0,6147,208
/content/data/Preprocessed CT scans/nCT/nCT1434.jpg,nCT,0,1434,208
/content/data/Preprocessed CT scans/nCT/nCT6534.jpg,nCT,0,6534,9
/content/data/Preprocessed CT scans/nCT/nCT1714.jpg,nCT,0,1714,120
/content/data/Preprocessed CT scans/nCT/nCT5035.jpg,nCT,0,5035,231
/content/data/Preprocessed CT scans/nCT/nCT1379.jpg,nCT,0,1379,249
/content/data/Preprocessed CT scans/nCT/nCT8084.jpg,nCT,0,8084,88
/content/data/Preprocessed CT scans/nCT/nCT3550.jpg,nCT,0,3550,291
/content/data/Preprocessed CT scans/nCT/nCT3321.jpg,nCT,0,3321,60
/content/data/Preprocessed CT scans/nCT/nCT1975.jpg,nCT,0,1975,136
/content/data/Preprocessed CT scans/nCT/nCT4008.jpg,nCT,0,4008,100
/content/data/Preprocessed CT scans/nCT/nCT9854.jpg,nCT,0,9854,387
/content/data/Preprocessed CT scans/nCT/nCT5874.jpg,nCT,0,5874,133
/content/data/Preprocessed CT scans/nCT/nCT1899.jpg,nCT,0,1899,144
/content/data/Preprocessed CT scans/nCT/nCT8933.jpg,nCT,0,8933,247
/content/data/Preprocessed CT scans/nCT/nCT9915.jpg,nCT,0,9915,78
/content/data/Preprocessed CT scans/nCT/nCT5077.jpg,nCT,0,5077,119
/content/data/Preprocessed CT scans/nCT/nCT6539.jpg,nCT,0,6539,24
/content/data/Preprocessed CT scans/nCT/nCT1036.jpg,nCT,0,1036,335
/content/data/Preprocessed CT scans/nCT/nCT5333.jpg,nCT,0,5333,229
/content/data/Preprocessed CT scans/nCT/nCT4976.jpg,nCT,0,4976,42
/content/data/Preprocessed CT scans/nCT/nCT9400.jpg,nCT,0,9400,65
/content/data/Preprocessed CT scans/nCT/nCT107.jpg,nCT,0,107,275
/content/data/Preprocessed CT scans/nCT/nCT7435.jpg,nCT,0,7435,298
/content/data/Preprocessed CT scans/nCT/nCT355.jpg,nCT,0,355,129
/content/data/Preprocessed CT scans/nCT/nCT4506.jpg,nCT,0,4506,91
/content/data/Preprocessed CT scans/nCT/nCT7975.jpg,nCT,0,7975,253
/content/data/Preprocessed CT scans/nCT/nCT9752.jpg,nCT,0,9752,286
/content/data/Preprocessed CT scans/nCT/nCT6829.jpg,nCT,0,6829,156
/content/data/Preprocessed CT scans/nCT/nCT1341.jpg,nCT,0,1341,304
/content/data/Preprocessed CT scans/nCT/nCT5549.jpg,nCT,0,5549,96
/content/data/Preprocessed CT scans/nCT/nCT5056.jpg,nCT,0,5056,333
/content/data/Preprocessed CT scans/nCT/nCT3044.jpg,nCT,0,3044,60
/content/data/Preprocessed CT scans/nCT/nCT4223.jpg,nCT,0,4223,360
/content/data/Preprocessed CT scans/nCT/nCT7339.jpg,nCT,0,7339,27
/content/data/Preprocessed CT scans/nCT/nCT3686.jpg,nCT,0,3686,108
/content/data/Preprocessed CT scans/nCT/nCT7161.jpg,nCT,0,7161,390
/content/data/Preprocessed CT scans/nCT/nCT4333.jpg,nCT,0,4333,277
/content/data/Preprocessed CT scans/nCT/nCT9541.jpg,nCT,0,9541,11
/content/data/Preprocessed CT scans/nCT/nCT6969.jpg,nCT,0,6969,308
/content/data/Preprocessed CT scans/nCT/nCT9362.jpg,nCT,0,9362,179
/content/data/Preprocessed CT scans/nCT/nCT4184.jpg,nCT,0,4184,208
/content/data/Preprocessed CT scans/nCT/nCT3506.jpg,nCT,0,3506,108
/content/data/Preprocessed CT scans/nCT/nCT7708.jpg,nCT,0,7708,151
/content/data/Preprocessed CT scans/nCT/nCT2856.jpg,nCT,0,2856,91
/content/data/Preprocessed CT scans/nCT/nCT1164.jpg,nCT,0,1164,254
/content/data/Preprocessed CT scans/nCT/nCT7398.jpg,nCT,0,7398,91
/content/data/Preprocessed CT scans/nCT/nCT701.jpg,nCT,0,701,101
/content/data/Preprocessed CT scans/nCT/nCT5675.jpg,nCT,0,5675,197
/content/data/Preprocessed CT scans/nCT/nCT3019.jpg,nCT,0,3019,60
/content/data/Preprocessed CT scans/nCT/nCT7238.jpg,nCT,0,7238,316
/content/data/Preprocessed CT scans/nCT/nCT300.jpg,nCT,0,300,162
/content/data/Preprocessed CT scans/nCT/nCT6116.jpg,nCT,0,6116,112
/content/data/Preprocessed CT scans/nCT/nCT8154.jpg,nCT,0,8154,190
/content/data/Preprocessed CT scans/nCT/nCT4430.jpg,nCT,0,4430,80
/content/data/Preprocessed CT scans/nCT/nCT7053.jpg,nCT,0,7053,6
/content/data/Preprocessed CT scans/nCT/nCT4996.jpg,nCT,0,4996,246
/content/data/Preprocessed CT scans/nCT/nCT2049.jpg,nCT,0,2049,323
/content/data/Preprocessed CT scans/nCT/nCT9881.jpg,nCT,0,9881,247
/content/data/Preprocessed CT scans/nCT/nCT6129.jpg,nCT,0,6129,252
/content/data/Preprocessed CT scans/nCT/nCT1851.jpg,nCT,0,1851,62
/content/data/Preprocessed CT scans/nCT/nCT8684.jpg,nCT,0,8684,188
/content/data/Preprocessed CT scans/nCT/nCT2260.jpg,nCT,0,2260,252
/content/data/Preprocessed CT scans/nCT/nCT6181.jpg,nCT,0,6181,304
/content/data/Preprocessed CT scans/nCT/nCT8051.jpg,nCT,0,8051,182
/content/data/Preprocessed CT scans/nCT/nCT1728.jpg,nCT,0,1728,230
/content/data/Preprocessed CT scans/nCT/nCT7777.jpg,nCT,0,7777,149
/content/data/Preprocessed CT scans/nCT/nCT2694.jpg,nCT,0,2694,206
/content/data/Preprocessed CT scans/nCT/nCT5239.jpg,nCT,0,5239,102
/content/data/Preprocessed CT scans/nCT/nCT9938.jpg,nCT,0,9938,222
/content/data/Preprocessed CT scans/nCT/nCT5454.jpg,nCT,0,5454,208
/content/data/Preprocessed CT scans/nCT/nCT2952.jpg,nCT,0,2952,339
/content/data/Preprocessed CT scans/nCT/nCT5997.jpg,nCT,0,5997,21
/content/data/Preprocessed CT scans/nCT/nCT1028.jpg,nCT,0,1028,93
/content/data/Preprocessed CT scans/nCT/nCT6738.jpg,nCT,0,6738,209
/content/data/Preprocessed CT scans/nCT/nCT1552.jpg,nCT,0,1552,26
/content/data/Preprocessed CT scans/nCT/nCT6592.jpg,nCT,0,6592,199
/content/data/Preprocessed CT scans/nCT/nCT4919.jpg,nCT,0,4919,173
/content/data/Preprocessed CT scans/nCT/nCT6100.jpg,nCT,0,6100,293
/content/data/Preprocessed CT scans/nCT/nCT2312.jpg,nCT,0,2312,81
/content/data/Preprocessed CT scans/nCT/nCT6552.jpg,nCT,0,6552,102
/content/data/Preprocessed CT scans/nCT/nCT3064.jpg,nCT,0,3064,339
/content/data/Preprocessed CT scans/nCT/nCT6615.jpg,nCT,0,6615,217
/content/data/Preprocessed CT scans/nCT/nCT3619.jpg,nCT,0,3619,275
/content/data/Preprocessed CT scans/nCT/nCT5206.jpg,nCT,0,5206,109
/content/data/Preprocessed CT scans/nCT/nCT2824.jpg,nCT,0,2824,275
/content/data/Preprocessed CT scans/nCT/nCT4951.jpg,nCT,0,4951,346
/content/data/Preprocessed CT scans/nCT/nCT6579.jpg,nCT,0,6579,9
/content/data/Preprocessed CT scans/nCT/nCT5501.jpg,nCT,0,5501,95
/content/data/Preprocessed CT scans/nCT/nCT3764.jpg,nCT,0,3764,276
/content/data/Preprocessed CT scans/nCT/nCT8407.jpg,nCT,0,8407,92
/content/data/Preprocessed CT scans/nCT/nCT2376.jpg,nCT,0,2376,341
/content/data/Preprocessed CT scans/nCT/nCT4958.jpg,nCT,0,4958,13
/content/data/Preprocessed CT scans/nCT/nCT1021.jpg,nCT,0,1021,58
/content/data/Preprocessed CT scans/nCT/nCT6598.jpg,nCT,0,6598,156
/content/data/Preprocessed CT scans/nCT/nCT8587.jpg,nCT,0,8587,255
/content/data/Preprocessed CT scans/nCT/nCT5230.jpg,nCT,0,5230,386
/content/data/Preprocessed CT scans/nCT/nCT3950.jpg,nCT,0,3950,96
/content/data/Preprocessed CT scans/nCT/nCT1447.jpg,nCT,0,1447,275
/content/data/Preprocessed CT scans/nCT/nCT1693.jpg,nCT,0,1693,14
/content/data/Preprocessed CT scans/nCT/nCT7244.jpg,nCT,0,7244,13
/content/data/Preprocessed CT scans/nCT/nCT6187.jpg,nCT,0,6187,156
/content/data/Preprocessed CT scans/nCT/nCT4559.jpg,nCT,0,4559,197
/content/data/Preprocessed CT scans/nCT/nCT5732.jpg,nCT,0,5732,162
/content/data/Preprocessed CT scans/nCT/nCT4186.jpg,nCT,0,4186,58
/content/data/Preprocessed CT scans/nCT/nCT2780.jpg,nCT,0,2780,75
/content/data/Preprocessed CT scans/nCT/nCT8728.jpg,nCT,0,8728,19
/content/data/Preprocessed CT scans/nCT/nCT864.jpg,nCT,0,864,335
/content/data/Preprocessed CT scans/nCT/nCT5112.jpg,nCT,0,5112,333
/content/data/Preprocessed CT scans/nCT/nCT5527.jpg,nCT,0,5527,165
/content/data/Preprocessed CT scans/nCT/nCT8727.jpg,nCT,0,8727,19
/content/data/Preprocessed CT scans/nCT/nCT9705.jpg,nCT,0,9705,267
/content/data/Preprocessed CT scans/nCT/nCT8372.jpg,nCT,0,8372,137
/content/data/Preprocessed CT scans/nCT/nCT704.jpg,nCT,0,704,72
/content/data/Preprocessed CT scans/nCT/nCT9342.jpg,nCT,0,9342,389
/content/data/Preprocessed CT scans/nCT/nCT9693.jpg,nCT,0,9693,192
/content/data/Preprocessed CT scans/nCT/nCT9848.jpg,nCT,0,9848,113
/content/data/Preprocessed CT scans/nCT/nCT2577.jpg,nCT,0,2577,347
/content/data/Preprocessed CT scans/nCT/nCT8932.jpg,nCT,0,8932,247
/content/data/Preprocessed CT scans/nCT/nCT8193.jpg,nCT,0,8193,30
/content/data/Preprocessed CT scans/nCT/nCT3523.jpg,nCT,0,3523,233
/content/data/Preprocessed CT scans/nCT/nCT5155.jpg,nCT,0,5155,2
/content/data/Preprocessed CT scans/nCT/nCT4809.jpg,nCT,0,4809,393
/content/data/Preprocessed CT scans/nCT/nCT9093.jpg,nCT,0,9093,387
/content/data/Preprocessed CT scans/nCT/nCT7808.jpg,nCT,0,7808,149
/content/data/Preprocessed CT scans/nCT/nCT1562.jpg,nCT,0,1562,268
/content/data/Preprocessed CT scans/nCT/nCT7737.jpg,nCT,0,7737,160
/content/data/Preprocessed CT scans/nCT/nCT1735.jpg,nCT,0,1735,208
/content/data/Preprocessed CT scans/nCT/nCT8704.jpg,nCT,0,8704,255
/content/data/Preprocessed CT scans/nCT/nCT8945.jpg,nCT,0,8945,78
/content/data/Preprocessed CT scans/nCT/nCT6609.jpg,nCT,0,6609,119
/content/data/Preprocessed CT scans/nCT/nCT212.jpg,nCT,0,212,145
/content/data/Preprocessed CT scans/nCT/nCT6055.jpg,nCT,0,6055,217
/content/data/Preprocessed CT scans/nCT/nCT5256.jpg,nCT,0,5256,80
